date,symbol,close,adjclose
1985-01-01,^GSPC,179.6300048828125,179.6300048828125
1985-02-01,^GSPC,181.17999267578125,181.17999267578125
1985-03-01,^GSPC,180.66000366210938,180.66000366210938
1985-04-01,^GSPC,179.8300018310547,179.8300018310547
1985-05-01,^GSPC,189.5500030517578,189.5500030517578
1985-06-01,^GSPC,191.85000610351562,191.85000610351562
1985-07-01,^GSPC,190.9199981689453,190.9199981689453
1985-08-01,^GSPC,188.6300048828125,188.6300048828125
1985-09-01,^GSPC,182.0800018310547,182.0800018310547
1985-10-01,^GSPC,189.82000732421875,189.82000732421875
1985-11-01,^GSPC,202.1699981689453,202.1699981689453
1985-12-01,^GSPC,211.27999877929688,211.27999877929688
1986-01-01,^GSPC,211.77999877929688,211.77999877929688
1986-02-01,^GSPC,226.9199981689453,226.9199981689453
1986-03-01,^GSPC,238.89999389648438,238.89999389648438
1986-04-01,^GSPC,235.52000427246094,235.52000427246094
1986-05-01,^GSPC,247.35000610351562,247.35000610351562
1986-06-01,^GSPC,250.83999633789062,250.83999633789062
1986-07-01,^GSPC,236.1199951171875,236.1199951171875
1986-08-01,^GSPC,252.92999267578125,252.92999267578125
1986-09-01,^GSPC,231.32000732421875,231.32000732421875
1986-10-01,^GSPC,243.97999572753906,243.97999572753906
1986-11-01,^GSPC,249.22000122070312,249.22000122070312
1986-12-01,^GSPC,242.1699981689453,242.1699981689453
1987-01-01,^GSPC,274.0799865722656,274.0799865722656
1987-02-01,^GSPC,284.20001220703125,284.20001220703125
1987-03-01,^GSPC,291.70001220703125,291.70001220703125
1987-04-01,^GSPC,288.3599853515625,288.3599853515625
1987-05-01,^GSPC,290.1000061035156,290.1000061035156
1987-06-01,^GSPC,304.0,304.0
1987-07-01,^GSPC,318.6600036621094,318.6600036621094
1987-08-01,^GSPC,329.79998779296875,329.79998779296875
1987-09-01,^GSPC,321.8299865722656,321.8299865722656
1987-10-01,^GSPC,251.7899932861328,251.7899932861328
1987-11-01,^GSPC,230.3000030517578,230.3000030517578
1987-12-01,^GSPC,247.0800018310547,247.0800018310547
1988-01-01,^GSPC,257.07000732421875,257.07000732421875
1988-02-01,^GSPC,267.82000732421875,267.82000732421875
1988-03-01,^GSPC,258.8900146484375,258.8900146484375
1988-04-01,^GSPC,261.3299865722656,261.3299865722656
1988-05-01,^GSPC,262.1600036621094,262.1600036621094
1988-06-01,^GSPC,273.5,273.5
1988-07-01,^GSPC,272.0199890136719,272.0199890136719
1988-08-01,^GSPC,261.5199890136719,261.5199890136719
1988-09-01,^GSPC,271.9100036621094,271.9100036621094
1988-10-01,^GSPC,278.9700012207031,278.9700012207031
1988-11-01,^GSPC,273.70001220703125,273.70001220703125
1988-12-01,^GSPC,277.7200012207031,277.7200012207031
1989-01-01,^GSPC,297.4700012207031,297.4700012207031
1989-02-01,^GSPC,288.8599853515625,288.8599853515625
1989-03-01,^GSPC,294.8699951171875,294.8699951171875
1989-04-01,^GSPC,309.6400146484375,309.6400146484375
1989-05-01,^GSPC,320.5199890136719,320.5199890136719
1989-06-01,^GSPC,317.9800109863281,317.9800109863281
1989-07-01,^GSPC,346.0799865722656,346.0799865722656
1989-08-01,^GSPC,351.45001220703125,351.45001220703125
1989-09-01,^GSPC,349.1499938964844,349.1499938964844
1989-10-01,^GSPC,340.3599853515625,340.3599853515625
1989-11-01,^GSPC,345.989990234375,345.989990234375
1989-12-01,^GSPC,353.3999938964844,353.3999938964844
1990-01-01,^GSPC,329.0799865722656,329.0799865722656
1990-02-01,^GSPC,331.8900146484375,331.8900146484375
1990-03-01,^GSPC,339.94000244140625,339.94000244140625
1990-04-01,^GSPC,330.79998779296875,330.79998779296875
1990-05-01,^GSPC,361.2300109863281,361.2300109863281
1990-06-01,^GSPC,358.0199890136719,358.0199890136719
1990-07-01,^GSPC,356.1499938964844,356.1499938964844
1990-08-01,^GSPC,322.55999755859375,322.55999755859375
1990-09-01,^GSPC,306.04998779296875,306.04998779296875
1990-10-01,^GSPC,304.0,304.0
1990-11-01,^GSPC,322.2200012207031,322.2200012207031
1990-12-01,^GSPC,330.2200012207031,330.2200012207031
1991-01-01,^GSPC,343.92999267578125,343.92999267578125
1991-02-01,^GSPC,367.07000732421875,367.07000732421875
1991-03-01,^GSPC,375.2200012207031,375.2200012207031
1991-04-01,^GSPC,375.3399963378906,375.3399963378906
1991-05-01,^GSPC,389.8299865722656,389.8299865722656
1991-06-01,^GSPC,371.1600036621094,371.1600036621094
1991-07-01,^GSPC,387.80999755859375,387.80999755859375
1991-08-01,^GSPC,395.42999267578125,395.42999267578125
1991-09-01,^GSPC,387.8599853515625,387.8599853515625
1991-10-01,^GSPC,392.45001220703125,392.45001220703125
1991-11-01,^GSPC,375.2200012207031,375.2200012207031
1991-12-01,^GSPC,417.0899963378906,417.0899963378906
1992-01-01,^GSPC,408.7799987792969,408.7799987792969
1992-02-01,^GSPC,412.70001220703125,412.70001220703125
1992-03-01,^GSPC,403.69000244140625,403.69000244140625
1992-04-01,^GSPC,414.95001220703125,414.95001220703125
1992-05-01,^GSPC,415.3500061035156,415.3500061035156
1992-06-01,^GSPC,408.1400146484375,408.1400146484375
1992-07-01,^GSPC,424.2099914550781,424.2099914550781
1992-08-01,^GSPC,414.0299987792969,414.0299987792969
1992-09-01,^GSPC,417.79998779296875,417.79998779296875
1992-10-01,^GSPC,418.67999267578125,418.67999267578125
1992-11-01,^GSPC,431.3500061035156,431.3500061035156
1992-12-01,^GSPC,435.7099914550781,435.7099914550781
1993-01-01,^GSPC,438.7799987792969,438.7799987792969
1993-02-01,^GSPC,443.3800048828125,443.3800048828125
1993-03-01,^GSPC,451.6700134277344,451.6700134277344
1993-04-01,^GSPC,440.19000244140625,440.19000244140625
1993-05-01,^GSPC,450.19000244140625,450.19000244140625
1993-06-01,^GSPC,450.5299987792969,450.5299987792969
1993-07-01,^GSPC,448.1300048828125,448.1300048828125
1993-08-01,^GSPC,463.55999755859375,463.55999755859375
1993-09-01,^GSPC,458.92999267578125,458.92999267578125
1993-10-01,^GSPC,467.8299865722656,467.8299865722656
1993-11-01,^GSPC,461.7900085449219,461.7900085449219
1993-12-01,^GSPC,466.45001220703125,466.45001220703125
1994-01-01,^GSPC,481.6099853515625,481.6099853515625
1994-02-01,^GSPC,467.1400146484375,467.1400146484375
1994-03-01,^GSPC,445.7699890136719,445.7699890136719
1994-04-01,^GSPC,450.9100036621094,450.9100036621094
1994-05-01,^GSPC,456.5,456.5
1994-06-01,^GSPC,444.2699890136719,444.2699890136719
1994-07-01,^GSPC,458.260009765625,458.260009765625
1994-08-01,^GSPC,475.489990234375,475.489990234375
1994-09-01,^GSPC,462.7099914550781,462.7099914550781
1994-10-01,^GSPC,472.3500061035156,472.3500061035156
1994-11-01,^GSPC,453.69000244140625,453.69000244140625
1994-12-01,^GSPC,459.2699890136719,459.2699890136719
1995-01-01,^GSPC,470.4200134277344,470.4200134277344
1995-02-01,^GSPC,487.3900146484375,487.3900146484375
1995-03-01,^GSPC,500.7099914550781,500.7099914550781
1995-04-01,^GSPC,514.7100219726562,514.7100219726562
1995-05-01,^GSPC,533.4000244140625,533.4000244140625
1995-06-01,^GSPC,544.75,544.75
1995-07-01,^GSPC,562.0599975585938,562.0599975585938
1995-08-01,^GSPC,561.8800048828125,561.8800048828125
1995-09-01,^GSPC,584.4099731445312,584.4099731445312
1995-10-01,^GSPC,581.5,581.5
1995-11-01,^GSPC,605.3699951171875,605.3699951171875
1995-12-01,^GSPC,615.9299926757812,615.9299926757812
1996-01-01,^GSPC,636.02001953125,636.02001953125
1996-02-01,^GSPC,640.4299926757812,640.4299926757812
1996-03-01,^GSPC,645.5,645.5
1996-04-01,^GSPC,654.1699829101562,654.1699829101562
1996-05-01,^GSPC,669.1199951171875,669.1199951171875
1996-06-01,^GSPC,670.6300048828125,670.6300048828125
1996-07-01,^GSPC,639.9500122070312,639.9500122070312
1996-08-01,^GSPC,651.989990234375,651.989990234375
1996-09-01,^GSPC,687.3300170898438,687.3300170898438
1996-10-01,^GSPC,705.27001953125,705.27001953125
1996-11-01,^GSPC,757.02001953125,757.02001953125
1996-12-01,^GSPC,740.739990234375,740.739990234375
1997-01-01,^GSPC,786.1599731445312,786.1599731445312
1997-02-01,^GSPC,790.8200073242188,790.8200073242188
1997-03-01,^GSPC,757.1199951171875,757.1199951171875
1997-04-01,^GSPC,801.3400268554688,801.3400268554688
1997-05-01,^GSPC,848.280029296875,848.280029296875
1997-06-01,^GSPC,885.1400146484375,885.1400146484375
1997-07-01,^GSPC,954.3099975585938,954.3099975585938
1997-08-01,^GSPC,899.469970703125,899.469970703125
1997-09-01,^GSPC,947.280029296875,947.280029296875
1997-10-01,^GSPC,914.6199951171875,914.6199951171875
1997-11-01,^GSPC,955.4000244140625,955.4000244140625
1997-12-01,^GSPC,970.4299926757812,970.4299926757812
1998-01-01,^GSPC,980.280029296875,980.280029296875
1998-02-01,^GSPC,1049.3399658203125,1049.3399658203125
1998-03-01,^GSPC,1101.75,1101.75
1998-04-01,^GSPC,1111.75,1111.75
1998-05-01,^GSPC,1090.8199462890625,1090.8199462890625
1998-06-01,^GSPC,1133.8399658203125,1133.8399658203125
1998-07-01,^GSPC,1120.6700439453125,1120.6700439453125
1998-08-01,^GSPC,957.280029296875,957.280029296875
1998-09-01,^GSPC,1017.010009765625,1017.010009765625
1998-10-01,^GSPC,1098.6700439453125,1098.6700439453125
1998-11-01,^GSPC,1163.6300048828125,1163.6300048828125
1998-12-01,^GSPC,1229.22998046875,1229.22998046875
1999-01-01,^GSPC,1279.6400146484375,1279.6400146484375
1999-02-01,^GSPC,1238.3299560546875,1238.3299560546875
1999-03-01,^GSPC,1286.3699951171875,1286.3699951171875
1999-04-01,^GSPC,1335.1800537109375,1335.1800537109375
1999-05-01,^GSPC,1301.8399658203125,1301.8399658203125
1999-06-01,^GSPC,1372.7099609375,1372.7099609375
1999-07-01,^GSPC,1328.719970703125,1328.719970703125
1999-08-01,^GSPC,1320.4100341796875,1320.4100341796875
1999-09-01,^GSPC,1282.7099609375,1282.7099609375
1999-10-01,^GSPC,1362.9300537109375,1362.9300537109375
1999-11-01,^GSPC,1388.9100341796875,1388.9100341796875
1999-12-01,^GSPC,1469.25,1469.25
2000-01-01,^GSPC,1394.4599609375,1394.4599609375
2000-02-01,^GSPC,1366.4200439453125,1366.4200439453125
2000-03-01,^GSPC,1498.5799560546875,1498.5799560546875
2000-04-01,^GSPC,1452.4300537109375,1452.4300537109375
2000-05-01,^GSPC,1420.5999755859375,1420.5999755859375
2000-06-01,^GSPC,1454.5999755859375,1454.5999755859375
2000-07-01,^GSPC,1430.8299560546875,1430.8299560546875
2000-08-01,^GSPC,1517.6800537109375,1517.6800537109375
2000-09-01,^GSPC,1436.510009765625,1436.510009765625
2000-10-01,^GSPC,1429.4000244140625,1429.4000244140625
2000-11-01,^GSPC,1314.949951171875,1314.949951171875
2000-12-01,^GSPC,1320.280029296875,1320.280029296875
2001-01-01,^GSPC,1366.010009765625,1366.010009765625
2001-02-01,^GSPC,1239.93994140625,1239.93994140625
2001-03-01,^GSPC,1160.3299560546875,1160.3299560546875
2001-04-01,^GSPC,1249.4599609375,1249.4599609375
2001-05-01,^GSPC,1255.8199462890625,1255.8199462890625
2001-06-01,^GSPC,1224.3800048828125,1224.3800048828125
2001-07-01,^GSPC,1211.22998046875,1211.22998046875
2001-08-01,^GSPC,1133.5799560546875,1133.5799560546875
2001-09-01,^GSPC,1040.93994140625,1040.93994140625
2001-10-01,^GSPC,1059.780029296875,1059.780029296875
2001-11-01,^GSPC,1139.449951171875,1139.449951171875
2001-12-01,^GSPC,1148.0799560546875,1148.0799560546875
2002-01-01,^GSPC,1130.199951171875,1130.199951171875
2002-02-01,^GSPC,1106.72998046875,1106.72998046875
2002-03-01,^GSPC,1147.3900146484375,1147.3900146484375
2002-04-01,^GSPC,1076.9200439453125,1076.9200439453125
2002-05-01,^GSPC,1067.1400146484375,1067.1400146484375
2002-06-01,^GSPC,989.8200073242188,989.8200073242188
2002-07-01,^GSPC,911.6199951171875,911.6199951171875
2002-08-01,^GSPC,916.0700073242188,916.0700073242188
2002-09-01,^GSPC,815.280029296875,815.280029296875
2002-10-01,^GSPC,885.760009765625,885.760009765625
2002-11-01,^GSPC,936.3099975585938,936.3099975585938
2002-12-01,^GSPC,879.8200073242188,879.8200073242188
2003-01-01,^GSPC,855.7000122070312,855.7000122070312
2003-02-01,^GSPC,841.1500244140625,841.1500244140625
2003-03-01,^GSPC,848.1799926757812,848.1799926757812
2003-04-01,^GSPC,916.9199829101562,916.9199829101562
2003-05-01,^GSPC,963.5900268554688,963.5900268554688
2003-06-01,^GSPC,974.5,974.5
2003-07-01,^GSPC,990.3099975585938,990.3099975585938
2003-08-01,^GSPC,1008.010009765625,1008.010009765625
2003-09-01,^GSPC,995.969970703125,995.969970703125
2003-10-01,^GSPC,1050.7099609375,1050.7099609375
2003-11-01,^GSPC,1058.199951171875,1058.199951171875
2003-12-01,^GSPC,1111.9200439453125,1111.9200439453125
2004-01-01,^GSPC,1131.1300048828125,1131.1300048828125
2004-02-01,^GSPC,1144.93994140625,1144.93994140625
2004-03-01,^GSPC,1126.2099609375,1126.2099609375
2004-04-01,^GSPC,1107.300048828125,1107.300048828125
2004-05-01,^GSPC,1120.6800537109375,1120.6800537109375
2004-06-01,^GSPC,1140.8399658203125,1140.8399658203125
2004-07-01,^GSPC,1101.719970703125,1101.719970703125
2004-08-01,^GSPC,1104.239990234375,1104.239990234375
2004-09-01,^GSPC,1114.5799560546875,1114.5799560546875
2004-10-01,^GSPC,1130.199951171875,1130.199951171875
2004-11-01,^GSPC,1173.8199462890625,1173.8199462890625
2004-12-01,^GSPC,1211.9200439453125,1211.9200439453125
2005-01-01,^GSPC,1181.27001953125,1181.27001953125
2005-02-01,^GSPC,1203.5999755859375,1203.5999755859375
2005-03-01,^GSPC,1180.5899658203125,1180.5899658203125
2005-04-01,^GSPC,1156.8499755859375,1156.8499755859375
2005-05-01,^GSPC,1191.5,1191.5
2005-06-01,^GSPC,1191.3299560546875,1191.3299560546875
2005-07-01,^GSPC,1234.1800537109375,1234.1800537109375
2005-08-01,^GSPC,1220.3299560546875,1220.3299560546875
2005-09-01,^GSPC,1228.81005859375,1228.81005859375
2005-10-01,^GSPC,1207.010009765625,1207.010009765625
2005-11-01,^GSPC,1249.47998046875,1249.47998046875
2005-12-01,^GSPC,1248.2900390625,1248.2900390625
2006-01-01,^GSPC,1280.0799560546875,1280.0799560546875
2006-02-01,^GSPC,1280.6600341796875,1280.6600341796875
2006-03-01,^GSPC,1294.8699951171875,1294.8699951171875
2006-04-01,^GSPC,1310.6099853515625,1310.6099853515625
2006-05-01,^GSPC,1270.0899658203125,1270.0899658203125
2006-06-01,^GSPC,1270.199951171875,1270.199951171875
2006-07-01,^GSPC,1276.6600341796875,1276.6600341796875
2006-08-01,^GSPC,1303.8199462890625,1303.8199462890625
2006-09-01,^GSPC,1335.8499755859375,1335.8499755859375
2006-10-01,^GSPC,1377.93994140625,1377.93994140625
2006-11-01,^GSPC,1400.6300048828125,1400.6300048828125
2006-12-01,^GSPC,1418.300048828125,1418.300048828125
2007-01-01,^GSPC,1438.239990234375,1438.239990234375
2007-02-01,^GSPC,1406.8199462890625,1406.8199462890625
2007-03-01,^GSPC,1420.8599853515625,1420.8599853515625
2007-04-01,^GSPC,1482.3699951171875,1482.3699951171875
2007-05-01,^GSPC,1530.6199951171875,1530.6199951171875
2007-06-01,^GSPC,1503.3499755859375,1503.3499755859375
2007-07-01,^GSPC,1455.27001953125,1455.27001953125
2007-08-01,^GSPC,1473.989990234375,1473.989990234375
2007-09-01,^GSPC,1526.75,1526.75
2007-10-01,^GSPC,1549.3800048828125,1549.3800048828125
2007-11-01,^GSPC,1481.1400146484375,1481.1400146484375
2007-12-01,^GSPC,1468.3599853515625,1468.3599853515625
2008-01-01,^GSPC,1378.550048828125,1378.550048828125
2008-02-01,^GSPC,1330.6300048828125,1330.6300048828125
2008-03-01,^GSPC,1322.699951171875,1322.699951171875
2008-04-01,^GSPC,1385.5899658203125,1385.5899658203125
2008-05-01,^GSPC,1400.3800048828125,1400.3800048828125
2008-06-01,^GSPC,1280.0,1280.0
2008-07-01,^GSPC,1267.3800048828125,1267.3800048828125
2008-08-01,^GSPC,1282.8299560546875,1282.8299560546875
2008-09-01,^GSPC,1166.3599853515625,1166.3599853515625
2008-10-01,^GSPC,968.75,968.75
2008-11-01,^GSPC,896.239990234375,896.239990234375
2008-12-01,^GSPC,903.25,903.25
2009-01-01,^GSPC,825.8800048828125,825.8800048828125
2009-02-01,^GSPC,735.0900268554688,735.0900268554688
2009-03-01,^GSPC,797.8699951171875,797.8699951171875
2009-04-01,^GSPC,872.8099975585938,872.8099975585938
2009-05-01,^GSPC,919.1400146484375,919.1400146484375
2009-06-01,^GSPC,919.3200073242188,919.3200073242188
2009-07-01,^GSPC,987.47998046875,987.47998046875
2009-08-01,^GSPC,1020.6199951171875,1020.6199951171875
2009-09-01,^GSPC,1057.0799560546875,1057.0799560546875
2009-10-01,^GSPC,1036.18994140625,1036.18994140625
2009-11-01,^GSPC,1095.6300048828125,1095.6300048828125
2009-12-01,^GSPC,1115.0999755859375,1115.0999755859375
2010-01-01,^GSPC,1073.8699951171875,1073.8699951171875
2010-02-01,^GSPC,1104.489990234375,1104.489990234375
2010-03-01,^GSPC,1169.4300537109375,1169.4300537109375
2010-04-01,^GSPC,1186.68994140625,1186.68994140625
2010-05-01,^GSPC,1089.4100341796875,1089.4100341796875
2010-06-01,^GSPC,1030.7099609375,1030.7099609375
2010-07-01,^GSPC,1101.5999755859375,1101.5999755859375
2010-08-01,^GSPC,1049.3299560546875,1049.3299560546875
2010-09-01,^GSPC,1141.199951171875,1141.199951171875
2010-10-01,^GSPC,1183.260009765625,1183.260009765625
2010-11-01,^GSPC,1180.550048828125,1180.550048828125
2010-12-01,^GSPC,1257.6400146484375,1257.6400146484375
2011-01-01,^GSPC,1286.1199951171875,1286.1199951171875
2011-02-01,^GSPC,1327.219970703125,1327.219970703125
2011-03-01,^GSPC,1325.8299560546875,1325.8299560546875
2011-04-01,^GSPC,1363.6099853515625,1363.6099853515625
2011-05-01,^GSPC,1345.199951171875,1345.199951171875
2011-06-01,^GSPC,1320.6400146484375,1320.6400146484375
2011-07-01,^GSPC,1292.280029296875,1292.280029296875
2011-08-01,^GSPC,1218.8900146484375,1218.8900146484375
2011-09-01,^GSPC,1131.4200439453125,1131.4200439453125
2011-10-01,^GSPC,1253.300048828125,1253.300048828125
2011-11-01,^GSPC,1246.9599609375,1246.9599609375
2011-12-01,^GSPC,1257.5999755859375,1257.5999755859375
2012-01-01,^GSPC,1312.4100341796875,1312.4100341796875
2012-02-01,^GSPC,1365.6800537109375,1365.6800537109375
2012-03-01,^GSPC,1408.469970703125,1408.469970703125
2012-04-01,^GSPC,1397.9100341796875,1397.9100341796875
2012-05-01,^GSPC,1310.3299560546875,1310.3299560546875
2012-06-01,^GSPC,1362.1600341796875,1362.1600341796875
2012-07-01,^GSPC,1379.3199462890625,1379.3199462890625
2012-08-01,^GSPC,1406.5799560546875,1406.5799560546875
2012-09-01,^GSPC,1440.6700439453125,1440.6700439453125
2012-10-01,^GSPC,1412.1600341796875,1412.1600341796875
2012-11-01,^GSPC,1416.1800537109375,1416.1800537109375
2012-12-01,^GSPC,1426.18994140625,1426.18994140625
2013-01-01,^GSPC,1498.1099853515625,1498.1099853515625
2013-02-01,^GSPC,1514.6800537109375,1514.6800537109375
2013-03-01,^GSPC,1569.18994140625,1569.18994140625
2013-04-01,^GSPC,1597.5699462890625,1597.5699462890625
2013-05-01,^GSPC,1630.739990234375,1630.739990234375
2013-06-01,^GSPC,1606.280029296875,1606.280029296875
2013-07-01,^GSPC,1685.72998046875,1685.72998046875
2013-08-01,^GSPC,1632.969970703125,1632.969970703125
2013-09-01,^GSPC,1681.550048828125,1681.550048828125
2013-10-01,^GSPC,1756.5400390625,1756.5400390625
2013-11-01,^GSPC,1805.81005859375,1805.81005859375
2013-12-01,^GSPC,1848.3599853515625,1848.3599853515625
2014-01-01,^GSPC,1782.5899658203125,1782.5899658203125
2014-02-01,^GSPC,1859.449951171875,1859.449951171875
2014-03-01,^GSPC,1872.3399658203125,1872.3399658203125
2014-04-01,^GSPC,1883.949951171875,1883.949951171875
2014-05-01,^GSPC,1923.5699462890625,1923.5699462890625
2014-06-01,^GSPC,1960.22998046875,1960.22998046875
2014-07-01,^GSPC,1930.6700439453125,1930.6700439453125
2014-08-01,^GSPC,2003.3699951171875,2003.3699951171875
2014-09-01,^GSPC,1972.2900390625,1972.2900390625
2014-10-01,^GSPC,2018.050048828125,2018.050048828125
2014-11-01,^GSPC,2067.56005859375,2067.56005859375
2014-12-01,^GSPC,2058.89990234375,2058.89990234375
2015-01-01,^GSPC,1994.989990234375,1994.989990234375
2015-02-01,^GSPC,2104.5,2104.5
2015-03-01,^GSPC,2067.889892578125,2067.889892578125
2015-04-01,^GSPC,2085.510009765625,2085.510009765625
2015-05-01,^GSPC,2107.389892578125,2107.389892578125
2015-06-01,^GSPC,2063.110107421875,2063.110107421875
2015-07-01,^GSPC,2103.840087890625,2103.840087890625
2015-08-01,^GSPC,1972.1800537109375,1972.1800537109375
2015-09-01,^GSPC,1920.030029296875,1920.030029296875
2015-10-01,^GSPC,2079.360107421875,2079.360107421875
2015-11-01,^GSPC,2080.409912109375,2080.409912109375
2015-12-01,^GSPC,2043.93994140625,2043.93994140625
2016-01-01,^GSPC,1940.239990234375,1940.239990234375
2016-02-01,^GSPC,1932.22998046875,1932.22998046875
2016-03-01,^GSPC,2059.739990234375,2059.739990234375
2016-04-01,^GSPC,2065.300048828125,2065.300048828125
2016-05-01,^GSPC,2096.949951171875,2096.949951171875
2016-06-01,^GSPC,2098.860107421875,2098.860107421875
2016-07-01,^GSPC,2173.60009765625,2173.60009765625
2016-08-01,^GSPC,2170.949951171875,2170.949951171875
2016-09-01,^GSPC,2168.27001953125,2168.27001953125
2016-10-01,^GSPC,2126.14990234375,2126.14990234375
2016-11-01,^GSPC,2198.81005859375,2198.81005859375
2016-12-01,^GSPC,2238.830078125,2238.830078125
2017-01-01,^GSPC,2278.8701171875,2278.8701171875
2017-02-01,^GSPC,2363.639892578125,2363.639892578125
2017-03-01,^GSPC,2362.719970703125,2362.719970703125
2017-04-01,^GSPC,2384.199951171875,2384.199951171875
2017-05-01,^GSPC,2411.800048828125,2411.800048828125
2017-06-01,^GSPC,2423.409912109375,2423.409912109375
2017-07-01,^GSPC,2470.300048828125,2470.300048828125
2017-08-01,^GSPC,2471.64990234375,2471.64990234375
2017-09-01,^GSPC,2519.360107421875,2519.360107421875
2017-10-01,^GSPC,2575.260009765625,2575.260009765625
2017-11-01,^GSPC,2647.580078125,2647.580078125
2017-12-01,^GSPC,2673.610107421875,2673.610107421875
2018-01-01,^GSPC,2823.81005859375,2823.81005859375
2018-02-01,^GSPC,2713.830078125,2713.830078125
2018-03-01,^GSPC,2640.8701171875,2640.8701171875
2018-04-01,^GSPC,2648.050048828125,2648.050048828125
2018-05-01,^GSPC,2705.27001953125,2705.27001953125
2018-06-01,^GSPC,2718.3701171875,2718.3701171875
2018-07-01,^GSPC,2816.2900390625,2816.2900390625
2018-08-01,^GSPC,2901.52001953125,2901.52001953125
2018-09-01,^GSPC,2913.97998046875,2913.97998046875
2018-10-01,^GSPC,2711.739990234375,2711.739990234375
2018-11-01,^GSPC,2760.169921875,2760.169921875
2018-12-01,^GSPC,2506.85009765625,2506.85009765625
2019-01-01,^GSPC,2704.10009765625,2704.10009765625
2019-02-01,^GSPC,2784.489990234375,2784.489990234375
2019-03-01,^GSPC,2834.39990234375,2834.39990234375
2019-04-01,^GSPC,2945.830078125,2945.830078125
2019-05-01,^GSPC,2752.06005859375,2752.06005859375
2019-06-01,^GSPC,2941.760009765625,2941.760009765625
2019-07-01,^GSPC,2980.3798828125,2980.3798828125
2019-08-01,^GSPC,2926.4599609375,2926.4599609375
2019-09-01,^GSPC,2976.739990234375,2976.739990234375
2019-10-01,^GSPC,3037.56005859375,3037.56005859375
2019-11-01,^GSPC,3140.97998046875,3140.97998046875
2019-12-01,^GSPC,3230.780029296875,3230.780029296875
2020-01-01,^GSPC,3225.52001953125,3225.52001953125
2020-02-01,^GSPC,2954.219970703125,2954.219970703125
2020-03-01,^GSPC,2584.590087890625,2584.590087890625
2020-04-01,^GSPC,2912.429931640625,2912.429931640625
2020-05-01,^GSPC,3044.31005859375,3044.31005859375
2020-06-01,^GSPC,3100.2900390625,3100.2900390625
2020-07-01,^GSPC,3271.1201171875,3271.1201171875
2020-08-01,^GSPC,3500.31005859375,3500.31005859375
2020-09-01,^GSPC,3363.0,3363.0
2020-10-01,^GSPC,3269.9599609375,3269.9599609375
2020-11-01,^GSPC,3621.6298828125,3621.6298828125
2020-12-01,^GSPC,3756.070068359375,3756.070068359375
2021-01-01,^GSPC,3714.239990234375,3714.239990234375
2021-02-01,^GSPC,3811.14990234375,3811.14990234375
2021-03-01,^GSPC,3972.889892578125,3972.889892578125
2021-04-01,^GSPC,4181.169921875,4181.169921875
2021-05-01,^GSPC,4204.10986328125,4204.10986328125
2021-06-01,^GSPC,4297.5,4297.5
2021-07-01,^GSPC,4395.259765625,4395.259765625
2021-08-01,^GSPC,4522.68017578125,4522.68017578125
2021-09-01,^GSPC,4307.5400390625,4307.5400390625
2021-10-01,^GSPC,4605.3798828125,4605.3798828125
2021-11-01,^GSPC,4567.0,4567.0
2021-12-01,^GSPC,4766.18017578125,4766.18017578125
2022-01-01,^GSPC,4515.5498046875,4515.5498046875
2022-02-01,^GSPC,4373.93994140625,4373.93994140625
2022-03-01,^GSPC,4530.41015625,4530.41015625
2022-04-01,^GSPC,4131.93017578125,4131.93017578125
2022-05-01,^GSPC,4132.14990234375,4132.14990234375
2022-06-01,^GSPC,3785.3798828125,3785.3798828125
2022-07-01,^GSPC,4130.2900390625,4130.2900390625
2022-08-01,^GSPC,3955.0,3955.0
2022-09-01,^GSPC,3585.6201171875,3585.6201171875
2022-10-01,^GSPC,3871.97998046875,3871.97998046875
2022-11-01,^GSPC,4080.110107421875,4080.110107421875
2022-12-01,^GSPC,3839.5,3839.5
2023-01-01,^GSPC,4076.60009765625,4076.60009765625
2023-02-01,^GSPC,3970.14990234375,3970.14990234375
2023-03-01,^GSPC,4109.31005859375,4109.31005859375
2023-04-01,^GSPC,4169.47998046875,4169.47998046875
2023-05-01,^GSPC,4179.830078125,4179.830078125
2023-06-01,^GSPC,4450.3798828125,4450.3798828125
2023-07-01,^GSPC,4588.9599609375,4588.9599609375
2023-08-01,^GSPC,4507.66015625,4507.66015625
2023-09-01,^GSPC,4288.0498046875,4288.0498046875
2023-10-01,^GSPC,4193.7998046875,4193.7998046875
2023-11-01,^GSPC,4567.7998046875,4567.7998046875
2023-12-01,^GSPC,4769.830078125,4769.830078125
2024-01-01,^GSPC,4845.64990234375,4845.64990234375
2024-02-01,^GSPC,5096.27001953125,5096.27001953125
2024-03-01,^GSPC,5254.35009765625,5254.35009765625
2024-04-01,^GSPC,5035.68994140625,5035.68994140625
2024-05-01,^GSPC,5277.509765625,5277.509765625
2024-06-01,^GSPC,5460.47998046875,5460.47998046875
2024-07-01,^GSPC,5522.2998046875,5522.2998046875
2024-08-01,^GSPC,5648.39990234375,5648.39990234375
2024-09-01,^GSPC,5762.47998046875,5762.47998046875
2024-10-01,^GSPC,5705.4501953125,5705.4501953125
2024-11-01,^GSPC,6032.3798828125,6032.3798828125
2024-12-01,^GSPC,5881.6298828125,5881.6298828125
2025-01-01,^GSPC,6040.52978515625,6040.52978515625
2025-02-01,^GSPC,5954.5,5954.5
2025-03-01,^GSPC,5611.85009765625,5611.85009765625
2025-04-01,^GSPC,5569.06005859375,5569.06005859375
2025-05-01,^GSPC,5911.68994140625,5911.68994140625
2025-06-01,^GSPC,6204.9501953125,6204.9501953125
2025-07-01,^GSPC,6339.39013671875,6339.39013671875
2025-08-01,^GSPC,6460.259765625,6460.259765625
2025-09-01,^GSPC,6688.4599609375,6688.4599609375
2025-10-01,^GSPC,6840.2001953125,6840.2001953125
2025-11-01,^GSPC,6849.08984375,6849.08984375
2025-12-01,^GSPC,6845.5,6845.5
2026-01-01,^GSPC,6939.02978515625,6939.02978515625
2026-02-01,^GSPC,6878.8798828125,6878.8798828125
2026-03-01,^GSPC,6528.52001953125,6528.52001953125
2026-04-01,^GSPC,7209.009765625,7209.009765625
2026-05-01,^GSPC,7580.06005859375,7580.06005859375
2026-06-01,^GSPC,7499.35986328125,7499.35986328125
2026-07-01,^GSPC,7489.72021484375,7489.72021484375
2026-08-01,^GSPC,7686.14013671875,7686.14013671875
2026-09-01,^GSPC,7651.5400390625,7651.5400390625
2026-10-01,^GSPC,7793.2001953125,7793.2001953125
1985-01-01,^IXIC,278.70001220703125,278.70001220703125
1985-02-01,^IXIC,284.20001220703125,284.20001220703125
1985-03-01,^IXIC,279.20001220703125,279.20001220703125
1985-04-01,^IXIC,280.6000061035156,280.6000061035156
1985-05-01,^IXIC,290.79998779296875,290.79998779296875
1985-06-01,^IXIC,296.20001220703125,296.20001220703125
1985-07-01,^IXIC,301.29998779296875,301.29998779296875
1985-08-01,^IXIC,297.70001220703125,297.70001220703125
1985-09-01,^IXIC,280.29998779296875,280.29998779296875
1985-10-01,^IXIC,292.5,292.5
1985-11-01,^IXIC,314.0,314.0
1985-12-01,^IXIC,324.8999938964844,324.8999938964844
1986-01-01,^IXIC,335.79998779296875,335.79998779296875
1986-02-01,^IXIC,359.5,359.5
1986-03-01,^IXIC,374.70001220703125,374.70001220703125
1986-04-01,^IXIC,383.20001220703125,383.20001220703125
1986-05-01,^IXIC,400.20001220703125,400.20001220703125
1986-06-01,^IXIC,405.5,405.5
1986-07-01,^IXIC,371.3999938964844,371.3999938964844
1986-08-01,^IXIC,382.8999938964844,382.8999938964844
1986-09-01,^IXIC,350.70001220703125,350.70001220703125
1986-10-01,^IXIC,360.79998779296875,360.79998779296875
1986-11-01,^IXIC,359.6000061035156,359.6000061035156
1986-12-01,^IXIC,348.79998779296875,348.79998779296875
1987-01-01,^IXIC,392.1000061035156,392.1000061035156
1987-02-01,^IXIC,425.0,425.0
1987-03-01,^IXIC,430.1000061035156,430.1000061035156
1987-04-01,^IXIC,417.79998779296875,417.79998779296875
1987-05-01,^IXIC,416.5,416.5
1987-06-01,^IXIC,424.70001220703125,424.70001220703125
1987-07-01,^IXIC,434.8999938964844,434.8999938964844
1987-08-01,^IXIC,455.0,455.0
1987-09-01,^IXIC,444.29998779296875,444.29998779296875
1987-10-01,^IXIC,323.29998779296875,323.29998779296875
1987-11-01,^IXIC,305.20001220703125,305.20001220703125
1987-12-01,^IXIC,330.5,330.5
1988-01-01,^IXIC,344.70001220703125,344.70001220703125
1988-02-01,^IXIC,367.0,367.0
1988-03-01,^IXIC,374.6000061035156,374.6000061035156
1988-04-01,^IXIC,379.20001220703125,379.20001220703125
1988-05-01,^IXIC,370.29998779296875,370.29998779296875
1988-06-01,^IXIC,394.70001220703125,394.70001220703125
1988-07-01,^IXIC,387.29998779296875,387.29998779296875
1988-08-01,^IXIC,376.6000061035156,376.6000061035156
1988-09-01,^IXIC,387.70001220703125,387.70001220703125
1988-10-01,^IXIC,382.5,382.5
1988-11-01,^IXIC,371.5,371.5
1988-12-01,^IXIC,381.3999938964844,381.3999938964844
1989-01-01,^IXIC,401.29998779296875,401.29998779296875
1989-02-01,^IXIC,399.70001220703125,399.70001220703125
1989-03-01,^IXIC,406.70001220703125,406.70001220703125
1989-04-01,^IXIC,427.6000061035156,427.6000061035156
1989-05-01,^IXIC,446.20001220703125,446.20001220703125
1989-06-01,^IXIC,435.29998779296875,435.29998779296875
1989-07-01,^IXIC,453.79998779296875,453.79998779296875
1989-08-01,^IXIC,469.29998779296875,469.29998779296875
1989-09-01,^IXIC,472.8999938964844,472.8999938964844
1989-10-01,^IXIC,455.6000061035156,455.6000061035156
1989-11-01,^IXIC,456.1000061035156,456.1000061035156
1989-12-01,^IXIC,454.79998779296875,454.79998779296875
1990-01-01,^IXIC,415.79998779296875,415.79998779296875
1990-02-01,^IXIC,425.79998779296875,425.79998779296875
1990-03-01,^IXIC,435.5,435.5
1990-04-01,^IXIC,420.1000061035156,420.1000061035156
1990-05-01,^IXIC,459.0,459.0
1990-06-01,^IXIC,462.29998779296875,462.29998779296875
1990-07-01,^IXIC,438.20001220703125,438.20001220703125
1990-08-01,^IXIC,381.20001220703125,381.20001220703125
1990-09-01,^IXIC,344.5,344.5
1990-10-01,^IXIC,329.79998779296875,329.79998779296875
1990-11-01,^IXIC,359.1000061035156,359.1000061035156
1990-12-01,^IXIC,373.79998779296875,373.79998779296875
1991-01-01,^IXIC,414.20001220703125,414.20001220703125
1991-02-01,^IXIC,453.1000061035156,453.1000061035156
1991-03-01,^IXIC,482.29998779296875,482.29998779296875
1991-04-01,^IXIC,484.7200012207031,484.7200012207031
1991-05-01,^IXIC,506.1099853515625,506.1099853515625
1991-06-01,^IXIC,475.9200134277344,475.9200134277344
1991-07-01,^IXIC,502.0400085449219,502.0400085449219
1991-08-01,^IXIC,525.6799926757812,525.6799926757812
1991-09-01,^IXIC,526.8800048828125,526.8800048828125
1991-10-01,^IXIC,542.97998046875,542.97998046875
1991-11-01,^IXIC,523.9000244140625,523.9000244140625
1991-12-01,^IXIC,586.3400268554688,586.3400268554688
1992-01-01,^IXIC,620.2100219726562,620.2100219726562
1992-02-01,^IXIC,633.469970703125,633.469970703125
1992-03-01,^IXIC,603.77001953125,603.77001953125
1992-04-01,^IXIC,578.6799926757812,578.6799926757812
1992-05-01,^IXIC,585.3099975585938,585.3099975585938
1992-06-01,^IXIC,563.5999755859375,563.5999755859375
1992-07-01,^IXIC,580.8300170898438,580.8300170898438
1992-08-01,^IXIC,563.1199951171875,563.1199951171875
1992-09-01,^IXIC,583.27001953125,583.27001953125
1992-10-01,^IXIC,605.1699829101562,605.1699829101562
1992-11-01,^IXIC,652.72998046875,652.72998046875
1992-12-01,^IXIC,676.9500122070312,676.9500122070312
1993-01-01,^IXIC,696.3400268554688,696.3400268554688
1993-02-01,^IXIC,670.77001953125,670.77001953125
1993-03-01,^IXIC,690.1300048828125,690.1300048828125
1993-04-01,^IXIC,661.4199829101562,661.4199829101562
1993-05-01,^IXIC,700.530029296875,700.530029296875
1993-06-01,^IXIC,703.9500122070312,703.9500122070312
1993-07-01,^IXIC,704.7000122070312,704.7000122070312
1993-08-01,^IXIC,742.8400268554688,742.8400268554688
1993-09-01,^IXIC,762.780029296875,762.780029296875
1993-10-01,^IXIC,779.260009765625,779.260009765625
1993-11-01,^IXIC,754.3900146484375,754.3900146484375
1993-12-01,^IXIC,776.7999877929688,776.7999877929688
1994-01-01,^IXIC,800.469970703125,800.469970703125
1994-02-01,^IXIC,792.5,792.5
1994-03-01,^IXIC,743.4600219726562,743.4600219726562
1994-04-01,^IXIC,733.8400268554688,733.8400268554688
1994-05-01,^IXIC,735.1900024414062,735.1900024414062
1994-06-01,^IXIC,705.9600219726562,705.9600219726562
1994-07-01,^IXIC,722.1599731445312,722.1599731445312
1994-08-01,^IXIC,765.6199951171875,765.6199951171875
1994-09-01,^IXIC,764.2899780273438,764.2899780273438
1994-10-01,^IXIC,777.489990234375,777.489990234375
1994-11-01,^IXIC,750.3200073242188,750.3200073242188
1994-12-01,^IXIC,751.9600219726562,751.9600219726562
1995-01-01,^IXIC,755.2000122070312,755.2000122070312
1995-02-01,^IXIC,793.72998046875,793.72998046875
1995-03-01,^IXIC,817.2100219726562,817.2100219726562
1995-04-01,^IXIC,843.97998046875,843.97998046875
1995-05-01,^IXIC,864.5800170898438,864.5800170898438
1995-06-01,^IXIC,933.4500122070312,933.4500122070312
1995-07-01,^IXIC,1001.2100219726562,1001.2100219726562
1995-08-01,^IXIC,1020.1099853515625,1020.1099853515625
1995-09-01,^IXIC,1043.5400390625,1043.5400390625
1995-10-01,^IXIC,1036.06005859375,1036.06005859375
1995-11-01,^IXIC,1059.199951171875,1059.199951171875
1995-12-01,^IXIC,1052.1300048828125,1052.1300048828125
1996-01-01,^IXIC,1059.7900390625,1059.7900390625
1996-02-01,^IXIC,1100.050048828125,1100.050048828125
1996-03-01,^IXIC,1101.4000244140625,1101.4000244140625
1996-04-01,^IXIC,1190.52001953125,1190.52001953125
1996-05-01,^IXIC,1243.4300537109375,1243.4300537109375
1996-06-01,^IXIC,1185.02001953125,1185.02001953125
1996-07-01,^IXIC,1080.5899658203125,1080.5899658203125
1996-08-01,^IXIC,1141.5,1141.5
1996-09-01,^IXIC,1226.9200439453125,1226.9200439453125
1996-10-01,^IXIC,1221.510009765625,1221.510009765625
1996-11-01,^IXIC,1292.6099853515625,1292.6099853515625
1996-12-01,^IXIC,1291.030029296875,1291.030029296875
1997-01-01,^IXIC,1379.8499755859375,1379.8499755859375
1997-02-01,^IXIC,1309.0,1309.0
1997-03-01,^IXIC,1221.699951171875,1221.699951171875
1997-04-01,^IXIC,1260.760009765625,1260.760009765625
1997-05-01,^IXIC,1400.3199462890625,1400.3199462890625
1997-06-01,^IXIC,1442.0699462890625,1442.0699462890625
1997-07-01,^IXIC,1593.81005859375,1593.81005859375
1997-08-01,^IXIC,1587.3199462890625,1587.3199462890625
1997-09-01,^IXIC,1685.68994140625,1685.68994140625
1997-10-01,^IXIC,1593.6099853515625,1593.6099853515625
1997-11-01,^IXIC,1600.550048828125,1600.550048828125
1997-12-01,^IXIC,1570.3499755859375,1570.3499755859375
1998-01-01,^IXIC,1619.3599853515625,1619.3599853515625
1998-02-01,^IXIC,1770.510009765625,1770.510009765625
1998-03-01,^IXIC,1835.6800537109375,1835.6800537109375
1998-04-01,^IXIC,1868.4100341796875,1868.4100341796875
1998-05-01,^IXIC,1778.8699951171875,1778.8699951171875
1998-06-01,^IXIC,1894.739990234375,1894.739990234375
1998-07-01,^IXIC,1872.3900146484375,1872.3900146484375
1998-08-01,^IXIC,1499.25,1499.25
1998-09-01,^IXIC,1693.8399658203125,1693.8399658203125
1998-10-01,^IXIC,1771.3900146484375,1771.3900146484375
1998-11-01,^IXIC,1949.5400390625,1949.5400390625
1998-12-01,^IXIC,2192.68994140625,2192.68994140625
1999-01-01,^IXIC,2505.889892578125,2505.889892578125
1999-02-01,^IXIC,2288.030029296875,2288.030029296875
1999-03-01,^IXIC,2461.39990234375,2461.39990234375
1999-04-01,^IXIC,2542.860107421875,2542.860107421875
1999-05-01,^IXIC,2470.52001953125,2470.52001953125
1999-06-01,^IXIC,2686.1201171875,2686.1201171875
1999-07-01,^IXIC,2638.489990234375,2638.489990234375
1999-08-01,^IXIC,2739.35009765625,2739.35009765625
1999-09-01,^IXIC,2746.159912109375,2746.159912109375
1999-10-01,^IXIC,2966.429931640625,2966.429931640625
1999-11-01,^IXIC,3336.159912109375,3336.159912109375
1999-12-01,^IXIC,4069.31005859375,4069.31005859375
2000-01-01,^IXIC,3940.35009765625,3940.35009765625
2000-02-01,^IXIC,4696.68994140625,4696.68994140625
2000-03-01,^IXIC,4572.830078125,4572.830078125
2000-04-01,^IXIC,3860.659912109375,3860.659912109375
2000-05-01,^IXIC,3400.909912109375,3400.909912109375
2000-06-01,^IXIC,3966.110107421875,3966.110107421875
2000-07-01,^IXIC,3766.989990234375,3766.989990234375
2000-08-01,^IXIC,4206.35009765625,4206.35009765625
2000-09-01,^IXIC,3672.820068359375,3672.820068359375
2000-10-01,^IXIC,3369.6298828125,3369.6298828125
2000-11-01,^IXIC,2597.929931640625,2597.929931640625
2000-12-01,^IXIC,2470.52001953125,2470.52001953125
2001-01-01,^IXIC,2772.72998046875,2772.72998046875
2001-02-01,^IXIC,2151.830078125,2151.830078125
2001-03-01,^IXIC,1840.260009765625,1840.260009765625
2001-04-01,^IXIC,2116.239990234375,2116.239990234375
2001-05-01,^IXIC,2110.489990234375,2110.489990234375
2001-06-01,^IXIC,2160.5400390625,2160.5400390625
2001-07-01,^IXIC,2027.1300048828125,2027.1300048828125
2001-08-01,^IXIC,1805.4300537109375,1805.4300537109375
2001-09-01,^IXIC,1498.800048828125,1498.800048828125
2001-10-01,^IXIC,1690.199951171875,1690.199951171875
2001-11-01,^IXIC,1930.5799560546875,1930.5799560546875
2001-12-01,^IXIC,1950.4000244140625,1950.4000244140625
2002-01-01,^IXIC,1934.030029296875,1934.030029296875
2002-02-01,^IXIC,1731.489990234375,1731.489990234375
2002-03-01,^IXIC,1845.3499755859375,1845.3499755859375
2002-04-01,^IXIC,1688.22998046875,1688.22998046875
2002-05-01,^IXIC,1615.72998046875,1615.72998046875
2002-06-01,^IXIC,1463.2099609375,1463.2099609375
2002-07-01,^IXIC,1328.260009765625,1328.260009765625
2002-08-01,^IXIC,1314.8499755859375,1314.8499755859375
2002-09-01,^IXIC,1172.06005859375,1172.06005859375
2002-10-01,^IXIC,1329.75,1329.75
2002-11-01,^IXIC,1478.780029296875,1478.780029296875
2002-12-01,^IXIC,1335.510009765625,1335.510009765625
2003-01-01,^IXIC,1320.9100341796875,1320.9100341796875
2003-02-01,^IXIC,1337.52001953125,1337.52001953125
2003-03-01,^IXIC,1341.1700439453125,1341.1700439453125
2003-04-01,^IXIC,1464.31005859375,1464.31005859375
2003-05-01,^IXIC,1595.9100341796875,1595.9100341796875
2003-06-01,^IXIC,1622.800048828125,1622.800048828125
2003-07-01,^IXIC,1735.02001953125,1735.02001953125
2003-08-01,^IXIC,1810.449951171875,1810.449951171875
2003-09-01,^IXIC,1786.93994140625,1786.93994140625
2003-10-01,^IXIC,1932.2099609375,1932.2099609375
2003-11-01,^IXIC,1960.260009765625,1960.260009765625
2003-12-01,^IXIC,2003.3699951171875,2003.3699951171875
2004-01-01,^IXIC,2066.14990234375,2066.14990234375
2004-02-01,^IXIC,2029.8199462890625,2029.8199462890625
2004-03-01,^IXIC,1994.219970703125,1994.219970703125
2004-04-01,^IXIC,1920.1500244140625,1920.1500244140625
2004-05-01,^IXIC,1986.739990234375,1986.739990234375
2004-06-01,^IXIC,2047.7900390625,2047.7900390625
2004-07-01,^IXIC,1887.3599853515625,1887.3599853515625
2004-08-01,^IXIC,1838.0999755859375,1838.0999755859375
2004-09-01,^IXIC,1896.8399658203125,1896.8399658203125
2004-10-01,^IXIC,1974.989990234375,1974.989990234375
2004-11-01,^IXIC,2096.81005859375,2096.81005859375
2004-12-01,^IXIC,2175.43994140625,2175.43994140625
2005-01-01,^IXIC,2062.409912109375,2062.409912109375
2005-02-01,^IXIC,2051.719970703125,2051.719970703125
2005-03-01,^IXIC,1999.22998046875,1999.22998046875
2005-04-01,^IXIC,1921.6500244140625,1921.6500244140625
2005-05-01,^IXIC,2068.219970703125,2068.219970703125
2005-06-01,^IXIC,2056.9599609375,2056.9599609375
2005-07-01,^IXIC,2184.830078125,2184.830078125
2005-08-01,^IXIC,2152.090087890625,2152.090087890625
2005-09-01,^IXIC,2151.68994140625,2151.68994140625
2005-10-01,^IXIC,2120.300048828125,2120.300048828125
2005-11-01,^IXIC,2232.820068359375,2232.820068359375
2005-12-01,^IXIC,2205.320068359375,2205.320068359375
2006-01-01,^IXIC,2305.820068359375,2305.820068359375
2006-02-01,^IXIC,2281.389892578125,2281.389892578125
2006-03-01,^IXIC,2339.7900390625,2339.7900390625
2006-04-01,^IXIC,2322.570068359375,2322.570068359375
2006-05-01,^IXIC,2178.8798828125,2178.8798828125
2006-06-01,^IXIC,2172.090087890625,2172.090087890625
2006-07-01,^IXIC,2091.469970703125,2091.469970703125
2006-08-01,^IXIC,2183.75,2183.75
2006-09-01,^IXIC,2258.429931640625,2258.429931640625
2006-10-01,^IXIC,2366.7099609375,2366.7099609375
2006-11-01,^IXIC,2431.77001953125,2431.77001953125
2006-12-01,^IXIC,2415.2900390625,2415.2900390625
2007-01-01,^IXIC,2463.929931640625,2463.929931640625
2007-02-01,^IXIC,2416.14990234375,2416.14990234375
2007-03-01,^IXIC,2421.639892578125,2421.639892578125
2007-04-01,^IXIC,2525.090087890625,2525.090087890625
2007-05-01,^IXIC,2604.52001953125,2604.52001953125
2007-06-01,^IXIC,2603.22998046875,2603.22998046875
2007-07-01,^IXIC,2546.27001953125,2546.27001953125
2007-08-01,^IXIC,2596.360107421875,2596.360107421875
2007-09-01,^IXIC,2701.5,2701.5
2007-10-01,^IXIC,2859.1201171875,2859.1201171875
2007-11-01,^IXIC,2660.9599609375,2660.9599609375
2007-12-01,^IXIC,2652.280029296875,2652.280029296875
2008-01-01,^IXIC,2389.860107421875,2389.860107421875
2008-02-01,^IXIC,2271.47998046875,2271.47998046875
2008-03-01,^IXIC,2279.10009765625,2279.10009765625
2008-04-01,^IXIC,2412.800048828125,2412.800048828125
2008-05-01,^IXIC,2522.659912109375,2522.659912109375
2008-06-01,^IXIC,2292.97998046875,2292.97998046875
2008-07-01,^IXIC,2325.550048828125,2325.550048828125
2008-08-01,^IXIC,2367.52001953125,2367.52001953125
2008-09-01,^IXIC,2091.8798828125,2091.8798828125
2008-10-01,^IXIC,1720.949951171875,1720.949951171875
2008-11-01,^IXIC,1535.5699462890625,1535.5699462890625
2008-12-01,^IXIC,1577.030029296875,1577.030029296875
2009-01-01,^IXIC,1476.4200439453125,1476.4200439453125
2009-02-01,^IXIC,1377.8399658203125,1377.8399658203125
2009-03-01,^IXIC,1528.5899658203125,1528.5899658203125
2009-04-01,^IXIC,1717.300048828125,1717.300048828125
2009-05-01,^IXIC,1774.3299560546875,1774.3299560546875
2009-06-01,^IXIC,1835.0400390625,1835.0400390625
2009-07-01,^IXIC,1978.5,1978.5
2009-08-01,^IXIC,2009.06005859375,2009.06005859375
2009-09-01,^IXIC,2122.419921875,2122.419921875
2009-10-01,^IXIC,2045.1099853515625,2045.1099853515625
2009-11-01,^IXIC,2144.60009765625,2144.60009765625
2009-12-01,^IXIC,2269.14990234375,2269.14990234375
2010-01-01,^IXIC,2147.35009765625,2147.35009765625
2010-02-01,^IXIC,2238.260009765625,2238.260009765625
2010-03-01,^IXIC,2397.9599609375,2397.9599609375
2010-04-01,^IXIC,2461.18994140625,2461.18994140625
2010-05-01,^IXIC,2257.0400390625,2257.0400390625
2010-06-01,^IXIC,2109.239990234375,2109.239990234375
2010-07-01,^IXIC,2254.699951171875,2254.699951171875
2010-08-01,^IXIC,2114.030029296875,2114.030029296875
2010-09-01,^IXIC,2368.6201171875,2368.6201171875
2010-10-01,^IXIC,2507.409912109375,2507.409912109375
2010-11-01,^IXIC,2498.22998046875,2498.22998046875
2010-12-01,^IXIC,2652.8701171875,2652.8701171875
2011-01-01,^IXIC,2700.080078125,2700.080078125
2011-02-01,^IXIC,2782.27001953125,2782.27001953125
2011-03-01,^IXIC,2781.070068359375,2781.070068359375
2011-04-01,^IXIC,2873.5400390625,2873.5400390625
2011-05-01,^IXIC,2835.300048828125,2835.300048828125
2011-06-01,^IXIC,2773.52001953125,2773.52001953125
2011-07-01,^IXIC,2756.3798828125,2756.3798828125
2011-08-01,^IXIC,2579.4599609375,2579.4599609375
2011-09-01,^IXIC,2415.39990234375,2415.39990234375
2011-10-01,^IXIC,2684.409912109375,2684.409912109375
2011-11-01,^IXIC,2620.340087890625,2620.340087890625
2011-12-01,^IXIC,2605.14990234375,2605.14990234375
2012-01-01,^IXIC,2813.840087890625,2813.840087890625
2012-02-01,^IXIC,2966.889892578125,2966.889892578125
2012-03-01,^IXIC,3091.570068359375,3091.570068359375
2012-04-01,^IXIC,3046.360107421875,3046.360107421875
2012-05-01,^IXIC,2827.340087890625,2827.340087890625
2012-06-01,^IXIC,2935.050048828125,2935.050048828125
2012-07-01,^IXIC,2939.52001953125,2939.52001953125
2012-08-01,^IXIC,3066.9599609375,3066.9599609375
2012-09-01,^IXIC,3116.22998046875,3116.22998046875
2012-10-01,^IXIC,2977.22998046875,2977.22998046875
2012-11-01,^IXIC,3010.239990234375,3010.239990234375
2012-12-01,^IXIC,3019.510009765625,3019.510009765625
2013-01-01,^IXIC,3142.1298828125,3142.1298828125
2013-02-01,^IXIC,3160.18994140625,3160.18994140625
2013-03-01,^IXIC,3267.52001953125,3267.52001953125
2013-04-01,^IXIC,3328.7900390625,3328.7900390625
2013-05-01,^IXIC,3455.909912109375,3455.909912109375
2013-06-01,^IXIC,3403.25,3403.25
2013-07-01,^IXIC,3626.3701171875,3626.3701171875
2013-08-01,^IXIC,3589.8701171875,3589.8701171875
2013-09-01,^IXIC,3771.47998046875,3771.47998046875
2013-10-01,^IXIC,3919.7099609375,3919.7099609375
2013-11-01,^IXIC,4059.889892578125,4059.889892578125
2013-12-01,^IXIC,4176.58984375,4176.58984375
2014-01-01,^IXIC,4103.8798828125,4103.8798828125
2014-02-01,^IXIC,4308.1201171875,4308.1201171875
2014-03-01,^IXIC,4198.990234375,4198.990234375
2014-04-01,^IXIC,4114.56005859375,4114.56005859375
2014-05-01,^IXIC,4242.6201171875,4242.6201171875
2014-06-01,^IXIC,4408.18017578125,4408.18017578125
2014-07-01,^IXIC,4369.77001953125,4369.77001953125
2014-08-01,^IXIC,4580.27001953125,4580.27001953125
2014-09-01,^IXIC,4493.39013671875,4493.39013671875
2014-10-01,^IXIC,4630.740234375,4630.740234375
2014-11-01,^IXIC,4791.6298828125,4791.6298828125
2014-12-01,^IXIC,4736.0498046875,4736.0498046875
2015-01-01,^IXIC,4635.240234375,4635.240234375
2015-02-01,^IXIC,4963.52978515625,4963.52978515625
2015-03-01,^IXIC,4900.8798828125,4900.8798828125
2015-04-01,^IXIC,4941.419921875,4941.419921875
2015-05-01,^IXIC,5070.02978515625,5070.02978515625
2015-06-01,^IXIC,4986.8701171875,4986.8701171875
2015-07-01,^IXIC,5128.27978515625,5128.27978515625
2015-08-01,^IXIC,4776.509765625,4776.509765625
2015-09-01,^IXIC,4620.16015625,4620.16015625
2015-10-01,^IXIC,5053.75,5053.75
2015-11-01,^IXIC,5108.669921875,5108.669921875
2015-12-01,^IXIC,5007.41015625,5007.41015625
2016-01-01,^IXIC,4613.9501953125,4613.9501953125
2016-02-01,^IXIC,4557.9501953125,4557.9501953125
2016-03-01,^IXIC,4869.85009765625,4869.85009765625
2016-04-01,^IXIC,4775.35986328125,4775.35986328125
2016-05-01,^IXIC,4948.0498046875,4948.0498046875
2016-06-01,^IXIC,4842.669921875,4842.669921875
2016-07-01,^IXIC,5162.1298828125,5162.1298828125
2016-08-01,^IXIC,5213.22021484375,5213.22021484375
2016-09-01,^IXIC,5312.0,5312.0
2016-10-01,^IXIC,5189.14013671875,5189.14013671875
2016-11-01,^IXIC,5323.68017578125,5323.68017578125
2016-12-01,^IXIC,5383.1201171875,5383.1201171875
2017-01-01,^IXIC,5614.7900390625,5614.7900390625
2017-02-01,^IXIC,5825.43994140625,5825.43994140625
2017-03-01,^IXIC,5911.740234375,5911.740234375
2017-04-01,^IXIC,6047.60986328125,6047.60986328125
2017-05-01,^IXIC,6198.52001953125,6198.52001953125
2017-06-01,^IXIC,6140.419921875,6140.419921875
2017-07-01,^IXIC,6348.1201171875,6348.1201171875
2017-08-01,^IXIC,6428.66015625,6428.66015625
2017-09-01,^IXIC,6495.9599609375,6495.9599609375
2017-10-01,^IXIC,6727.669921875,6727.669921875
2017-11-01,^IXIC,6873.97021484375,6873.97021484375
2017-12-01,^IXIC,6903.39013671875,6903.39013671875
2018-01-01,^IXIC,7411.47998046875,7411.47998046875
2018-02-01,^IXIC,7273.009765625,7273.009765625
2018-03-01,^IXIC,7063.4501953125,7063.4501953125
2018-04-01,^IXIC,7066.27001953125,7066.27001953125
2018-05-01,^IXIC,7442.1201171875,7442.1201171875
2018-06-01,^IXIC,7510.2998046875,7510.2998046875
2018-07-01,^IXIC,7671.7900390625,7671.7900390625
2018-08-01,^IXIC,8109.5400390625,8109.5400390625
2018-09-01,^IXIC,8046.35009765625,8046.35009765625
2018-10-01,^IXIC,7305.89990234375,7305.89990234375
2018-11-01,^IXIC,7330.5400390625,7330.5400390625
2018-12-01,^IXIC,6635.27978515625,6635.27978515625
2019-01-01,^IXIC,7281.740234375,7281.740234375
2019-02-01,^IXIC,7532.52978515625,7532.52978515625
2019-03-01,^IXIC,7729.31982421875,7729.31982421875
2019-04-01,^IXIC,8095.39013671875,8095.39013671875
2019-05-01,^IXIC,7453.14990234375,7453.14990234375
2019-06-01,^IXIC,8006.240234375,8006.240234375
2019-07-01,^IXIC,8175.419921875,8175.419921875
2019-08-01,^IXIC,7962.8798828125,7962.8798828125
2019-09-01,^IXIC,7999.33984375,7999.33984375
2019-10-01,^IXIC,8292.3603515625,8292.3603515625
2019-11-01,^IXIC,8665.4697265625,8665.4697265625
2019-12-01,^IXIC,8972.599609375,8972.599609375
2020-01-01,^IXIC,9150.9404296875,9150.9404296875
2020-02-01,^IXIC,8567.3701171875,8567.3701171875
2020-03-01,^IXIC,7700.10009765625,7700.10009765625
2020-04-01,^IXIC,8889.5498046875,8889.5498046875
2020-05-01,^IXIC,9489.8701171875,9489.8701171875
2020-06-01,^IXIC,10058.76953125,10058.76953125
2020-07-01,^IXIC,10745.26953125,10745.26953125
2020-08-01,^IXIC,11775.4599609375,11775.4599609375
2020-09-01,^IXIC,11167.509765625,11167.509765625
2020-10-01,^IXIC,10911.58984375,10911.58984375
2020-11-01,^IXIC,12198.740234375,12198.740234375
2020-12-01,^IXIC,12888.2802734375,12888.2802734375
2021-01-01,^IXIC,13070.6904296875,13070.6904296875
2021-02-01,^IXIC,13192.349609375,13192.349609375
2021-03-01,^IXIC,13246.8701171875,13246.8701171875
2021-04-01,^IXIC,13962.6796875,13962.6796875
2021-05-01,^IXIC,13748.740234375,13748.740234375
2021-06-01,^IXIC,14503.9501953125,14503.9501953125
2021-07-01,^IXIC,14672.6796875,14672.6796875
2021-08-01,^IXIC,15259.240234375,15259.240234375
2021-09-01,^IXIC,14448.580078125,14448.580078125
2021-10-01,^IXIC,15498.3896484375,15498.3896484375
2021-11-01,^IXIC,15537.6904296875,15537.6904296875
2021-12-01,^IXIC,15644.9697265625,15644.9697265625
2022-01-01,^IXIC,14239.8798828125,14239.8798828125
2022-02-01,^IXIC,13751.400390625,13751.400390625
2022-03-01,^IXIC,14220.51953125,14220.51953125
2022-04-01,^IXIC,12334.6396484375,12334.6396484375
2022-05-01,^IXIC,12081.3896484375,12081.3896484375
2022-06-01,^IXIC,11028.740234375,11028.740234375
2022-07-01,^IXIC,12390.6904296875,12390.6904296875
2022-08-01,^IXIC,11816.2001953125,11816.2001953125
2022-09-01,^IXIC,10575.6201171875,10575.6201171875
2022-10-01,^IXIC,10988.150390625,10988.150390625
2022-11-01,^IXIC,11468.0,11468.0
2022-12-01,^IXIC,10466.48046875,10466.48046875
2023-01-01,^IXIC,11584.5498046875,11584.5498046875
2023-02-01,^IXIC,11455.5400390625,11455.5400390625
2023-03-01,^IXIC,12221.91015625,12221.91015625
2023-04-01,^IXIC,12226.580078125,12226.580078125
2023-05-01,^IXIC,12935.2900390625,12935.2900390625
2023-06-01,^IXIC,13787.919921875,13787.919921875
2023-07-01,^IXIC,14346.01953125,14346.01953125
2023-08-01,^IXIC,14034.9697265625,14034.9697265625
2023-09-01,^IXIC,13219.3203125,13219.3203125
2023-10-01,^IXIC,12851.240234375,12851.240234375
2023-11-01,^IXIC,14226.2197265625,14226.2197265625
2023-12-01,^IXIC,15011.349609375,15011.349609375
2024-01-01,^IXIC,15164.009765625,15164.009765625
2024-02-01,^IXIC,16091.919921875,16091.919921875
2024-03-01,^IXIC,16379.4599609375,16379.4599609375
2024-04-01,^IXIC,15657.8203125,15657.8203125
2024-05-01,^IXIC,16735.01953125,16735.01953125
2024-06-01,^IXIC,17732.599609375,17732.599609375
2024-07-01,^IXIC,17599.400390625,17599.400390625
2024-08-01,^IXIC,17713.619140625,17713.619140625
2024-09-01,^IXIC,18189.169921875,18189.169921875
2024-10-01,^IXIC,18095.150390625,18095.150390625
2024-11-01,^IXIC,19218.169921875,19218.169921875
2024-12-01,^IXIC,19310.7890625,19310.7890625
2025-01-01,^IXIC,19627.439453125,19627.439453125
2025-02-01,^IXIC,18847.279296875,18847.279296875
2025-03-01,^IXIC,17299.2890625,17299.2890625
2025-04-01,^IXIC,17446.33984375,17446.33984375
2025-05-01,^IXIC,19113.76953125,19113.76953125
2025-06-01,^IXIC,20369.73046875,20369.73046875
2025-07-01,^IXIC,21122.44921875,21122.44921875
2025-08-01,^IXIC,21455.55078125,21455.55078125
2025-09-01,^IXIC,22660.009765625,22660.009765625
2025-10-01,^IXIC,23724.9609375,23724.9609375
2025-11-01,^IXIC,23365.689453125,23365.689453125
2025-12-01,^IXIC,23241.990234375,23241.990234375
2026-01-01,^IXIC,23461.8203125,23461.8203125
2026-02-01,^IXIC,22668.2109375,22668.2109375
2026-03-01,^IXIC,21590.630859375,21590.630859375
2026-04-01,^IXIC,24892.310546875,24892.310546875
2026-05-01,^IXIC,26972.619140625,26972.619140625
2026-06-01,^IXIC,26213.720703125,26213.720703125
2026-07-01,^IXIC,25373.849609375,25373.849609375
2026-08-01,^IXIC,26370.890625,26370.890625
2026-09-01,^IXIC,26861.060546875,26861.060546875
2026-10-01,^IXIC,27471.576171875,27471.576171875
1999-01-01,NVDA,0.0395830012857914,0.03620634600520134
1999-02-01,NVDA,0.04570300132036209,0.04180426150560379
1999-03-01,NVDA,0.04400999844074249,0.04025568068027496
1999-04-01,NVDA,0.03802099823951721,0.03477758169174194
1999-05-01,NVDA,0.03554699942469597,0.032514628022909164
1999-06-01,NVDA,0.03984399884939194,0.036445070058107376
1999-07-01,NVDA,0.041926998645067215,0.038350384682416916
1999-08-01,NVDA,0.05859399959445,0.053595587611198425
1999-09-01,NVDA,0.04010400176048279,0.03668288514018059
1999-10-01,NVDA,0.04609400033950806,0.04216192290186882
1999-11-01,NVDA,0.07213500142097473,0.06598147004842758
1999-12-01,NVDA,0.09778600186109543,0.08944427222013474
2000-01-01,NVDA,0.07721400260925293,0.07062719762325287
2000-02-01,NVDA,0.1333329975605011,0.1219588965177536
2000-03-01,NVDA,0.17600899934768677,0.16099442541599274
2000-04-01,NVDA,0.18567700684070587,0.16983765363693237
2000-05-01,NVDA,0.2377600073814392,0.21747757494449615
2000-06-01,NVDA,0.26484400033950806,0.24225129187107086
2000-07-01,NVDA,0.25,0.22867347300052643
2000-08-01,NVDA,0.33072900772094727,0.30251583456993103
2000-09-01,NVDA,0.34114599227905273,0.31204426288604736
2000-10-01,NVDA,0.25891900062561035,0.23683175444602966
2000-11-01,NVDA,0.16875000298023224,0.15435466170310974
2000-12-01,NVDA,0.13652299344539642,0.12487678229808807
2001-01-01,NVDA,0.21510399878025055,0.1967543363571167
2001-02-01,NVDA,0.18619799613952637,0.170314222574234
2001-03-01,NVDA,0.2705079913139343,0.24743203818798065
2001-04-01,NVDA,0.3470830023288727,0.3174746632575989
2001-05-01,NVDA,0.35670799016952515,0.32627853751182556
2001-06-01,NVDA,0.38645800948143005,0.35349079966545105
2001-07-01,NVDA,0.33708301186561584,0.3083277642726898
2001-08-01,NVDA,0.35295799374580383,0.3228485882282257
2001-09-01,NVDA,0.22891700267791748,0.20938903093338013
2001-10-01,NVDA,0.35716700553894043,0.32669851183891296
2001-11-01,NVDA,0.45533299446105957,0.41649043560028076
2001-12-01,NVDA,0.5575000047683716,0.5099418759346008
2002-01-01,NVDA,0.5478330254554749,0.501099705696106
2002-02-01,NVDA,0.4250830113887787,0.3888208866119385
2002-03-01,NVDA,0.3696669936180115,0.33813217282295227
2002-04-01,NVDA,0.29008299112319946,0.26533713936805725
2002-05-01,NVDA,0.2788330018520355,0.2550468444824219
2002-06-01,NVDA,0.14316700398921967,0.1309540569782257
2002-07-01,NVDA,0.09224999696016312,0.08438050001859665
2002-08-01,NVDA,0.0841670036315918,0.07698704302310944
2002-09-01,NVDA,0.07133299857378006,0.06524790078401566
2002-10-01,NVDA,0.09916699677705765,0.0907074436545372
2002-11-01,NVDA,0.14274999499320984,0.1305726170539856
2002-12-01,NVDA,0.0959170013666153,0.08773469924926758
2003-01-01,NVDA,0.0860000029206276,0.07866370677947998
2003-02-01,NVDA,0.10516700148582458,0.09619559347629547
2003-03-01,NVDA,0.1073329970240593,0.09817682951688766
2003-04-01,NVDA,0.11941699683666229,0.10923005640506744
2003-05-01,NVDA,0.218082994222641,0.19947923719882965
2003-06-01,NVDA,0.1909170001745224,0.17463061213493347
2003-07-01,NVDA,0.15908299386501312,0.14551223814487457
2003-08-01,NVDA,0.15141700208187103,0.13850024342536926
2003-09-01,NVDA,0.13308300077915192,0.12173020094633102
2003-10-01,NVDA,0.14733299612998962,0.1347646266222
2003-11-01,NVDA,0.17691700160503387,0.16182495653629303
2003-12-01,NVDA,0.1933329999446869,0.17684060335159302
2004-01-01,NVDA,0.18541699647903442,0.16959978640079498
2004-02-01,NVDA,0.18541699647903442,0.16959978640079498
2004-03-01,NVDA,0.2199999988079071,0.2012326866388321
2004-04-01,NVDA,0.17100000381469727,0.15641269087791443
2004-05-01,NVDA,0.19541700184345245,0.17874675989151
2004-06-01,NVDA,0.17058299481868744,0.15603125095367432
2004-07-01,NVDA,0.12849999964237213,0.11753819137811661
2004-08-01,NVDA,0.10383299738168716,0.09497537463903427
2004-09-01,NVDA,0.12099999934434891,0.11067797243595123
2004-10-01,NVDA,0.12058299779891968,0.11029653251171112
2004-11-01,NVDA,0.15941700339317322,0.1458178013563156
2004-12-01,NVDA,0.19633300602436066,0.17958462238311768
2005-01-01,NVDA,0.19099999964237213,0.17470654845237732
2005-02-01,NVDA,0.24158300459384918,0.22097451984882355
2005-03-01,NVDA,0.1979999989271164,0.18110936880111694
2005-04-01,NVDA,0.18275000154972076,0.167160302400589
2005-05-01,NVDA,0.225832998752594,0.20656810700893402
2005-06-01,NVDA,0.22266699373722076,0.20367218554019928
2005-07-01,NVDA,0.22550000250339508,0.206263467669487
2005-08-01,NVDA,0.2556670010089874,0.2338571399450302
2005-09-01,NVDA,0.2856670022010803,0.26129794120788574
2005-10-01,NVDA,0.27958300709724426,0.2557329833507538
2005-11-01,NVDA,0.30125001072883606,0.27555155754089355
2005-12-01,NVDA,0.30466699600219727,0.2786770761013031
2006-01-01,NVDA,0.3746669888496399,0.342705637216568
2006-02-01,NVDA,0.39274999499320984,0.35924607515335083
2006-03-01,NVDA,0.477167010307312,0.4364617168903351
2006-04-01,NVDA,0.4869999885559082,0.44545599818229675
2006-05-01,NVDA,0.382999986410141,0.350327730178833
2006-06-01,NVDA,0.3548330068588257,0.32456353306770325
2006-07-01,NVDA,0.36899998784065247,0.3375220000743866
2006-08-01,NVDA,0.485166996717453,0.443779319524765
2006-09-01,NVDA,0.4931670129299164,0.45109689235687256
2006-10-01,NVDA,0.5811669826507568,0.5315899848937988
2006-11-01,NVDA,0.6165000200271606,0.5639086961746216
2006-12-01,NVDA,0.616832971572876,0.5642134547233582
2007-01-01,NVDA,0.5108330249786377,0.4672560393810272
2007-02-01,NVDA,0.5166670083999634,0.47259217500686646
2007-03-01,NVDA,0.4796670079231262,0.4387485384941101
2007-04-01,NVDA,0.5481669902801514,0.5014050006866455
2007-05-01,NVDA,0.5773329734802246,0.528083086013794
2007-06-01,NVDA,0.6884999871253967,0.6297669410705566
2007-07-01,NVDA,0.7626670002937317,0.6976068615913391
2007-08-01,NVDA,0.852666974067688,0.779929518699646
2007-09-01,NVDA,0.906000018119812,0.8287128806114197
2007-10-01,NVDA,0.8845000267028809,0.8090468645095825
2007-11-01,NVDA,0.7885000109672546,0.7212365865707397
2007-12-01,NVDA,0.8504999876022339,0.777947187423706
2008-01-01,NVDA,0.6147500276565552,0.5623081922531128
2008-02-01,NVDA,0.5347499847412109,0.4891325831413269
2008-03-01,NVDA,0.4947499930858612,0.4525449573993683
2008-04-01,NVDA,0.5137500166893005,0.46992406249046326
2008-05-01,NVDA,0.6175000071525574,0.5648236274719238
2008-06-01,NVDA,0.46799999475479126,0.4280766546726227
2008-07-01,NVDA,0.28600001335144043,0.2616024315357208
2008-08-01,NVDA,0.3160000145435333,0.2890433371067047
2008-09-01,NVDA,0.26774999499320984,0.24490927159786224
2008-10-01,NVDA,0.21899999678134918,0.20031800866127014
2008-11-01,NVDA,0.18674999475479126,0.17081910371780396
2008-12-01,NVDA,0.2017499953508377,0.18453949689865112
2009-01-01,NVDA,0.19875000417232513,0.18179546296596527
2009-02-01,NVDA,0.2070000022649765,0.18934166431427002
2009-03-01,NVDA,0.24650000035762787,0.2254720777273178
2009-04-01,NVDA,0.28700000047683716,0.26251712441444397
2009-05-01,NVDA,0.2607499957084656,0.2385064661502838
2009-06-01,NVDA,0.28224998712539673,0.2581724226474762
2009-07-01,NVDA,0.3232499957084656,0.2956748902797699
2009-08-01,NVDA,0.3630000054836273,0.3320339322090149
2009-09-01,NVDA,0.37575000524520874,0.3436962068080902
2009-10-01,NVDA,0.29899999499320984,0.2734934985637665
2009-11-01,NVDA,0.3264999985694885,0.29864758253097534
2009-12-01,NVDA,0.46700000762939453,0.42716214060783386
2010-01-01,NVDA,0.38475000858306885,0.35192859172821045
2010-02-01,NVDA,0.4050000011920929,0.3704511225223541
2010-03-01,NVDA,0.4350000023841858,0.39789193868637085
2010-04-01,NVDA,0.39274999499320984,0.35924607515335083
2010-05-01,NVDA,0.32850000262260437,0.300476998090744
2010-06-01,NVDA,0.2552500069141388,0.2334757298231125
2010-07-01,NVDA,0.22975000739097595,0.21015100181102753
2010-08-01,NVDA,0.23325000703334808,0.21335236728191376
2010-09-01,NVDA,0.2919999957084656,0.26709064841270447
2010-10-01,NVDA,0.3005000054836273,0.2748655676841736
2010-11-01,NVDA,0.3402499854564667,0.3112245798110962
2010-12-01,NVDA,0.38499999046325684,0.3521572947502136
2011-01-01,NVDA,0.5979999899864197,0.546986997127533
2011-02-01,NVDA,0.5665000081062317,0.5181741714477539
2011-03-01,NVDA,0.46149998903274536,0.42213138937950134
2011-04-01,NVDA,0.5,0.45734694600105286
2011-05-01,NVDA,0.5009999871253967,0.45826178789138794
2011-06-01,NVDA,0.398499995470047,0.3645055592060089
2011-07-01,NVDA,0.34575000405311584,0.3162555992603302
2011-08-01,NVDA,0.33274999260902405,0.3043644428253174
2011-09-01,NVDA,0.3127500116825104,0.2860705554485321
2011-10-01,NVDA,0.3700000047683716,0.3384368121623993
2011-11-01,NVDA,0.390749990940094,0.35741671919822693
2011-12-01,NVDA,0.3465000092983246,0.3169415295124054
2012-01-01,NVDA,0.36924999952316284,0.33775070309638977
2012-02-01,NVDA,0.3787499964237213,0.34644049406051636
2012-03-01,NVDA,0.38499999046325684,0.3521572947502136
2012-04-01,NVDA,0.32499998807907104,0.2972755432128906
2012-05-01,NVDA,0.31075000762939453,0.2842411994934082
2012-06-01,NVDA,0.34549999237060547,0.3160267174243927
2012-07-01,NVDA,0.3384999930858612,0.309624046087265
2012-08-01,NVDA,0.35074999928474426,0.320828914642334
2012-09-01,NVDA,0.3334999978542328,0.30505049228668213
2012-10-01,NVDA,0.2994999885559082,0.27395087480545044
2012-11-01,NVDA,0.2992500066757202,0.2754879593849182
2012-12-01,NVDA,0.30649998784065247,0.28216245770454407
2013-01-01,NVDA,0.30649998784065247,0.28216245770454407
2013-02-01,NVDA,0.3165000081062317,0.2931560277938843
2013-03-01,NVDA,0.32074999809265137,0.2970925569534302
2013-04-01,NVDA,0.34424999356269836,0.3188591003417969
2013-05-01,NVDA,0.3617500066757202,0.3367704451084137
2013-06-01,NVDA,0.35100001096725464,0.3267628252506256
2013-07-01,NVDA,0.3610000014305115,0.33607226610183716
2013-08-01,NVDA,0.3687500059604645,0.34501785039901733
2013-09-01,NVDA,0.3889999985694885,0.3639647364616394
2013-10-01,NVDA,0.37975001335144043,0.35530996322631836
2013-11-01,NVDA,0.38999998569488525,0.36687660217285156
2013-12-01,NVDA,0.40049999952316284,0.3767540156841278
2014-01-01,NVDA,0.39250001311302185,0.3692283630371094
2014-02-01,NVDA,0.4595000147819519,0.43420761823654175
2014-03-01,NVDA,0.4477500021457672,0.4231043756008148
2014-04-01,NVDA,0.46175000071525574,0.43633371591567993
2014-05-01,NVDA,0.4749999940395355,0.4509217143058777
2014-06-01,NVDA,0.4634999930858612,0.44000473618507385
2014-07-01,NVDA,0.4375,0.4153226912021637
2014-08-01,NVDA,0.48625001311302185,0.46364352107048035
2014-09-01,NVDA,0.4612500071525574,0.4398057758808136
2014-10-01,NVDA,0.4884999990463257,0.46578890085220337
2014-11-01,NVDA,0.5242499709129333,0.5019921660423279
2014-12-01,NVDA,0.5012500286102295,0.4799688756465912
2015-01-01,NVDA,0.47999998927116394,0.4596208930015564
2015-02-01,NVDA,0.5515000224113464,0.5301187038421631
2015-03-01,NVDA,0.5232499837875366,0.5029640197753906
2015-04-01,NVDA,0.5550000071525574,0.5334830284118652
2015-05-01,NVDA,0.5532500147819519,0.5342622995376587
2015-06-01,NVDA,0.5027499794960022,0.48549550771713257
2015-07-01,NVDA,0.4987500011920929,0.4816328287124634
2015-08-01,NVDA,0.5619999766349792,0.5449957251548767
2015-09-01,NVDA,0.6162499785423279,0.5976041555404663
2015-10-01,NVDA,0.7092499732971191,0.6877901554107666
2015-11-01,NVDA,0.7929999828338623,0.7719261646270752
2015-12-01,NVDA,0.8240000009536743,0.8021026253700256
2016-01-01,NVDA,0.7322499752044678,0.7127905488014221
2016-02-01,NVDA,0.7839999794960022,0.7659459114074707
2016-03-01,NVDA,0.890749990940094,0.8702377676963806
2016-04-01,NVDA,0.8882499933242798,0.8677950501441956
2016-05-01,NVDA,1.1679999828338623,1.1440664529800415
2016-06-01,NVDA,1.1752500534057617,1.1511675119400024
2016-07-01,NVDA,1.4275000095367432,1.3982487916946411
2016-08-01,NVDA,1.5334999561309814,1.5048445463180542
2016-09-01,NVDA,1.7130000591278076,1.6809905767440796
2016-10-01,NVDA,1.7790000438690186,1.7457571029663086
2016-11-01,NVDA,2.305000066757202,2.2653143405914307
2016-12-01,NVDA,2.6684999465942383,2.6225569248199463
2017-01-01,NVDA,2.7295000553131104,2.682506561279297
2017-02-01,NVDA,2.5369999408721924,2.496466875076294
2017-03-01,NVDA,2.723249912261963,2.679741144180298
2017-04-01,NVDA,2.6075000762939453,2.5658414363861084
2017-05-01,NVDA,3.608750104904175,3.5548343658447266
2017-06-01,NVDA,3.614000082015991,3.5600056648254395
2017-07-01,NVDA,4.062749862670898,4.002049446105957
2017-08-01,NVDA,4.236000061035156,4.176388263702393
2017-09-01,NVDA,4.469250202178955,4.406352519989014
2017-10-01,NVDA,5.170249938964844,5.097488880157471
2017-11-01,NVDA,5.017749786376953,4.950571060180664
2017-12-01,NVDA,4.837500095367432,4.772735595703125
2018-01-01,NVDA,6.144999980926514,6.062729358673096
2018-02-01,NVDA,6.050000190734863,5.972711086273193
2018-03-01,NVDA,5.789750099182129,5.715785980224609
2018-04-01,NVDA,5.622499942779541,5.55067253112793
2018-05-01,NVDA,6.304749965667725,6.228055953979492
2018-06-01,NVDA,5.922500133514404,5.850454807281494
2018-07-01,NVDA,6.121500015258789,6.0470356941223145
2018-08-01,NVDA,7.017000198364258,6.935434818267822
2018-09-01,NVDA,7.0254998207092285,6.94383430480957
2018-10-01,NVDA,5.270750045776367,5.209482192993164
2018-11-01,NVDA,4.085750102996826,4.04229736328125
2018-12-01,NVDA,3.3375000953674316,3.3020055294036865
2019-01-01,NVDA,3.59375,3.555530309677124
2019-02-01,NVDA,3.8564999103546143,3.819417715072632
2019-03-01,NVDA,4.488999843597412,4.445836067199707
2019-04-01,NVDA,4.525000095367432,4.481489658355713
2019-05-01,NVDA,3.3864998817443848,3.3577654361724854
2019-06-01,NVDA,4.10575008392334,4.070913314819336
2019-07-01,NVDA,4.2179999351501465,4.1822099685668945
2019-08-01,NVDA,4.187749862670898,4.156327247619629
2019-09-01,NVDA,4.351749897003174,4.31909704208374
2019-10-01,NVDA,5.0254998207092285,4.987790107727051
2019-11-01,NVDA,5.418499946594238,5.381811141967773
2019-12-01,NVDA,5.882500171661377,5.8426690101623535
2020-01-01,NVDA,5.910749912261963,5.870725631713867
2020-02-01,NVDA,6.7517499923706055,6.710043907165527
2020-03-01,NVDA,6.590000152587891,6.54929256439209
2020-04-01,NVDA,7.307000160217285,7.261862277984619
2020-05-01,NVDA,8.875499725341797,8.820672988891602
2020-06-01,NVDA,9.497750282287598,9.443389892578125
2020-07-01,NVDA,10.614749908447266,10.553995132446289
2020-08-01,NVDA,13.374500274658203,13.297948837280273
2020-09-01,NVDA,13.530500411987305,13.457082748413086
2020-10-01,NVDA,12.534000396728516,12.46599006652832
2020-11-01,NVDA,13.40149974822998,13.328782081604004
2020-12-01,NVDA,13.055000305175781,12.987998008728027
2021-01-01,NVDA,12.989749908447266,12.923084259033203
2021-02-01,NVDA,13.714500427246094,13.644111633300781
2021-03-01,NVDA,13.348250389099121,13.284329414367676
2021-04-01,NVDA,15.009499549865723,14.9376220703125
2021-05-01,NVDA,16.24449920654297,16.166702270507812
2021-06-01,NVDA,20.002500534057617,19.911273956298828
2021-07-01,NVDA,19.499000549316406,19.410064697265625
2021-08-01,NVDA,22.385000228881836,22.286834716796875
2021-09-01,NVDA,20.715999603271484,20.625160217285156
2021-10-01,NVDA,25.566999435424805,25.454879760742188
2021-11-01,NVDA,32.67599868774414,32.53270721435547
2021-12-01,NVDA,29.410999298095703,29.285612106323242
2022-01-01,NVDA,24.486000061035156,24.381610870361328
2022-02-01,NVDA,24.385000228881836,24.281034469604492
2022-03-01,NVDA,27.285999298095703,27.174297332763672
2022-04-01,NVDA,18.547000885009766,18.47107696533203
2022-05-01,NVDA,18.672000885009766,18.595563888549805
2022-06-01,NVDA,15.159000396728516,15.100135803222656
2022-07-01,NVDA,18.163000106811523,18.092470169067383
2022-08-01,NVDA,15.093999862670898,15.035387992858887
2022-09-01,NVDA,12.138999938964844,12.095455169677734
2022-10-01,NVDA,13.496999740600586,13.44858169555664
2022-11-01,NVDA,16.92300033569336,16.866605758666992
2022-12-01,NVDA,14.61400032043457,14.565302848815918
2023-01-01,NVDA,19.53700065612793,19.471899032592773
2023-02-01,NVDA,23.215999603271484,23.138635635375977
2023-03-01,NVDA,27.777000427246094,27.68914222717285
2023-04-01,NVDA,27.749000549316406,27.661231994628906
2023-05-01,NVDA,37.83399963378906,37.71432876586914
2023-06-01,NVDA,42.301998138427734,42.17256164550781
2023-07-01,NVDA,46.729000091552734,46.58601379394531
2023-08-01,NVDA,49.35499954223633,49.2039794921875
2023-09-01,NVDA,43.499000549316406,43.36947250366211
2023-10-01,NVDA,40.779998779296875,40.6585693359375
2023-11-01,NVDA,46.77000045776367,46.63072967529297
2023-12-01,NVDA,49.52199935913086,49.378875732421875
2024-01-01,NVDA,61.527000427246094,61.34918975830078
2024-02-01,NVDA,79.11199951171875,78.88336181640625
2024-03-01,NVDA,90.35600280761719,90.0990982055664
2024-04-01,NVDA,86.4020004272461,86.15634155273438
2024-05-01,NVDA,109.63300323486328,109.32128143310547
2024-06-01,NVDA,123.54000091552734,123.19886779785156
2024-07-01,NVDA,117.0199966430664,116.69686126708984
2024-08-01,NVDA,119.37000274658203,119.04037475585938
2024-09-01,NVDA,121.44000244140625,121.11502838134766
2024-10-01,NVDA,132.75999450683594,132.4047088623047
2024-11-01,NVDA,138.25,137.88003540039062
2024-12-01,NVDA,134.2899932861328,133.93984985351562
2025-01-01,NVDA,120.06999969482422,119.7569351196289
2025-02-01,NVDA,124.91999816894531,124.59429168701172
2025-03-01,NVDA,108.37999725341797,108.10735321044922
2025-04-01,NVDA,108.91999816894531,108.64599609375
2025-05-01,NVDA,135.1300048828125,134.7900848388672
2025-06-01,NVDA,157.99000549316406,157.603515625
2025-07-01,NVDA,177.8699951171875,177.4348602294922
2025-08-01,NVDA,174.17999267578125,173.75389099121094
2025-09-01,NVDA,186.5800018310547,186.13406372070312
2025-10-01,NVDA,202.49000549316406,202.00604248046875
2025-11-01,NVDA,177.0,176.5769500732422
2025-12-01,NVDA,186.5,186.0646209716797
2026-01-01,NVDA,191.1300048828125,190.6837921142578
2026-02-01,NVDA,177.19000244140625,176.77635192871094
2026-03-01,NVDA,174.39999389648438,174.00225830078125
2026-04-01,NVDA,199.57000732421875,199.1148681640625
2026-05-01,NVDA,211.13999938964844,210.6584930419922
2026-06-01,NVDA,200.08999633789062,199.86634826660156
2026-07-01,NVDA,200.75,200.52561950683594
2026-08-01,NVDA,220.77999877929688,220.53323364257812
2026-09-01,NVDA,228.3800048828125,228.3800048828125
2026-10-01,NVDA,237.07000732421875,237.07000732421875
1986-03-01,MSFT,0.09548600018024445,0.05796049162745476
1986-04-01,MSFT,0.11197900027036667,0.06797183305025101
1986-05-01,MSFT,0.12152799963951111,0.07376808673143387
1986-06-01,MSFT,0.10677099972963333,0.06481051445007324
1986-07-01,MSFT,0.09895800054073334,0.06006800755858421
1986-08-01,MSFT,0.09895800054073334,0.06006800755858421
1986-09-01,MSFT,0.09809000045061111,0.05954110249876976
1986-10-01,MSFT,0.13454900681972504,0.08167191594839096
1986-11-01,MSFT,0.17274299263954163,0.10485588014125824
1986-12-01,MSFT,0.16753500699996948,0.10169458389282227
1987-01-01,MSFT,0.2539060115814209,0.1541222482919693
1987-02-01,MSFT,0.2664929926395416,0.1617625653743744
1987-03-01,MSFT,0.3359380066394806,0.2039160579442978
1987-04-01,MSFT,0.36111098527908325,0.21919627487659454
1987-05-01,MSFT,0.40017399191856384,0.24290767312049866
1987-06-01,MSFT,0.35416701436042786,0.21498113870620728
1987-07-01,MSFT,0.32638901472091675,0.19811975955963135
1987-08-01,MSFT,0.41232600808143616,0.25028398633003235
1987-09-01,MSFT,0.4600690007209778,0.2792642116546631
1987-10-01,MSFT,0.34548598527908325,0.20971176028251648
1987-11-01,MSFT,0.31076401472091675,0.18863527476787567
1987-12-01,MSFT,0.37673598527908325,0.22868061065673828
1988-01-01,MSFT,0.3871529996395111,0.23500370979309082
1988-02-01,MSFT,0.41232600808143616,0.25028398633003235
1988-03-01,MSFT,0.39236098527908325,0.23816506564617157
1988-04-01,MSFT,0.3784720003604889,0.22973446547985077
1988-05-01,MSFT,0.4027779996395111,0.24448829889297485
1988-06-01,MSFT,0.4652779996395111,0.282426118850708
1988-07-01,MSFT,0.4131940007209778,0.2508108913898468
1988-08-01,MSFT,0.3472220003604889,0.210765540599823
1988-09-01,MSFT,0.3628470003604889,0.2202499359846115
1988-10-01,MSFT,0.3402779996395111,0.20655037462711334
1988-11-01,MSFT,0.328125,0.19917352497577667
1988-12-01,MSFT,0.36979201436042786,0.22446569800376892
1989-01-01,MSFT,0.4140630066394806,0.2513381838798523
1989-02-01,MSFT,0.4131940007209778,0.2508108913898468
1989-03-01,MSFT,0.34635400772094727,0.21023863554000854
1989-04-01,MSFT,0.38802099227905273,0.23553068935871124
1989-05-01,MSFT,0.42013901472091675,0.2550264894962311
1989-06-01,MSFT,0.3680559992790222,0.2234119027853012
1989-07-01,MSFT,0.38020798563957214,0.23078817129135132
1989-08-01,MSFT,0.40798598527908325,0.24764946103096008
1989-09-01,MSFT,0.4756940007209778,0.288748562335968
1989-10-01,MSFT,0.5677080154418945,0.3446018397808075
1989-11-01,MSFT,0.6041669845581055,0.3667324185371399
1989-12-01,MSFT,0.6041669845581055,0.3667324185371399
1990-01-01,MSFT,0.6423609852790833,0.3899163007736206
1990-02-01,MSFT,0.6857640147209167,0.416262149810791
1990-03-01,MSFT,0.7690969705581665,0.4668455719947815
1990-04-01,MSFT,0.8055559992790222,0.4889765977859497
1990-05-01,MSFT,1.013888955116272,0.6154358386993408
1990-06-01,MSFT,1.055556058883667,0.6407281160354614
1990-07-01,MSFT,0.9236109852790833,0.5606364607810974
1990-08-01,MSFT,0.8541669845581055,0.5184836387634277
1990-09-01,MSFT,0.875,0.5311291813850403
1990-10-01,MSFT,0.8854169845581055,0.5374524593353271
1990-11-01,MSFT,1.0034719705581665,0.6091123223304749
1990-12-01,MSFT,1.045138955116272,0.6344049572944641
1991-01-01,MSFT,1.3628469705581665,0.8272550702095032
1991-02-01,MSFT,1.4409719705581665,0.8746772408485413
1991-03-01,MSFT,1.4739580154418945,0.8946996927261353
1991-04-01,MSFT,1.375,0.8346318602561951
1991-05-01,MSFT,1.524306058883667,0.9252615571022034
1991-06-01,MSFT,1.4192709922790527,0.8615047335624695
1991-07-01,MSFT,1.53125,0.9294759631156921
1991-08-01,MSFT,1.7760419845581055,1.0780667066574097
1991-09-01,MSFT,1.8541669845581055,1.1254886388778687
1991-10-01,MSFT,1.9557290077209473,1.1871378421783447
1991-11-01,MSFT,2.0260419845581055,1.2298171520233154
1991-12-01,MSFT,2.3177080154418945,1.406860113143921
1992-01-01,MSFT,2.5052080154418945,1.5206738710403442
1992-02-01,MSFT,2.5729169845581055,1.561773419380188
1992-03-01,MSFT,2.46875,1.4985439777374268
1992-04-01,MSFT,2.296875,1.3942147493362427
1992-05-01,MSFT,2.5208330154418945,1.5301584005355835
1992-06-01,MSFT,2.1875,1.3278238773345947
1992-07-01,MSFT,2.273437976837158,1.379988193511963
1992-08-01,MSFT,2.328125,1.4131838083267212
1992-09-01,MSFT,2.515625,1.5269970893859863
1992-10-01,MSFT,2.773437976837158,1.6834899187088013
1992-11-01,MSFT,2.910156011581421,1.7664796113967896
1992-12-01,MSFT,2.667968988418579,1.6194703578948975
1993-01-01,MSFT,2.703125,1.6408109664916992
1993-02-01,MSFT,2.605468988418579,1.5815327167510986
1993-03-01,MSFT,2.890625,1.754624366760254
1993-04-01,MSFT,2.671875,1.6218416690826416
1993-05-01,MSFT,2.894531011581421,1.7569952011108398
1993-06-01,MSFT,2.75,1.6692637205123901
1993-07-01,MSFT,2.3125,1.4036990404129028
1993-08-01,MSFT,2.347656011581421,1.4250396490097046
1993-09-01,MSFT,2.578125,1.5649350881576538
1993-10-01,MSFT,2.503906011581421,1.5198827981948853
1993-11-01,MSFT,2.5,1.517512559890747
1993-12-01,MSFT,2.519531011581421,1.5293676853179932
1994-01-01,MSFT,2.660156011581421,1.6147284507751465
1994-02-01,MSFT,2.578125,1.5649350881576538
1994-03-01,MSFT,2.648437976837158,1.607615351676941
1994-04-01,MSFT,2.890625,1.754624366760254
1994-05-01,MSFT,3.359375,2.039156913757324
1994-06-01,MSFT,3.226562976837158,1.9585402011871338
1994-07-01,MSFT,3.21875,1.953796625137329
1994-08-01,MSFT,3.632812976837158,2.2051358222961426
1994-09-01,MSFT,3.507812976837158,2.1292600631713867
1994-10-01,MSFT,3.9375,2.3900837898254395
1994-11-01,MSFT,3.929687976837158,2.3853399753570557
1994-12-01,MSFT,3.820312976837158,2.318948268890381
1995-01-01,MSFT,3.710937976837158,2.252558708190918
1995-02-01,MSFT,3.9375,2.3900837898254395
1995-03-01,MSFT,4.445312976837158,2.6983284950256348
1995-04-01,MSFT,5.109375,3.1014163494110107
1995-05-01,MSFT,5.292969226837158,3.2128589153289795
1995-06-01,MSFT,5.648437976837158,3.4286303520202637
1995-07-01,MSFT,5.65625,3.433371067047119
1995-08-01,MSFT,5.78125,3.509248733520508
1995-09-01,MSFT,5.65625,3.433371067047119
1995-10-01,MSFT,6.25,3.793782949447632
1995-11-01,MSFT,5.445312976837158,3.3053336143493652
1995-12-01,MSFT,5.484375,3.3290445804595947
1996-01-01,MSFT,5.78125,3.509248733520508
1996-02-01,MSFT,6.167969226837158,3.7439892292022705
1996-03-01,MSFT,6.445312976837158,3.9123363494873047
1996-04-01,MSFT,7.078125,4.296457767486572
1996-05-01,MSFT,7.421875,4.5051164627075195
1996-06-01,MSFT,7.507812976837158,4.557279586791992
1996-07-01,MSFT,7.367187976837158,4.471920013427734
1996-08-01,MSFT,7.65625,4.647381782531738
1996-09-01,MSFT,8.242188453674316,5.003049850463867
1996-10-01,MSFT,8.578125,5.20696496963501
1996-11-01,MSFT,9.804688453674316,5.951493740081787
1996-12-01,MSFT,10.328125,6.269223213195801
1997-01-01,MSFT,12.75,7.739312648773193
1997-02-01,MSFT,12.1875,7.3978729248046875
1997-03-01,MSFT,11.460938453674316,6.956848621368408
1997-04-01,MSFT,15.1875,9.218888282775879
1997-05-01,MSFT,15.5,9.408577919006348
1997-06-01,MSFT,15.796875,9.588781356811523
1997-07-01,MSFT,17.671875,10.726910591125488
1997-08-01,MSFT,16.5234375,10.029813766479492
1997-09-01,MSFT,16.5390625,10.03929328918457
1997-10-01,MSFT,16.25,9.863835334777832
1997-11-01,MSFT,17.6875,10.736398696899414
1997-12-01,MSFT,16.15625,9.806925773620605
1998-01-01,MSFT,18.6484375,11.319696426391602
1998-02-01,MSFT,21.1875,12.860920906066895
1998-03-01,MSFT,22.375,13.58173942565918
1998-04-01,MSFT,22.53125,13.676580429077148
1998-05-01,MSFT,21.203125,12.870405197143555
1998-06-01,MSFT,27.09375,16.446041107177734
1998-07-01,MSFT,27.484375,16.683151245117188
1998-08-01,MSFT,23.984375,14.558633804321289
1998-09-01,MSFT,27.515625,16.702116012573242
1998-10-01,MSFT,26.46875,16.06666374206543
1998-11-01,MSFT,30.5,18.513652801513672
1998-12-01,MSFT,34.671875,21.046001434326172
1999-01-01,MSFT,43.75,26.556474685668945
1999-02-01,MSFT,37.53125,22.781648635864258
1999-03-01,MSFT,44.8125,27.2014217376709
1999-04-01,MSFT,40.65625,24.67854881286621
1999-05-01,MSFT,40.34375,24.488862991333008
1999-06-01,MSFT,45.09375,27.372146606445312
1999-07-01,MSFT,42.90625,26.0443058013916
1999-08-01,MSFT,46.28125,28.092966079711914
1999-09-01,MSFT,45.28125,27.485946655273438
1999-10-01,MSFT,46.28125,28.092966079711914
1999-11-01,MSFT,45.5234375,27.632965087890625
1999-12-01,MSFT,58.375,35.43391799926758
2000-01-01,MSFT,48.9375,29.70530128479004
2000-02-01,MSFT,44.6875,27.12553596496582
2000-03-01,MSFT,53.125,32.24713897705078
2000-04-01,MSFT,34.875,21.16930389404297
2000-05-01,MSFT,31.28125,18.987876892089844
2000-06-01,MSFT,40.0,24.280200958251953
2000-07-01,MSFT,34.90625,21.188270568847656
2000-08-01,MSFT,34.90625,21.188270568847656
2000-09-01,MSFT,30.15625,18.305002212524414
2000-10-01,MSFT,34.4375,20.90374183654785
2000-11-01,MSFT,28.6875,17.413454055786133
2000-12-01,MSFT,21.6875,13.164423942565918
2001-01-01,MSFT,30.53125,18.53261947631836
2001-02-01,MSFT,29.5,17.906648635864258
2001-03-01,MSFT,27.34375,16.597803115844727
2001-04-01,MSFT,33.875,20.56229019165039
2001-05-01,MSFT,34.59000015258789,20.996305465698242
2001-06-01,MSFT,36.5,22.155689239501953
2001-07-01,MSFT,33.095001220703125,20.08884048461914
2001-08-01,MSFT,28.524999618530273,17.314817428588867
2001-09-01,MSFT,25.584999084472656,15.530228614807129
2001-10-01,MSFT,29.075000762939453,17.6486759185791
2001-11-01,MSFT,32.10499954223633,19.487895965576172
2001-12-01,MSFT,33.125,20.107038497924805
2002-01-01,MSFT,31.854999542236328,19.336145401000977
2002-02-01,MSFT,29.170000076293945,17.706335067749023
2002-03-01,MSFT,30.155000686645508,18.304243087768555
2002-04-01,MSFT,26.1299991607666,15.861040115356445
2002-05-01,MSFT,25.454999923706055,15.451311111450195
2002-06-01,MSFT,27.350000381469727,16.601585388183594
2002-07-01,MSFT,23.989999771118164,14.562050819396973
2002-08-01,MSFT,24.540000915527344,14.895903587341309
2002-09-01,MSFT,21.8700008392334,13.275202751159668
2002-10-01,MSFT,26.735000610351562,16.22828483581543
2002-11-01,MSFT,28.84000015258789,17.506027221679688
2002-12-01,MSFT,25.850000381469727,15.691083908081055
2003-01-01,MSFT,23.729999542236328,14.404232025146484
2003-02-01,MSFT,23.700000762939453,14.43227767944336
2003-03-01,MSFT,24.209999084472656,14.74284553527832
2003-04-01,MSFT,25.56999969482422,15.571024894714355
2003-05-01,MSFT,24.610000610351562,14.986437797546387
2003-06-01,MSFT,25.639999389648438,15.613658905029297
2003-07-01,MSFT,26.40999984741211,16.082544326782227
2003-08-01,MSFT,26.520000457763672,16.149538040161133
2003-09-01,MSFT,27.799999237060547,16.92900276184082
2003-10-01,MSFT,26.139999389648438,16.00743865966797
2003-11-01,MSFT,25.709999084472656,15.74411678314209
2003-12-01,MSFT,27.3700008392334,16.76064682006836
2004-01-01,MSFT,27.649999618530273,16.93211555480957
2004-02-01,MSFT,26.530000686645508,16.246261596679688
2004-03-01,MSFT,24.93000030517578,15.266462326049805
2004-04-01,MSFT,26.1299991607666,16.001310348510742
2004-05-01,MSFT,26.229999542236328,16.06254768371582
2004-06-01,MSFT,28.559999465942383,17.489376068115234
2004-07-01,MSFT,28.489999771118164,17.446508407592773
2004-08-01,MSFT,27.299999237060547,16.76711082458496
2004-09-01,MSFT,27.649999618530273,16.98206329345703
2004-10-01,MSFT,27.969999313354492,17.178607940673828
2004-11-01,MSFT,26.809999465942383,18.352195739746094
2004-12-01,MSFT,26.719999313354492,18.29059410095215
2005-01-01,MSFT,26.280000686645508,17.989402770996094
2005-02-01,MSFT,25.15999984741211,17.275867462158203
2005-03-01,MSFT,24.170000076293945,16.596094131469727
2005-04-01,MSFT,25.299999237060547,17.371990203857422
2005-05-01,MSFT,25.799999237060547,17.771509170532227
2005-06-01,MSFT,24.84000015258789,17.1102352142334
2005-07-01,MSFT,25.610000610351562,17.64063262939453
2005-08-01,MSFT,27.3799991607666,18.915775299072266
2005-09-01,MSFT,25.729999542236328,17.77586555480957
2005-10-01,MSFT,25.700000762939453,17.755126953125
2005-11-01,MSFT,27.68000030517578,19.179101943969727
2005-12-01,MSFT,26.149999618530273,18.118986129760742
2006-01-01,MSFT,28.149999618530273,19.5047550201416
2006-02-01,MSFT,26.8700008392334,18.680950164794922
2006-03-01,MSFT,27.209999084472656,18.917335510253906
2006-04-01,MSFT,24.149999618530273,16.78990936279297
2006-05-01,MSFT,22.649999618530273,15.80846881866455
2006-06-01,MSFT,23.299999237060547,16.262128829956055
2006-07-01,MSFT,24.059999465942383,16.79256820678711
2006-08-01,MSFT,25.700000762939453,18.003257751464844
2006-09-01,MSFT,27.350000381469727,19.159114837646484
2006-10-01,MSFT,28.709999084472656,20.111797332763672
2006-11-01,MSFT,29.360000610351562,20.63745880126953
2006-12-01,MSFT,29.860000610351562,20.988906860351562
2007-01-01,MSFT,30.860000610351562,21.691818237304688
2007-02-01,MSFT,28.170000076293945,19.86964225769043
2007-03-01,MSFT,27.8700008392334,19.658039093017578
2007-04-01,MSFT,29.940000534057617,21.118118286132812
2007-05-01,MSFT,30.690000534057617,21.717248916625977
2007-06-01,MSFT,29.469999313354492,20.85393524169922
2007-07-01,MSFT,28.989999771118164,20.514265060424805
2007-08-01,MSFT,28.729999542236328,20.401554107666016
2007-09-01,MSFT,29.459999084472656,20.91992950439453
2007-10-01,MSFT,36.810001373291016,26.139263153076172
2007-11-01,MSFT,33.599998474121094,23.93868064880371
2007-12-01,MSFT,35.599998474121094,25.363611221313477
2008-01-01,MSFT,32.599998474121094,23.22623062133789
2008-02-01,MSFT,27.200000762939453,19.454233169555664
2008-03-01,MSFT,28.3799991607666,20.298198699951172
2008-04-01,MSFT,28.520000457763672,20.398334503173828
2008-05-01,MSFT,28.31999969482422,20.329858779907227
2008-06-01,MSFT,27.510000228881836,19.74838638305664
2008-07-01,MSFT,25.719999313354492,18.46341323852539
2008-08-01,MSFT,27.290000915527344,19.668596267700195
2008-09-01,MSFT,26.690000534057617,19.236156463623047
2008-10-01,MSFT,22.329999923706055,16.093795776367188
2008-11-01,MSFT,20.219999313354492,14.671792984008789
2008-12-01,MSFT,19.440000534057617,14.105817794799805
2009-01-01,MSFT,17.100000381469727,12.407889366149902
2009-02-01,MSFT,16.149999618530273,11.798913955688477
2009-03-01,MSFT,18.3700008392334,13.420807838439941
2009-04-01,MSFT,20.260000228881836,14.80161190032959
2009-05-01,MSFT,20.889999389648438,15.358795166015625
2009-06-01,MSFT,23.770000457763672,17.476242065429688
2009-07-01,MSFT,23.520000457763672,17.292442321777344
2009-08-01,MSFT,24.649999618530273,18.225139617919922
2009-09-01,MSFT,25.719999313354492,19.016252517700195
2009-10-01,MSFT,27.729999542236328,20.50235939025879
2009-11-01,MSFT,29.40999984741211,21.84059715270996
2009-12-01,MSFT,30.479999542236328,22.63520050048828
2010-01-01,MSFT,28.18000030517578,20.927165985107422
2010-02-01,MSFT,28.670000076293945,21.390613555908203
2010-03-01,MSFT,29.290000915527344,21.85319709777832
2010-04-01,MSFT,30.540000915527344,22.785823822021484
2010-05-01,MSFT,25.799999237060547,19.3361759185791
2010-06-01,MSFT,23.010000228881836,17.245166778564453
2010-07-01,MSFT,25.809999465942383,19.343666076660156
2010-08-01,MSFT,23.469999313354492,17.683752059936523
2010-09-01,MSFT,24.489999771118164,18.45229148864746
2010-10-01,MSFT,26.670000076293945,20.094837188720703
2010-11-01,MSFT,25.260000228881836,19.149398803710938
2010-12-01,MSFT,27.90999984741211,21.15833854675293
2011-01-01,MSFT,27.729999542236328,21.021883010864258
2011-02-01,MSFT,26.579999923706055,20.26917839050293
2011-03-01,MSFT,25.389999389648438,19.361713409423828
2011-04-01,MSFT,25.920000076293945,19.765880584716797
2011-05-01,MSFT,25.010000228881836,19.196949005126953
2011-06-01,MSFT,26.0,19.956836700439453
2011-07-01,MSFT,27.399999618530273,21.031448364257812
2011-08-01,MSFT,26.600000381469727,20.546253204345703
2011-09-01,MSFT,24.889999389648438,19.225427627563477
2011-10-01,MSFT,26.6299991607666,20.569421768188477
2011-11-01,MSFT,25.579999923706055,19.907167434692383
2011-12-01,MSFT,25.959999084472656,20.202898025512695
2012-01-01,MSFT,29.530000686645508,22.981184005737305
2012-02-01,MSFT,31.739999771118164,24.86368751525879
2012-03-01,MSFT,32.2599983215332,25.271034240722656
2012-04-01,MSFT,32.02000045776367,25.08303451538086
2012-05-01,MSFT,29.190000534057617,23.016178131103516
2012-06-01,MSFT,30.59000015258789,24.120067596435547
2012-07-01,MSFT,29.469999313354492,23.236953735351562
2012-08-01,MSFT,30.81999969482422,24.462417602539062
2012-09-01,MSFT,29.760000228881836,23.621074676513672
2012-10-01,MSFT,28.540000915527344,22.652732849121094
2012-11-01,MSFT,26.6200008392334,21.30241584777832
2012-12-01,MSFT,26.709999084472656,21.374433517456055
2013-01-01,MSFT,27.450000762939453,21.966615676879883
2013-02-01,MSFT,27.799999237060547,22.430889129638672
2013-03-01,MSFT,28.610000610351562,23.08445167541504
2013-04-01,MSFT,33.099998474121094,26.707279205322266
2013-05-01,MSFT,34.900001525878906,28.357097625732422
2013-06-01,MSFT,34.540000915527344,28.064590454101562
2013-07-01,MSFT,31.84000015258789,25.870779037475586
2013-08-01,MSFT,33.400001525878906,27.329544067382812
2013-09-01,MSFT,33.279998779296875,27.23135757446289
2013-10-01,MSFT,35.40999984741211,28.9742374420166
2013-11-01,MSFT,38.130001068115234,31.436492919921875
2013-12-01,MSFT,37.40999984741211,30.842885971069336
2014-01-01,MSFT,37.84000015258789,31.197404861450195
2014-02-01,MSFT,38.310001373291016,31.821735382080078
2014-03-01,MSFT,40.9900016784668,34.04783630371094
2014-04-01,MSFT,40.400001525878906,33.55778121948242
2014-05-01,MSFT,40.939998626708984,34.2462158203125
2014-06-01,MSFT,41.70000076293945,34.88195037841797
2014-07-01,MSFT,43.15999984741211,36.10324478149414
2014-08-01,MSFT,45.43000030517578,38.239444732666016
2014-09-01,MSFT,46.36000061035156,39.02225112915039
2014-10-01,MSFT,46.95000076293945,39.51885986328125
2014-11-01,MSFT,47.810001373291016,40.49656295776367
2014-12-01,MSFT,46.45000076293945,39.344600677490234
2015-01-01,MSFT,40.400001525878906,34.220062255859375
2015-02-01,MSFT,43.849998474121094,37.406654357910156
2015-03-01,MSFT,40.65999984741211,34.685401916503906
2015-04-01,MSFT,48.63999938964844,41.492801666259766
2015-05-01,MSFT,46.86000061035156,40.23414611816406
2015-06-01,MSFT,44.150001525878906,37.90734100341797
2015-07-01,MSFT,46.70000076293945,40.096763610839844
2015-08-01,MSFT,43.52000045776367,37.612815856933594
2015-09-01,MSFT,44.2599983215332,38.25236892700195
2015-10-01,MSFT,52.63999938964844,45.494911193847656
2015-11-01,MSFT,54.349998474121094,47.289424896240234
2015-12-01,MSFT,55.47999954223633,48.27263641357422
2016-01-01,MSFT,55.09000015258789,47.93328857421875
2016-02-01,MSFT,50.880001068115234,44.58805847167969
2016-03-01,MSFT,55.22999954223633,48.40011978149414
2016-04-01,MSFT,49.869998931884766,43.702964782714844
2016-05-01,MSFT,53.0,46.770748138427734
2016-06-01,MSFT,51.16999816894531,45.15583419799805
2016-07-01,MSFT,56.68000030517578,50.01823043823242
2016-08-01,MSFT,57.459999084472656,51.0225944519043
2016-09-01,MSFT,57.599998474121094,51.146907806396484
2016-10-01,MSFT,59.91999816894531,53.207000732421875
2016-11-01,MSFT,60.2599983215332,53.870384216308594
2016-12-01,MSFT,62.13999938964844,55.551055908203125
2017-01-01,MSFT,64.6500015258789,57.79489517211914
2017-02-01,MSFT,63.97999954223633,57.54269027709961
2017-03-01,MSFT,65.86000061035156,59.23353958129883
2017-04-01,MSFT,68.45999908447266,61.57195281982422
2017-05-01,MSFT,69.83999633789062,63.17314147949219
2017-06-01,MSFT,68.93000030517578,62.35001754760742
2017-07-01,MSFT,72.69999694824219,65.7601318359375
2017-08-01,MSFT,74.7699966430664,67.99287414550781
2017-09-01,MSFT,74.48999786376953,67.73822784423828
2017-10-01,MSFT,83.18000030517578,75.64058685302734
2017-11-01,MSFT,84.16999816894531,76.92523956298828
2017-12-01,MSFT,85.54000091552734,78.17733001708984
2018-01-01,MSFT,95.01000213623047,86.83221435546875
2018-02-01,MSFT,93.7699966430664,86.10150146484375
2018-03-01,MSFT,91.2699966430664,83.80594635009766
2018-04-01,MSFT,93.5199966430664,85.8719482421875
2018-05-01,MSFT,98.83999633789062,91.15025329589844
2018-06-01,MSFT,98.61000061035156,90.93814849853516
2018-07-01,MSFT,106.08000183105469,97.8270034790039
2018-08-01,MSFT,112.33000183105469,103.98941040039062
2018-09-01,MSFT,114.37000274658203,105.8779296875
2018-10-01,MSFT,106.80999755859375,98.87922668457031
2018-11-01,MSFT,110.88999938964844,103.09979248046875
2018-12-01,MSFT,101.56999969482422,94.43452453613281
2019-01-01,MSFT,104.43000030517578,97.0936279296875
2019-02-01,MSFT,112.02999877929688,104.60455322265625
2019-03-01,MSFT,117.94000244140625,110.12281799316406
2019-04-01,MSFT,130.60000610351562,121.94369506835938
2019-05-01,MSFT,123.68000030517578,115.90985107421875
2019-06-01,MSFT,133.9600067138672,125.54399871826172
2019-07-01,MSFT,136.27000427246094,127.70893096923828
2019-08-01,MSFT,137.86000061035156,129.62924194335938
2019-09-01,MSFT,139.02999877929688,130.72930908203125
2019-10-01,MSFT,143.3699951171875,134.81021118164062
2019-11-01,MSFT,151.3800048828125,142.8263702392578
2019-12-01,MSFT,157.6999969482422,148.78927612304688
2020-01-01,MSFT,170.22999572753906,160.61123657226562
2020-02-01,MSFT,162.00999450683594,153.2732391357422
2020-03-01,MSFT,157.7100067138672,149.20509338378906
2020-04-01,MSFT,179.2100067138672,169.54566955566406
2020-05-01,MSFT,183.25,173.85067749023438
2020-06-01,MSFT,203.50999450683594,193.07150268554688
2020-07-01,MSFT,205.00999450683594,194.49456787109375
2020-08-01,MSFT,225.52999877929688,214.4792022705078
2020-09-01,MSFT,210.3300018310547,200.0240478515625
2020-10-01,MSFT,202.47000122070312,192.5491943359375
2020-11-01,MSFT,214.07000732421875,204.11378479003906
2020-12-01,MSFT,222.4199981689453,212.07537841796875
2021-01-01,MSFT,231.9600067138672,221.17169189453125
2021-02-01,MSFT,232.3800048828125,222.08245849609375
2021-03-01,MSFT,235.77000427246094,225.322265625
2021-04-01,MSFT,252.17999267578125,241.00506591796875
2021-05-01,MSFT,249.67999267578125,239.1668243408203
2021-06-01,MSFT,270.8999938964844,259.49334716796875
2021-07-01,MSFT,284.9100036621094,272.91339111328125
2021-08-01,MSFT,301.8800048828125,289.722412109375
2021-09-01,MSFT,281.9200134277344,270.56634521484375
2021-10-01,MSFT,331.6199951171875,318.26470947265625
2021-11-01,MSFT,330.5899963378906,317.856689453125
2021-12-01,MSFT,336.32000732421875,323.3659973144531
2022-01-01,MSFT,310.9800109863281,299.0021057128906
2022-02-01,MSFT,298.7900085449219,287.8756103515625
2022-03-01,MSFT,308.30999755859375,297.04779052734375
2022-04-01,MSFT,277.5199890136719,267.3825378417969
2022-05-01,MSFT,271.8699951171875,262.54901123046875
2022-06-01,MSFT,256.8299865722656,248.02462768554688
2022-07-01,MSFT,280.739990234375,271.1148681640625
2022-08-01,MSFT,261.4700012207031,253.04153442382812
2022-09-01,MSFT,232.89999389648438,225.3924560546875
2022-10-01,MSFT,232.1300048828125,224.6472930908203
2022-11-01,MSFT,255.13999938964844,247.6114044189453
2022-12-01,MSFT,239.82000732421875,232.74351501464844
2023-01-01,MSFT,247.80999755859375,240.49769592285156
2023-02-01,MSFT,249.4199981689453,242.6664581298828
2023-03-01,MSFT,288.29998779296875,280.4937438964844
2023-04-01,MSFT,307.260009765625,298.9403076171875
2023-05-01,MSFT,328.3900146484375,320.1966247558594
2023-06-01,MSFT,340.5400085449219,332.0435485839844
2023-07-01,MSFT,335.9200134277344,327.538818359375
2023-08-01,MSFT,327.760009765625,320.259033203125
2023-09-01,MSFT,315.75,308.52386474609375
2023-10-01,MSFT,338.1099853515625,330.3721618652344
2023-11-01,MSFT,378.9100036621094,370.9898986816406
2023-12-01,MSFT,376.0400085449219,368.1799011230469
2024-01-01,MSFT,397.5799865722656,389.2696533203125
2024-02-01,MSFT,413.6400146484375,405.7428894042969
2024-03-01,MSFT,420.7200012207031,412.6876525878906
2024-04-01,MSFT,389.3299865722656,381.8970031738281
2024-05-01,MSFT,415.1300048828125,407.9389343261719
2024-06-01,MSFT,446.95001220703125,439.2077331542969
2024-07-01,MSFT,418.3500061035156,411.1031494140625
2024-08-01,MSFT,417.1400146484375,410.6529235839844
2024-09-01,MSFT,430.29998779296875,423.6083068847656
2024-10-01,MSFT,406.3500061035156,400.03076171875
2024-11-01,MSFT,423.4599914550781,417.7090759277344
2024-12-01,MSFT,421.5,415.7757263183594
2025-01-01,MSFT,415.05999755859375,409.42315673828125
2025-02-01,MSFT,396.989990234375,392.3837585449219
2025-03-01,MSFT,375.3900146484375,371.0343933105469
2025-04-01,MSFT,395.260009765625,390.6737976074219
2025-05-01,MSFT,460.3599853515625,455.85382080078125
2025-06-01,MSFT,497.4100036621094,492.5411376953125
2025-07-01,MSFT,533.5,528.2779541015625
2025-08-01,MSFT,506.69000244140625,502.5551452636719
2025-09-01,MSFT,517.9500122070312,513.7232666015625
2025-10-01,MSFT,517.8099975585938,513.5843505859375
2025-11-01,MSFT,492.010009765625,488.9082946777344
2025-12-01,MSFT,483.6199951171875,480.5711669921875
2026-01-01,MSFT,430.2900085449219,427.5773620605469
2026-02-01,MSFT,392.739990234375,391.15484619140625
2026-03-01,MSFT,370.1700134277344,368.67596435546875
2026-04-01,MSFT,407.7799987792969,406.1341552734375
2026-05-01,MSFT,450.239990234375,449.3940124511719
2026-06-01,MSFT,373.0199890136719,372.319091796875
2026-07-01,MSFT,464.7200012207031,463.8468017578125
2026-08-01,MSFT,507.2900085449219,507.2900085449219
2026-09-01,MSFT,512.9000244140625,512.9000244140625
2026-10-01,MSFT,527.9155883789062,527.9155883789062
2004-08-01,GOOGL,2.561811923980713,2.5376644134521484
2004-09-01,GOOGL,3.2432429790496826,3.212671995162964
2004-10-01,GOOGL,4.770771026611328,4.725801467895508
2004-11-01,GOOGL,4.554053783416748,4.51112699508667
2004-12-01,GOOGL,4.824574947357178,4.7790985107421875
2005-01-01,GOOGL,4.895394802093506,4.849251747131348
2005-02-01,GOOGL,4.704453945159912,4.660109996795654
2005-03-01,GOOGL,4.517267227172852,4.474686622619629
2005-04-01,GOOGL,5.5055060386657715,5.453611850738525
2005-05-01,GOOGL,6.938689231872559,6.873285293579102
2005-06-01,GOOGL,7.361111164093018,7.291725158691406
2005-07-01,GOOGL,7.20120096206665,7.133321762084961
2005-08-01,GOOGL,7.157156944274902,7.089693069458008
2005-09-01,GOOGL,7.919418811798096,7.844770908355713
2005-10-01,GOOGL,9.312812805175781,9.225028991699219
2005-11-01,GOOGL,10.132883071899414,10.037368774414062
2005-12-01,GOOGL,10.381881713867188,10.284021377563477
2006-01-01,GOOGL,10.827326774597168,10.725268363952637
2006-02-01,GOOGL,9.074575424194336,8.989038467407227
2006-03-01,GOOGL,9.759759902954102,9.667764663696289
2006-04-01,GOOGL,10.458958625793457,10.360372543334961
2006-05-01,GOOGL,9.304804801940918,9.217098236083984
2006-06-01,GOOGL,10.493743896484375,10.394830703735352
2006-07-01,GOOGL,9.674674987792969,9.58348274230957
2006-08-01,GOOGL,9.472723007202148,9.383434295654297
2006-09-01,GOOGL,10.057558059692383,9.96275520324707
2006-10-01,GOOGL,11.921671867370605,11.809298515319824
2006-11-01,GOOGL,12.1323823928833,12.018023490905762
2006-12-01,GOOGL,11.523524284362793,11.414904594421387
2007-01-01,GOOGL,12.550049781799316,12.431753158569336
2007-02-01,GOOGL,11.247496604919434,11.141477584838867
2007-03-01,GOOGL,11.46546459197998,11.357390403747559
2007-04-01,GOOGL,11.796296119689941,11.685103416442871
2007-05-01,GOOGL,12.460209846496582,12.34276008605957
2007-06-01,GOOGL,13.080580711364746,12.957283973693848
2007-07-01,GOOGL,12.762763023376465,12.642460823059082
2007-08-01,GOOGL,12.894144058227539,12.772603988647461
2007-09-01,GOOGL,14.195945739746094,14.062134742736816
2007-10-01,GOOGL,17.69269371032715,17.525922775268555
2007-11-01,GOOGL,17.342342376708984,17.178871154785156
2007-12-01,GOOGL,17.304304122924805,17.141193389892578
2008-01-01,GOOGL,14.121622085571289,13.98851203918457
2008-02-01,GOOGL,11.791291236877441,11.680145263671875
2008-03-01,GOOGL,11.022772789001465,10.91887378692627
2008-04-01,GOOGL,14.371622085571289,14.236154556274414
2008-05-01,GOOGL,14.659660339355469,14.521477699279785
2008-06-01,GOOGL,13.173673629760742,13.049498558044434
2008-07-01,GOOGL,11.855606079101562,11.743854522705078
2008-08-01,GOOGL,11.593844413757324,11.484561920166016
2008-09-01,GOOGL,10.023022651672363,9.928545951843262
2008-10-01,GOOGL,8.992993354797363,8.908226013183594
2008-11-01,GOOGL,7.3313307762146,7.262226104736328
2008-12-01,GOOGL,7.698948860168457,7.626378536224365
2009-01-01,GOOGL,8.471721649169922,8.391865730285645
2009-02-01,GOOGL,8.458208084106445,8.378479957580566
2009-03-01,GOOGL,8.710209846496582,8.628107070922852
2009-04-01,GOOGL,9.909158706665039,9.815754890441895
2009-05-01,GOOGL,10.441190719604492,10.3427734375
2009-06-01,GOOGL,10.550299644470215,10.450852394104004
2009-07-01,GOOGL,11.087336540222168,10.982826232910156
2009-08-01,GOOGL,11.553302764892578,11.444400787353516
2009-09-01,GOOGL,12.408658981323242,12.291695594787598
2009-10-01,GOOGL,13.41641616821289,13.289953231811523
2009-11-01,GOOGL,14.589590072631836,14.452066421508789
2009-12-01,GOOGL,15.5150146484375,15.368770599365234
2010-01-01,GOOGL,13.261761665344238,13.136758804321289
2010-02-01,GOOGL,13.183182716369629,13.058918952941895
2010-03-01,GOOGL,14.192192077636719,14.058417320251465
2010-04-01,GOOGL,13.155655860900879,13.03165054321289
2010-05-01,GOOGL,12.152902603149414,12.038349151611328
2010-06-01,GOOGL,11.13488483428955,11.029927253723145
2010-07-01,GOOGL,12.133382797241211,12.019012451171875
2010-08-01,GOOGL,11.261761665344238,11.155607223510742
2010-09-01,GOOGL,13.15790843963623,13.033881187438965
2010-10-01,GOOGL,15.357857704162598,15.213095664978027
2010-11-01,GOOGL,13.906657218933105,13.775572776794434
2010-12-01,GOOGL,14.864113807678223,14.724004745483398
2011-01-01,GOOGL,15.02402400970459,14.882407188415527
2011-02-01,GOOGL,15.350350379943848,15.205657958984375
2011-03-01,GOOGL,14.683684349060059,14.545276641845703
2011-04-01,GOOGL,13.61611557006836,13.487771034240723
2011-05-01,GOOGL,13.238739013671875,13.113950729370117
2011-06-01,GOOGL,12.672171592712402,12.552724838256836
2011-07-01,GOOGL,15.107357025146484,14.96495532989502
2011-08-01,GOOGL,13.537537574768066,13.409934043884277
2011-09-01,GOOGL,12.88888931274414,12.767398834228516
2011-10-01,GOOGL,14.830830574035645,14.691035270690918
2011-11-01,GOOGL,14.999750137329102,14.85836124420166
2011-12-01,GOOGL,16.163663864135742,16.011302947998047
2012-01-01,GOOGL,14.517267227172852,14.380427360534668
2012-02-01,GOOGL,15.471721649169922,15.325885772705078
2012-03-01,GOOGL,16.047046661376953,15.895787239074707
2012-04-01,GOOGL,15.136385917663574,14.9937105178833
2012-05-01,GOOGL,14.536035537719727,14.399018287658691
2012-06-01,GOOGL,14.516265869140625,14.379435539245605
2012-07-01,GOOGL,15.840089797973633,15.690781593322754
2012-08-01,GOOGL,17.144393920898438,16.9827938079834
2012-09-01,GOOGL,18.881380081176758,18.703405380249023
2012-10-01,GOOGL,17.024524688720703,16.864051818847656
2012-11-01,GOOGL,17.476726531982422,17.311988830566406
2012-12-01,GOOGL,17.70220184326172,17.535341262817383
2013-01-01,GOOGL,18.911161422729492,18.732900619506836
2013-02-01,GOOGL,20.050050735473633,19.861059188842773
2013-03-01,GOOGL,19.874624252319336,19.687286376953125
2013-04-01,GOOGL,20.634885787963867,20.44038200378418
2013-05-01,GOOGL,21.80230140686035,21.596790313720703
2013-06-01,GOOGL,22.031280517578125,21.823610305786133
2013-07-01,GOOGL,22.215965270996094,22.00655746459961
2013-08-01,GOOGL,21.193693161010742,20.993921279907227
2013-09-01,GOOGL,21.91967010498047,21.713054656982422
2013-10-01,GOOGL,25.79029083251953,25.547189712524414
2013-11-01,GOOGL,26.516265869140625,26.266324996948242
2013-12-01,GOOGL,28.045795440673828,27.781436920166016
2014-01-01,GOOGL,29.553804397583008,29.275230407714844
2014-02-01,GOOGL,30.421672821044922,30.134918212890625
2014-03-01,GOOGL,27.890640258789062,27.627742767333984
2014-04-01,GOOGL,26.743999481201172,26.491912841796875
2014-05-01,GOOGL,28.582500457763672,28.313081741333008
2014-06-01,GOOGL,29.23349952697754,28.95794677734375
2014-07-01,GOOGL,28.977500915527344,28.70435905456543
2014-08-01,GOOGL,29.118000030517578,28.843534469604492
2014-09-01,GOOGL,29.420499801635742,29.14318084716797
2014-10-01,GOOGL,28.39349937438965,28.125865936279297
2014-11-01,GOOGL,27.45400047302246,27.195219039916992
2014-12-01,GOOGL,26.533000946044922,26.28290367126465
2015-01-01,GOOGL,26.877500534057617,26.62415313720703
2015-02-01,GOOGL,28.131500244140625,27.8663330078125
2015-03-01,GOOGL,27.735000610351562,27.473569869995117
2015-04-01,GOOGL,27.438499450683594,27.17986488342285
2015-05-01,GOOGL,27.266000747680664,27.008991241455078
2015-06-01,GOOGL,27.00200080871582,26.747478485107422
2015-07-01,GOOGL,32.875,32.56512451171875
2015-08-01,GOOGL,32.39099884033203,32.08567810058594
2015-09-01,GOOGL,31.918500900268555,31.61763572692871
2015-10-01,GOOGL,36.86949920654297,36.521968841552734
2015-11-01,GOOGL,38.14250183105469,37.7829704284668
2015-12-01,GOOGL,38.9005012512207,38.53382110595703
2016-01-01,GOOGL,38.067501068115234,37.708675384521484
2016-02-01,GOOGL,35.861000061035156,35.522972106933594
2016-03-01,GOOGL,38.14500045776367,37.78544616699219
2016-04-01,GOOGL,35.39400100708008,35.06037902832031
2016-05-01,GOOGL,37.442501068115234,37.08956527709961
2016-06-01,GOOGL,35.17649841308594,34.84492492675781
2016-07-01,GOOGL,39.56700134277344,39.19404220581055
2016-08-01,GOOGL,39.49250030517578,39.120243072509766
2016-09-01,GOOGL,40.202999114990234,39.82404708862305
2016-10-01,GOOGL,40.494998931884766,40.11328887939453
2016-11-01,GOOGL,38.79399871826172,38.42832946777344
2016-12-01,GOOGL,39.622501373291016,39.249019622802734
2017-01-01,GOOGL,41.009498596191406,40.62294387817383
2017-02-01,GOOGL,42.246498107910156,41.84828567504883
2017-03-01,GOOGL,42.38999938964844,41.99043273925781
2017-04-01,GOOGL,46.22600173950195,45.7902717590332
2017-05-01,GOOGL,49.35449981689453,48.889286041259766
2017-06-01,GOOGL,46.48400115966797,46.045841217041016
2017-07-01,GOOGL,47.275001525878906,46.82938766479492
2017-08-01,GOOGL,47.762001037597656,47.31179428100586
2017-09-01,GOOGL,48.68600082397461,48.227088928222656
2017-10-01,GOOGL,51.652000427246094,51.165130615234375
2017-11-01,GOOGL,51.80849838256836,51.320152282714844
2017-12-01,GOOGL,52.66999816894531,52.17353057861328
2018-01-01,GOOGL,59.111000061035156,58.55381774902344
2018-02-01,GOOGL,55.19599914550781,54.67572021484375
2018-03-01,GOOGL,51.856998443603516,51.36819076538086
2018-04-01,GOOGL,50.92900085449219,50.44894790649414
2018-05-01,GOOGL,55.0,54.481571197509766
2018-06-01,GOOGL,56.45949935913086,55.92731475830078
2018-07-01,GOOGL,61.361000061035156,60.782615661621094
2018-08-01,GOOGL,61.59000015258789,61.009456634521484
2018-09-01,GOOGL,60.354000091552734,59.78510665893555
2018-10-01,GOOGL,54.52899932861328,54.01500701904297
2018-11-01,GOOGL,55.48249816894531,54.95951843261719
2018-12-01,GOOGL,52.24800109863281,51.75551223754883
2019-01-01,GOOGL,56.294498443603516,55.76386642456055
2019-02-01,GOOGL,56.32749938964844,55.79655838012695
2019-03-01,GOOGL,58.84450149536133,58.289833068847656
2019-04-01,GOOGL,59.948001861572266,59.382930755615234
2019-05-01,GOOGL,55.32500076293945,54.803504943847656
2019-06-01,GOOGL,54.13999938964844,53.62967300415039
2019-07-01,GOOGL,60.90999984741211,60.33586502075195
2019-08-01,GOOGL,59.5265007019043,58.96540451049805
2019-09-01,GOOGL,61.05699920654297,60.48147201538086
2019-10-01,GOOGL,62.939998626708984,62.34672927856445
2019-11-01,GOOGL,65.20449829101562,64.58988189697266
2019-12-01,GOOGL,66.96949768066406,66.3382339477539
2020-01-01,GOOGL,71.63899993896484,70.96372985839844
2020-02-01,GOOGL,66.9625015258789,66.33130645751953
2020-03-01,GOOGL,58.09749984741211,57.54987716674805
2020-04-01,GOOGL,67.33499908447266,66.7002944946289
2020-05-01,GOOGL,71.6760025024414,71.00038146972656
2020-06-01,GOOGL,70.90249633789062,70.23416900634766
2020-07-01,GOOGL,74.39749908447266,73.69622802734375
2020-08-01,GOOGL,81.47650146484375,80.7085189819336
2020-09-01,GOOGL,73.27999877929688,72.5892562866211
2020-10-01,GOOGL,80.80549621582031,80.0438232421875
2020-11-01,GOOGL,87.72000122070312,86.89315795898438
2020-12-01,GOOGL,87.63200378417969,86.80598449707031
2021-01-01,GOOGL,91.36799621582031,90.50678253173828
2021-02-01,GOOGL,101.09549713134766,100.14256286621094
2021-03-01,GOOGL,103.1259994506836,102.15393829345703
2021-04-01,GOOGL,117.67500305175781,116.5657958984375
2021-05-01,GOOGL,117.84249877929688,116.73171997070312
2021-06-01,GOOGL,122.0895004272461,120.93868255615234
2021-07-01,GOOGL,134.72650146484375,133.45655822753906
2021-08-01,GOOGL,144.69749450683594,143.33358764648438
2021-09-01,GOOGL,133.67599487304688,132.4159698486328
2021-10-01,GOOGL,148.04600524902344,146.6505126953125
2021-11-01,GOOGL,141.8975067138672,140.5599822998047
2021-12-01,GOOGL,144.8520050048828,143.48663330078125
2022-01-01,GOOGL,135.30349731445312,134.0281524658203
2022-02-01,GOOGL,135.0570068359375,133.78396606445312
2022-03-01,GOOGL,139.0675048828125,137.75665283203125
2022-04-01,GOOGL,114.1094970703125,113.03390502929688
2022-05-01,GOOGL,113.76200103759766,112.68966674804688
2022-06-01,GOOGL,108.96299743652344,107.9359130859375
2022-07-01,GOOGL,116.31999969482422,115.22356414794922
2022-08-01,GOOGL,108.22000122070312,107.19991302490234
2022-09-01,GOOGL,95.6500015258789,94.7484130859375
2022-10-01,GOOGL,94.51000213623047,93.619140625
2022-11-01,GOOGL,100.98999786376953,100.0380630493164
2022-12-01,GOOGL,88.2300033569336,87.39835357666016
2023-01-01,GOOGL,98.83999633789062,97.90833282470703
2023-02-01,GOOGL,90.05999755859375,89.21109008789062
2023-03-01,GOOGL,103.7300033569336,102.75225067138672
2023-04-01,GOOGL,107.33999633789062,106.32821655273438
2023-05-01,GOOGL,122.87000274658203,121.71183013916016
2023-06-01,GOOGL,119.69999694824219,118.57170104980469
2023-07-01,GOOGL,132.72000122070312,131.46897888183594
2023-08-01,GOOGL,136.1699981689453,134.886474609375
2023-09-01,GOOGL,130.86000061035156,129.6265106201172
2023-10-01,GOOGL,124.08000183105469,122.9104232788086
2023-11-01,GOOGL,132.52999877929688,131.28077697753906
2023-12-01,GOOGL,139.69000244140625,138.37327575683594
2024-01-01,GOOGL,140.10000610351562,138.77940368652344
2024-02-01,GOOGL,138.4600067138672,137.15489196777344
2024-03-01,GOOGL,150.92999267578125,149.50733947753906
2024-04-01,GOOGL,162.77999877929688,161.2456512451172
2024-05-01,GOOGL,172.5,170.87400817871094
2024-06-01,GOOGL,182.14999389648438,180.64012145996094
2024-07-01,GOOGL,171.5399932861328,170.1180877685547
2024-08-01,GOOGL,163.3800048828125,162.02574157714844
2024-09-01,GOOGL,165.85000610351562,164.69349670410156
2024-10-01,GOOGL,171.11000061035156,169.9168243408203
2024-11-01,GOOGL,168.9499969482422,167.77186584472656
2024-12-01,GOOGL,189.3000030517578,188.19541931152344
2025-01-01,GOOGL,204.02000427246094,202.8295440673828
2025-02-01,GOOGL,170.27999877929688,169.28639221191406
2025-03-01,GOOGL,154.63999938964844,153.9147186279297
2025-04-01,GOOGL,158.8000030517578,158.05519104003906
2025-05-01,GOOGL,171.74000549316406,170.9345245361328
2025-06-01,GOOGL,176.22999572753906,175.61581420898438
2025-07-01,GOOGL,191.89999389648438,191.23118591308594
2025-08-01,GOOGL,212.91000366210938,212.16796875
2025-09-01,GOOGL,243.10000610351562,242.4694366455078
2025-10-01,GOOGL,281.19000244140625,280.4606628417969
2025-11-01,GOOGL,320.17999267578125,319.3494873046875
2025-12-01,GOOGL,313.0,312.392333984375
2026-01-01,GOOGL,338.0,337.3437805175781
2026-02-01,GOOGL,311.760009765625,311.1547546386719
2026-03-01,GOOGL,287.55999755859375,287.2037353515625
2026-04-01,GOOGL,384.79998779296875,384.3232421875
2026-05-01,GOOGL,380.3399963378906,379.8687744140625
2026-06-01,GOOGL,357.3699951171875,357.14044189453125
2026-07-01,GOOGL,356.1300048828125,355.9012451171875
2026-08-01,GOOGL,339.3500061035156,339.13201904296875
2026-09-01,GOOGL,344.0799865722656,344.0799865722656
2026-10-01,GOOGL,345.7799987792969,345.7799987792969
1997-05-01,AMZN,0.07500000298023224,0.07500000298023224
1997-06-01,AMZN,0.07708299905061722,0.07708299905061722
1997-07-01,AMZN,0.11979199945926666,0.11979199945926666
1997-08-01,AMZN,0.11692699790000916,0.11692699790000916
1997-09-01,AMZN,0.21692700684070587,0.21692700684070587
1997-10-01,AMZN,0.25416699051856995,0.25416699051856995
1997-11-01,AMZN,0.20624999701976776,0.20624999701976776
1997-12-01,AMZN,0.2510420083999634,0.2510420083999634
1998-01-01,AMZN,0.24583299458026886,0.24583299458026886
1998-02-01,AMZN,0.3208329975605011,0.3208329975605011
1998-03-01,AMZN,0.35637998580932617,0.35637998580932617
1998-04-01,AMZN,0.3822920024394989,0.3822920024394989
1998-05-01,AMZN,0.3671880066394806,0.3671880066394806
1998-06-01,AMZN,0.831250011920929,0.831250011920929
1998-07-01,AMZN,0.9239580035209656,0.9239580035209656
1998-08-01,AMZN,0.6979169845581055,0.6979169845581055
1998-09-01,AMZN,0.9302080273628235,0.9302080273628235
1998-10-01,AMZN,1.0536459684371948,1.0536459684371948
1998-11-01,AMZN,1.600000023841858,1.600000023841858
1998-12-01,AMZN,2.6770830154418945,2.6770830154418945
1999-01-01,AMZN,2.92343807220459,2.92343807220459
1999-02-01,AMZN,3.203125,3.203125
1999-03-01,AMZN,4.304687976837158,4.304687976837158
1999-04-01,AMZN,4.301562786102295,4.301562786102295
1999-05-01,AMZN,2.96875,2.96875
1999-06-01,AMZN,3.128124952316284,3.128124952316284
1999-07-01,AMZN,2.50156307220459,2.50156307220459
1999-08-01,AMZN,3.109375,3.109375
1999-09-01,AMZN,3.996875047683716,3.996875047683716
1999-10-01,AMZN,3.53125,3.53125
1999-11-01,AMZN,4.253125190734863,4.253125190734863
1999-12-01,AMZN,3.8062500953674316,3.8062500953674316
2000-01-01,AMZN,3.2281250953674316,3.2281250953674316
2000-02-01,AMZN,3.4437499046325684,3.4437499046325684
2000-03-01,AMZN,3.3499999046325684,3.3499999046325684
2000-04-01,AMZN,2.7593750953674316,2.7593750953674316
2000-05-01,AMZN,2.4156250953674316,2.4156250953674316
2000-06-01,AMZN,1.8156249523162842,1.8156249523162842
2000-07-01,AMZN,1.506250023841858,1.506250023841858
2000-08-01,AMZN,2.075000047683716,2.075000047683716
2000-09-01,AMZN,1.921875,1.921875
2000-10-01,AMZN,1.8312499523162842,1.8312499523162842
2000-11-01,AMZN,1.234375,1.234375
2000-12-01,AMZN,0.778124988079071,0.778124988079071
2001-01-01,AMZN,0.8656250238418579,0.8656250238418579
2001-02-01,AMZN,0.5093749761581421,0.5093749761581421
2001-03-01,AMZN,0.5115000009536743,0.5115000009536743
2001-04-01,AMZN,0.7889999747276306,0.7889999747276306
2001-05-01,AMZN,0.8345000147819519,0.8345000147819519
2001-06-01,AMZN,0.7074999809265137,0.7074999809265137
2001-07-01,AMZN,0.6244999766349792,0.6244999766349792
2001-08-01,AMZN,0.44699999690055847,0.44699999690055847
2001-09-01,AMZN,0.2985000014305115,0.2985000014305115
2001-10-01,AMZN,0.3490000069141388,0.3490000069141388
2001-11-01,AMZN,0.5659999847412109,0.5659999847412109
2001-12-01,AMZN,0.5410000085830688,0.5410000085830688
2002-01-01,AMZN,0.7095000147819519,0.7095000147819519
2002-02-01,AMZN,0.7049999833106995,0.7049999833106995
2002-03-01,AMZN,0.7149999737739563,0.7149999737739563
2002-04-01,AMZN,0.8345000147819519,0.8345000147819519
2002-05-01,AMZN,0.9114999771118164,0.9114999771118164
2002-06-01,AMZN,0.8125,0.8125
2002-07-01,AMZN,0.7225000262260437,0.7225000262260437
2002-08-01,AMZN,0.746999979019165,0.746999979019165
2002-09-01,AMZN,0.796500027179718,0.796500027179718
2002-10-01,AMZN,0.9679999947547913,0.9679999947547913
2002-11-01,AMZN,1.1675000190734863,1.1675000190734863
2002-12-01,AMZN,0.9445000290870667,0.9445000290870667
2003-01-01,AMZN,1.0924999713897705,1.0924999713897705
2003-02-01,AMZN,1.1004999876022339,1.1004999876022339
2003-03-01,AMZN,1.3014999628067017,1.3014999628067017
2003-04-01,AMZN,1.434499979019165,1.434499979019165
2003-05-01,AMZN,1.7944999933242798,1.7944999933242798
2003-06-01,AMZN,1.815999984741211,1.815999984741211
2003-07-01,AMZN,2.0820000171661377,2.0820000171661377
2003-08-01,AMZN,2.315999984741211,2.315999984741211
2003-09-01,AMZN,2.4214999675750732,2.4214999675750732
2003-10-01,AMZN,2.7214999198913574,2.7214999198913574
2003-11-01,AMZN,2.698499917984009,2.698499917984009
2003-12-01,AMZN,2.63100004196167,2.63100004196167
2004-01-01,AMZN,2.5199999809265137,2.5199999809265137
2004-02-01,AMZN,2.1505000591278076,2.1505000591278076
2004-03-01,AMZN,2.1640000343322754,2.1640000343322754
2004-04-01,AMZN,2.180000066757202,2.180000066757202
2004-05-01,AMZN,2.424999952316284,2.424999952316284
2004-06-01,AMZN,2.7200000286102295,2.7200000286102295
2004-07-01,AMZN,1.9459999799728394,1.9459999799728394
2004-08-01,AMZN,1.906999945640564,1.906999945640564
2004-09-01,AMZN,2.0429999828338623,2.0429999828338623
2004-10-01,AMZN,1.7065000534057617,1.7065000534057617
2004-11-01,AMZN,1.9839999675750732,1.9839999675750732
2004-12-01,AMZN,2.2144999504089355,2.2144999504089355
2005-01-01,AMZN,2.1610000133514404,2.1610000133514404
2005-02-01,AMZN,1.7589999437332153,1.7589999437332153
2005-03-01,AMZN,1.7135000228881836,1.7135000228881836
2005-04-01,AMZN,1.6180000305175781,1.6180000305175781
2005-05-01,AMZN,1.7755000591278076,1.7755000591278076
2005-06-01,AMZN,1.6545000076293945,1.6545000076293945
2005-07-01,AMZN,2.257499933242798,2.257499933242798
2005-08-01,AMZN,2.134999990463257,2.134999990463257
2005-09-01,AMZN,2.265000104904175,2.265000104904175
2005-10-01,AMZN,1.9930000305175781,1.9930000305175781
2005-11-01,AMZN,2.4230000972747803,2.4230000972747803
2005-12-01,AMZN,2.3575000762939453,2.3575000762939453
2006-01-01,AMZN,2.240999937057495,2.240999937057495
2006-02-01,AMZN,1.871999979019165,1.871999979019165
2006-03-01,AMZN,1.8265000581741333,1.8265000581741333
2006-04-01,AMZN,1.7604999542236328,1.7604999542236328
2006-05-01,AMZN,1.7304999828338623,1.7304999828338623
2006-06-01,AMZN,1.934000015258789,1.934000015258789
2006-07-01,AMZN,1.344499945640564,1.344499945640564
2006-08-01,AMZN,1.5414999723434448,1.5414999723434448
2006-09-01,AMZN,1.6059999465942383,1.6059999465942383
2006-10-01,AMZN,1.9045000076293945,1.9045000076293945
2006-11-01,AMZN,2.0169999599456787,2.0169999599456787
2006-12-01,AMZN,1.9730000495910645,1.9730000495910645
2007-01-01,AMZN,1.8834999799728394,1.8834999799728394
2007-02-01,AMZN,1.9570000171661377,1.9570000171661377
2007-03-01,AMZN,1.9895000457763672,1.9895000457763672
2007-04-01,AMZN,3.066499948501587,3.066499948501587
2007-05-01,AMZN,3.4570000171661377,3.4570000171661377
2007-06-01,AMZN,3.4205000400543213,3.4205000400543213
2007-07-01,AMZN,3.927000045776367,3.927000045776367
2007-08-01,AMZN,3.995500087738037,3.995500087738037
2007-09-01,AMZN,4.65749979019165,4.65749979019165
2007-10-01,AMZN,4.457499980926514,4.457499980926514
2007-11-01,AMZN,4.5279998779296875,4.5279998779296875
2007-12-01,AMZN,4.631999969482422,4.631999969482422
2008-01-01,AMZN,3.884999990463257,3.884999990463257
2008-02-01,AMZN,3.2235000133514404,3.2235000133514404
2008-03-01,AMZN,3.565000057220459,3.565000057220459
2008-04-01,AMZN,3.93149995803833,3.93149995803833
2008-05-01,AMZN,4.080999851226807,4.080999851226807
2008-06-01,AMZN,3.6665000915527344,3.6665000915527344
2008-07-01,AMZN,3.816999912261963,3.816999912261963
2008-08-01,AMZN,4.040500164031982,4.040500164031982
2008-09-01,AMZN,3.638000011444092,3.638000011444092
2008-10-01,AMZN,2.861999988555908,2.861999988555908
2008-11-01,AMZN,2.134999990463257,2.134999990463257
2008-12-01,AMZN,2.563999891281128,2.563999891281128
2009-01-01,AMZN,2.940999984741211,2.940999984741211
2009-02-01,AMZN,3.239500045776367,3.239500045776367
2009-03-01,AMZN,3.671999931335449,3.671999931335449
2009-04-01,AMZN,4.026000022888184,4.026000022888184
2009-05-01,AMZN,3.8994998931884766,3.8994998931884766
2009-06-01,AMZN,4.183000087738037,4.183000087738037
2009-07-01,AMZN,4.288000106811523,4.288000106811523
2009-08-01,AMZN,4.059500217437744,4.059500217437744
2009-09-01,AMZN,4.668000221252441,4.668000221252441
2009-10-01,AMZN,5.940499782562256,5.940499782562256
2009-11-01,AMZN,6.795499801635742,6.795499801635742
2009-12-01,AMZN,6.72599983215332,6.72599983215332
2010-01-01,AMZN,6.270500183105469,6.270500183105469
2010-02-01,AMZN,5.920000076293945,5.920000076293945
2010-03-01,AMZN,6.78849983215332,6.78849983215332
2010-04-01,AMZN,6.855000019073486,6.855000019073486
2010-05-01,AMZN,6.2729997634887695,6.2729997634887695
2010-06-01,AMZN,5.4629998207092285,5.4629998207092285
2010-07-01,AMZN,5.894499778747559,5.894499778747559
2010-08-01,AMZN,6.241499900817871,6.241499900817871
2010-09-01,AMZN,7.853000164031982,7.853000164031982
2010-10-01,AMZN,8.261500358581543,8.261500358581543
2010-11-01,AMZN,8.770000457763672,8.770000457763672
2010-12-01,AMZN,9.0,9.0
2011-01-01,AMZN,8.482000350952148,8.482000350952148
2011-02-01,AMZN,8.66450023651123,8.66450023651123
2011-03-01,AMZN,9.006500244140625,9.006500244140625
2011-04-01,AMZN,9.790499687194824,9.790499687194824
2011-05-01,AMZN,9.834500312805176,9.834500312805176
2011-06-01,AMZN,10.224499702453613,10.224499702453613
2011-07-01,AMZN,11.12600040435791,11.12600040435791
2011-08-01,AMZN,10.761500358581543,10.761500358581543
2011-09-01,AMZN,10.81149959564209,10.81149959564209
2011-10-01,AMZN,10.67549991607666,10.67549991607666
2011-11-01,AMZN,9.614500045776367,9.614500045776367
2011-12-01,AMZN,8.654999732971191,8.654999732971191
2012-01-01,AMZN,9.722000122070312,9.722000122070312
2012-02-01,AMZN,8.98449993133545,8.98449993133545
2012-03-01,AMZN,10.125499725341797,10.125499725341797
2012-04-01,AMZN,11.595000267028809,11.595000267028809
2012-05-01,AMZN,10.645500183105469,10.645500183105469
2012-06-01,AMZN,11.417499542236328,11.417499542236328
2012-07-01,AMZN,11.664999961853027,11.664999961853027
2012-08-01,AMZN,12.41349983215332,12.41349983215332
2012-09-01,AMZN,12.715999603271484,12.715999603271484
2012-10-01,AMZN,11.644499778747559,11.644499778747559
2012-11-01,AMZN,12.602499961853027,12.602499961853027
2012-12-01,AMZN,12.543499946594238,12.543499946594238
2013-01-01,AMZN,13.274999618530273,13.274999618530273
2013-02-01,AMZN,13.213500022888184,13.213500022888184
2013-03-01,AMZN,13.32450008392334,13.32450008392334
2013-04-01,AMZN,12.690500259399414,12.690500259399414
2013-05-01,AMZN,13.460000038146973,13.460000038146973
2013-06-01,AMZN,13.884499549865723,13.884499549865723
2013-07-01,AMZN,15.060999870300293,15.060999870300293
2013-08-01,AMZN,14.048999786376953,14.048999786376953
2013-09-01,AMZN,15.631999969482422,15.631999969482422
2013-10-01,AMZN,18.201499938964844,18.201499938964844
2013-11-01,AMZN,19.680999755859375,19.680999755859375
2013-12-01,AMZN,19.93950080871582,19.93950080871582
2014-01-01,AMZN,17.934499740600586,17.934499740600586
2014-02-01,AMZN,18.104999542236328,18.104999542236328
2014-03-01,AMZN,16.818500518798828,16.818500518798828
2014-04-01,AMZN,15.206500053405762,15.206500053405762
2014-05-01,AMZN,15.6274995803833,15.6274995803833
2014-06-01,AMZN,16.23900032043457,16.23900032043457
2014-07-01,AMZN,15.649499893188477,15.649499893188477
2014-08-01,AMZN,16.95199966430664,16.95199966430664
2014-09-01,AMZN,16.121999740600586,16.121999740600586
2014-10-01,AMZN,15.27299976348877,15.27299976348877
2014-11-01,AMZN,16.93199920654297,16.93199920654297
2014-12-01,AMZN,15.517499923706055,15.517499923706055
2015-01-01,AMZN,17.726499557495117,17.726499557495117
2015-02-01,AMZN,19.007999420166016,19.007999420166016
2015-03-01,AMZN,18.604999542236328,18.604999542236328
2015-04-01,AMZN,21.089000701904297,21.089000701904297
2015-05-01,AMZN,21.46150016784668,21.46150016784668
2015-06-01,AMZN,21.704500198364258,21.704500198364258
2015-07-01,AMZN,26.8075008392334,26.8075008392334
2015-08-01,AMZN,25.644500732421875,25.644500732421875
2015-09-01,AMZN,25.594499588012695,25.594499588012695
2015-10-01,AMZN,31.295000076293945,31.295000076293945
2015-11-01,AMZN,33.2400016784668,33.2400016784668
2015-12-01,AMZN,33.794498443603516,33.794498443603516
2016-01-01,AMZN,29.350000381469727,29.350000381469727
2016-02-01,AMZN,27.625999450683594,27.625999450683594
2016-03-01,AMZN,29.68199920654297,29.68199920654297
2016-04-01,AMZN,32.97949981689453,32.97949981689453
2016-05-01,AMZN,36.13949966430664,36.13949966430664
2016-06-01,AMZN,35.78099822998047,35.78099822998047
2016-07-01,AMZN,37.94049835205078,37.94049835205078
2016-08-01,AMZN,38.45800018310547,38.45800018310547
2016-09-01,AMZN,41.865501403808594,41.865501403808594
2016-10-01,AMZN,39.49100112915039,39.49100112915039
2016-11-01,AMZN,37.528499603271484,37.528499603271484
2016-12-01,AMZN,37.493499755859375,37.493499755859375
2017-01-01,AMZN,41.17399978637695,41.17399978637695
2017-02-01,AMZN,42.25199890136719,42.25199890136719
2017-03-01,AMZN,44.32699966430664,44.32699966430664
2017-04-01,AMZN,46.2495002746582,46.2495002746582
2017-05-01,AMZN,49.73099899291992,49.73099899291992
2017-06-01,AMZN,48.400001525878906,48.400001525878906
2017-07-01,AMZN,49.388999938964844,49.388999938964844
2017-08-01,AMZN,49.029998779296875,49.029998779296875
2017-09-01,AMZN,48.067501068115234,48.067501068115234
2017-10-01,AMZN,55.263999938964844,55.263999938964844
2017-11-01,AMZN,58.837501525878906,58.837501525878906
2017-12-01,AMZN,58.4734992980957,58.4734992980957
2018-01-01,AMZN,72.54450225830078,72.54450225830078
2018-02-01,AMZN,75.62249755859375,75.62249755859375
2018-03-01,AMZN,72.36699676513672,72.36699676513672
2018-04-01,AMZN,78.30650329589844,78.30650329589844
2018-05-01,AMZN,81.48100280761719,81.48100280761719
2018-06-01,AMZN,84.98999786376953,84.98999786376953
2018-07-01,AMZN,88.87200164794922,88.87200164794922
2018-08-01,AMZN,100.635498046875,100.635498046875
2018-09-01,AMZN,100.1500015258789,100.1500015258789
2018-10-01,AMZN,79.90049743652344,79.90049743652344
2018-11-01,AMZN,84.50849914550781,84.50849914550781
2018-12-01,AMZN,75.09850311279297,75.09850311279297
2019-01-01,AMZN,85.9365005493164,85.9365005493164
2019-02-01,AMZN,81.99150085449219,81.99150085449219
2019-03-01,AMZN,89.0374984741211,89.0374984741211
2019-04-01,AMZN,96.32599639892578,96.32599639892578
2019-05-01,AMZN,88.75350189208984,88.75350189208984
2019-06-01,AMZN,94.68150329589844,94.68150329589844
2019-07-01,AMZN,93.33899688720703,93.33899688720703
2019-08-01,AMZN,88.81449890136719,88.81449890136719
2019-09-01,AMZN,86.79550170898438,86.79550170898438
2019-10-01,AMZN,88.83300018310547,88.83300018310547
2019-11-01,AMZN,90.04000091552734,90.04000091552734
2019-12-01,AMZN,92.39199829101562,92.39199829101562
2020-01-01,AMZN,100.43599700927734,100.43599700927734
2020-02-01,AMZN,94.1875,94.1875
2020-03-01,AMZN,97.48600006103516,97.48600006103516
2020-04-01,AMZN,123.69999694824219,123.69999694824219
2020-05-01,AMZN,122.11849975585938,122.11849975585938
2020-06-01,AMZN,137.9409942626953,137.9409942626953
2020-07-01,AMZN,158.23399353027344,158.23399353027344
2020-08-01,AMZN,172.54800415039062,172.54800415039062
2020-09-01,AMZN,157.43649291992188,157.43649291992188
2020-10-01,AMZN,151.8074951171875,151.8074951171875
2020-11-01,AMZN,158.40199279785156,158.40199279785156
2020-12-01,AMZN,162.84649658203125,162.84649658203125
2021-01-01,AMZN,160.30999755859375,160.30999755859375
2021-02-01,AMZN,154.64649963378906,154.64649963378906
2021-03-01,AMZN,154.70399475097656,154.70399475097656
2021-04-01,AMZN,173.37100219726562,173.37100219726562
2021-05-01,AMZN,161.15350341796875,161.15350341796875
2021-06-01,AMZN,172.00799560546875,172.00799560546875
2021-07-01,AMZN,166.37950134277344,166.37950134277344
2021-08-01,AMZN,173.5395050048828,173.5395050048828
2021-09-01,AMZN,164.2519989013672,164.2519989013672
2021-10-01,AMZN,168.6215057373047,168.6215057373047
2021-11-01,AMZN,175.35350036621094,175.35350036621094
2021-12-01,AMZN,166.7169952392578,166.7169952392578
2022-01-01,AMZN,149.57350158691406,149.57350158691406
2022-02-01,AMZN,153.56300354003906,153.56300354003906
2022-03-01,AMZN,162.99749755859375,162.99749755859375
2022-04-01,AMZN,124.28150177001953,124.28150177001953
2022-05-01,AMZN,120.20950317382812,120.20950317382812
2022-06-01,AMZN,106.20999908447266,106.20999908447266
2022-07-01,AMZN,134.9499969482422,134.9499969482422
2022-08-01,AMZN,126.7699966430664,126.7699966430664
2022-09-01,AMZN,113.0,113.0
2022-10-01,AMZN,102.44000244140625,102.44000244140625
2022-11-01,AMZN,96.54000091552734,96.54000091552734
2022-12-01,AMZN,84.0,84.0
2023-01-01,AMZN,103.12999725341797,103.12999725341797
2023-02-01,AMZN,94.2300033569336,94.2300033569336
2023-03-01,AMZN,103.29000091552734,103.29000091552734
2023-04-01,AMZN,105.44999694824219,105.44999694824219
2023-05-01,AMZN,120.58000183105469,120.58000183105469
2023-06-01,AMZN,130.36000061035156,130.36000061035156
2023-07-01,AMZN,133.67999267578125,133.67999267578125
2023-08-01,AMZN,138.00999450683594,138.00999450683594
2023-09-01,AMZN,127.12000274658203,127.12000274658203
2023-10-01,AMZN,133.08999633789062,133.08999633789062
2023-11-01,AMZN,146.08999633789062,146.08999633789062
2023-12-01,AMZN,151.94000244140625,151.94000244140625
2024-01-01,AMZN,155.1999969482422,155.1999969482422
2024-02-01,AMZN,176.75999450683594,176.75999450683594
2024-03-01,AMZN,180.3800048828125,180.3800048828125
2024-04-01,AMZN,175.0,175.0
2024-05-01,AMZN,176.44000244140625,176.44000244140625
2024-06-01,AMZN,193.25,193.25
2024-07-01,AMZN,186.97999572753906,186.97999572753906
2024-08-01,AMZN,178.5,178.5
2024-09-01,AMZN,186.3300018310547,186.3300018310547
2024-10-01,AMZN,186.39999389648438,186.39999389648438
2024-11-01,AMZN,207.88999938964844,207.88999938964844
2024-12-01,AMZN,219.38999938964844,219.38999938964844
2025-01-01,AMZN,237.67999267578125,237.67999267578125
2025-02-01,AMZN,212.27999877929688,212.27999877929688
2025-03-01,AMZN,190.25999450683594,190.25999450683594
2025-04-01,AMZN,184.4199981689453,184.4199981689453
2025-05-01,AMZN,205.00999450683594,205.00999450683594
2025-06-01,AMZN,219.38999938964844,219.38999938964844
2025-07-01,AMZN,234.11000061035156,234.11000061035156
2025-08-01,AMZN,229.0,229.0
2025-09-01,AMZN,219.57000732421875,219.57000732421875
2025-10-01,AMZN,244.22000122070312,244.22000122070312
2025-11-01,AMZN,233.22000122070312,233.22000122070312
2025-12-01,AMZN,230.82000732421875,230.82000732421875
2026-01-01,AMZN,239.3000030517578,239.3000030517578
2026-02-01,AMZN,210.0,210.0
2026-03-01,AMZN,208.27000427246094,208.27000427246094
2026-04-01,AMZN,265.05999755859375,265.05999755859375
2026-05-01,AMZN,270.6400146484375,270.6400146484375
2026-06-01,AMZN,238.33999633789062,238.33999633789062
2026-07-01,AMZN,271.5799865722656,271.5799865722656
2026-08-01,AMZN,259.7699890136719,259.7699890136719
2026-09-01,AMZN,249.14999389648438,249.14999389648438
2026-10-01,AMZN,258.8699951171875,258.8699951171875
2012-05-01,META,29.600000381469727,29.319190979003906
2012-06-01,META,31.100000381469727,30.804960250854492
2012-07-01,META,21.709999084472656,21.504039764404297
2012-08-01,META,18.059999465942383,17.888669967651367
2012-09-01,META,21.65999984741211,21.454513549804688
2012-10-01,META,21.110000610351562,20.909732818603516
2012-11-01,META,28.0,27.73436737060547
2012-12-01,META,26.6200008392334,26.367462158203125
2013-01-01,META,30.979999542236328,30.68609619140625
2013-02-01,META,27.25,26.991485595703125
2013-03-01,META,25.579999923706055,25.337326049804688
2013-04-01,META,27.770000457763672,27.506549835205078
2013-05-01,META,24.350000381469727,24.11899757385254
2013-06-01,META,24.8799991607666,24.643964767456055
2013-07-01,META,36.79999923706055,36.45088577270508
2013-08-01,META,41.290000915527344,40.89828872680664
2013-09-01,META,50.22999954223633,49.75347137451172
2013-10-01,META,50.209999084472656,49.733665466308594
2013-11-01,META,47.0099983215332,46.56401824951172
2013-12-01,META,54.650001525878906,54.13154983520508
2014-01-01,META,62.56999969482422,61.97641372680664
2014-02-01,META,68.45999908447266,67.81053924560547
2014-03-01,META,60.2400016784668,59.66851806640625
2014-04-01,META,59.779998779296875,59.21287155151367
2014-05-01,META,63.29999923706055,62.69948196411133
2014-06-01,META,67.29000091552734,66.65162658691406
2014-07-01,META,72.6500015258789,71.96077728271484
2014-08-01,META,74.81999969482422,74.11019897460938
2014-09-01,META,79.04000091552734,78.29016876220703
2014-10-01,META,74.98999786376953,74.27857971191406
2014-11-01,META,77.69999694824219,76.96286010742188
2014-12-01,META,78.0199966430664,77.27983093261719
2015-01-01,META,75.91000366210938,75.18985748291016
2015-02-01,META,78.97000122070312,78.22081756591797
2015-03-01,META,82.22000122070312,81.43999481201172
2015-04-01,META,78.7699966430664,78.02272033691406
2015-05-01,META,79.19000244140625,78.43875122070312
2015-06-01,META,85.7699966430664,84.95631408691406
2015-07-01,META,94.01000213623047,93.1181411743164
2015-08-01,META,89.43000030517578,88.58159637451172
2015-09-01,META,89.9000015258789,89.04712677001953
2015-10-01,META,101.97000122070312,101.00263214111328
2015-11-01,META,104.23999786376953,103.25110626220703
2015-12-01,META,104.66000366210938,103.66710662841797
2016-01-01,META,112.20999908447266,111.1454849243164
2016-02-01,META,106.91999816894531,105.90567779541016
2016-03-01,META,114.0999984741211,113.01753997802734
2016-04-01,META,117.58000183105469,116.46453857421875
2016-05-01,META,118.80999755859375,117.68287658691406
2016-06-01,META,114.27999877929688,113.19583892822266
2016-07-01,META,123.94000244140625,122.76419067382812
2016-08-01,META,126.12000274658203,124.92351531982422
2016-09-01,META,128.27000427246094,127.0531234741211
2016-10-01,META,130.99000549316406,129.74732971191406
2016-11-01,META,118.41999816894531,117.29656982421875
2016-12-01,META,115.05000305175781,113.95852661132812
2017-01-01,META,130.32000732421875,129.0836944580078
2017-02-01,META,135.5399932861328,134.254150390625
2017-03-01,META,142.0500030517578,140.70242309570312
2017-04-01,META,150.25,148.8246307373047
2017-05-01,META,151.4600067138672,150.0231170654297
2017-06-01,META,150.97999572753906,149.5476531982422
2017-07-01,META,169.25,167.64434814453125
2017-08-01,META,171.97000122070312,170.3385467529297
2017-09-01,META,170.8699951171875,169.2489776611328
2017-10-01,META,180.05999755859375,178.351806640625
2017-11-01,META,177.17999267578125,175.49911499023438
2017-12-01,META,176.4600067138672,174.78594970703125
2018-01-01,META,186.88999938964844,185.11700439453125
2018-02-01,META,178.32000732421875,176.62831115722656
2018-03-01,META,159.7899932861328,158.2741241455078
2018-04-01,META,172.0,170.36827087402344
2018-05-01,META,191.77999877929688,189.9606170654297
2018-06-01,META,194.32000732421875,192.47654724121094
2018-07-01,META,172.5800018310547,170.94276428222656
2018-08-01,META,175.72999572753906,174.0628662109375
2018-09-01,META,164.4600067138672,162.8998260498047
2018-10-01,META,151.7899932861328,150.34999084472656
2018-11-01,META,140.61000061035156,139.2760772705078
2018-12-01,META,131.08999633789062,129.84637451171875
2019-01-01,META,166.69000244140625,165.10865783691406
2019-02-01,META,161.4499969482422,159.91835021972656
2019-03-01,META,166.69000244140625,165.10865783691406
2019-04-01,META,193.39999389648438,191.5652313232422
2019-05-01,META,177.47000122070312,175.786376953125
2019-06-01,META,193.0,191.16905212402344
2019-07-01,META,194.22999572753906,192.3873748779297
2019-08-01,META,185.6699981689453,183.90855407714844
2019-09-01,META,178.0800018310547,176.39059448242188
2019-10-01,META,191.64999389648438,189.83184814453125
2019-11-01,META,201.63999938964844,199.72708129882812
2019-12-01,META,205.25,203.30282592773438
2020-01-01,META,201.91000366210938,199.9945068359375
2020-02-01,META,192.47000122070312,190.64407348632812
2020-03-01,META,166.8000030517578,165.21762084960938
2020-04-01,META,204.7100067138672,202.76795959472656
2020-05-01,META,225.08999633789062,222.95462036132812
2020-06-01,META,227.07000732421875,224.9158477783203
2020-07-01,META,253.6699981689453,251.26345825195312
2020-08-01,META,293.20001220703125,290.41845703125
2020-09-01,META,261.8999938964844,259.4153747558594
2020-10-01,META,263.1099853515625,260.61395263671875
2020-11-01,META,276.9700012207031,274.3424072265625
2020-12-01,META,273.1600036621094,270.56854248046875
2021-01-01,META,258.3299865722656,255.87924194335938
2021-02-01,META,257.6199951171875,255.17604064941406
2021-03-01,META,294.5299987792969,291.7358703613281
2021-04-01,META,325.0799865722656,321.99603271484375
2021-05-01,META,328.7300109863281,325.6114196777344
2021-06-01,META,347.7099914550781,344.41131591796875
2021-07-01,META,356.29998779296875,352.9197998046875
2021-08-01,META,379.3800048828125,375.7808837890625
2021-09-01,META,339.3900146484375,336.1702575683594
2021-10-01,META,323.57000732421875,320.5003662109375
2021-11-01,META,324.4599914550781,321.38189697265625
2021-12-01,META,336.3500061035156,333.15911865234375
2022-01-01,META,313.260009765625,310.2881774902344
2022-02-01,META,211.02999877929688,209.02801513671875
2022-03-01,META,222.36000061035156,220.25050354003906
2022-04-01,META,200.47000122070312,198.5681610107422
2022-05-01,META,193.63999938964844,191.802978515625
2022-06-01,META,161.25,159.72024536132812
2022-07-01,META,159.10000610351562,157.5906219482422
2022-08-01,META,162.92999267578125,161.38429260253906
2022-09-01,META,135.67999267578125,134.392822265625
2022-10-01,META,93.16000366210938,92.27621459960938
2022-11-01,META,118.0999984741211,116.97960662841797
2022-12-01,META,120.33999633789062,119.19835662841797
2023-01-01,META,148.97000122070312,147.5567169189453
2023-02-01,META,174.94000244140625,173.28038024902344
2023-03-01,META,211.94000244140625,209.92935180664062
2023-04-01,META,240.32000732421875,238.04013061523438
2023-05-01,META,264.7200012207031,262.2086486816406
2023-06-01,META,286.9800109863281,284.2574768066406
2023-07-01,META,318.6000061035156,315.5774841308594
2023-08-01,META,295.8900146484375,293.0829772949219
2023-09-01,META,300.2099914550781,297.3619689941406
2023-10-01,META,301.2699890136719,298.4118957519531
2023-11-01,META,327.1499938964844,324.0464172363281
2023-12-01,META,353.9599914550781,350.60205078125
2024-01-01,META,390.1400146484375,386.4388427734375
2024-02-01,META,490.1300048828125,485.995361328125
2024-03-01,META,485.5799865722656,481.4837341308594
2024-04-01,META,430.1700134277344,426.5411682128906
2024-05-01,META,466.8299865722656,462.891845703125
2024-06-01,META,504.2200012207031,500.4628601074219
2024-07-01,META,474.8299865722656,471.2918395996094
2024-08-01,META,521.3099975585938,517.425537109375
2024-09-01,META,572.4400024414062,568.716552734375
2024-10-01,META,567.5800170898438,563.8882446289062
2024-11-01,META,574.3200073242188,570.5843505859375
2024-12-01,META,585.510009765625,582.1707763671875
2025-01-01,META,689.1799926757812,685.2495727539062
2025-02-01,META,668.2000122070312,664.38916015625
2025-03-01,META,576.3599853515625,573.582763671875
2025-04-01,META,549.0,546.3546142578125
2025-05-01,META,647.489990234375,644.3700561523438
2025-06-01,META,738.0900268554688,735.0987548828125
2025-07-01,META,773.4400024414062,770.305419921875
2025-08-01,META,738.7000122070312,735.7061767578125
2025-09-01,META,734.3800048828125,731.8972778320312
2025-10-01,META,648.3499755859375,646.1581420898438
2025-11-01,META,647.9500122070312,645.759521484375
2025-12-01,META,660.0900268554688,658.39501953125
2026-01-01,META,716.5,714.66015625
2026-02-01,META,648.1799926757812,646.5155639648438
2026-03-01,META,572.1300048828125,571.1494750976562
2026-04-01,META,611.9099731445312,610.8612670898438
2026-05-01,META,632.510009765625,631.426025390625
2026-06-01,META,563.2899780273438,562.8457641601562
2026-07-01,META,556.7100219726562,556.27099609375
2026-08-01,META,572.3400268554688,571.888671875
2026-09-01,META,725.1799926757812,725.1799926757812
2026-10-01,META,723.6900024414062,723.6900024414062
2009-08-01,AVGO,1.8200000524520874,1.275043249130249
2009-09-01,AVGO,1.7070000171661377,1.1958781480789185
2009-10-01,AVGO,1.5,1.0508594512939453
2009-11-01,AVGO,1.5859999656677246,1.1111091375350952
2009-12-01,AVGO,1.8289999961853027,1.2813482284545898
2010-01-01,AVGO,1.7380000352859497,1.2175962924957275
2010-02-01,AVGO,1.815000057220459,1.2715402841567993
2010-03-01,AVGO,2.055999994277954,1.440378189086914
2010-04-01,AVGO,2.0510001182556152,1.4368752241134644
2010-05-01,AVGO,2.065000057220459,1.446683406829834
2010-06-01,AVGO,2.1059999465942383,1.4754070043563843
2010-07-01,AVGO,2.1760001182556152,1.5244468450546265
2010-08-01,AVGO,2.015000104904175,1.4116544723510742
2010-09-01,AVGO,2.250999927520752,1.5769898891448975
2010-10-01,AVGO,2.4679999351501465,1.72901451587677
2010-11-01,AVGO,2.6110000610351562,1.8291964530944824
2010-12-01,AVGO,2.8410000801086426,1.9956198930740356
2011-01-01,AVGO,2.871000051498413,2.0166921615600586
2011-02-01,AVGO,3.3989999294281006,2.387577772140503
2011-03-01,AVGO,3.109999895095825,2.190213441848755
2011-04-01,AVGO,3.3459999561309814,2.356417179107666
2011-05-01,AVGO,3.378999948501587,2.379657506942749
2011-06-01,AVGO,3.799999952316284,2.6832029819488525
2011-07-01,AVGO,3.36299991607666,2.374634265899658
2011-08-01,AVGO,3.311000108718872,2.337916374206543
2011-09-01,AVGO,3.2769999504089355,2.320892333984375
2011-10-01,AVGO,3.377000093460083,2.3917152881622314
2011-11-01,AVGO,2.992000102996826,2.1190438270568848
2011-12-01,AVGO,2.885999917984009,2.052551507949829
2012-01-01,AVGO,3.3940000534057617,2.4138450622558594
2012-02-01,AVGO,3.760999917984009,2.674858808517456
2012-03-01,AVGO,3.8970000743865967,2.7813265323638916
2012-04-01,AVGO,3.447999954223633,2.4608709812164307
2012-05-01,AVGO,3.309999942779541,2.362379789352417
2012-06-01,AVGO,3.5899999141693115,2.573558807373047
2012-07-01,AVGO,3.690000057220459,2.645244836807251
2012-08-01,AVGO,3.6570000648498535,2.621588706970215
2012-09-01,AVGO,3.486999988555908,2.511108875274658
2012-10-01,AVGO,3.302999973297119,2.378605365753174
2012-11-01,AVGO,3.509999990463257,2.527672290802002
2012-12-01,AVGO,3.1649999618530273,2.29049015045166
2013-01-01,AVGO,3.5769999027252197,2.588650941848755
2013-02-01,AVGO,3.421999931335449,2.4764785766601562
2013-03-01,AVGO,3.5920000076293945,2.613325834274292
2013-04-01,AVGO,3.196000099182129,2.3252198696136475
2013-05-01,AVGO,3.7730000019073486,2.745011329650879
2013-06-01,AVGO,3.73799991607666,2.7355129718780518
2013-07-01,AVGO,3.6679999828338623,2.684286117553711
2013-08-01,AVGO,3.8510000705718994,2.8182077407836914
2013-09-01,AVGO,4.308000087738037,3.1712141036987305
2013-10-01,AVGO,4.543000221252441,3.3442037105560303
2013-11-01,AVGO,4.4730000495910645,3.2926738262176514
2013-12-01,AVGO,5.288000106811523,3.910869836807251
2014-01-01,AVGO,5.464000225067139,4.041033744812012
2014-02-01,AVGO,6.170000076293945,4.563174247741699
2014-03-01,AVGO,6.440999984741211,4.783965587615967
2014-04-01,AVGO,6.349999904632568,4.716378211975098
2014-05-01,AVGO,7.066999912261963,5.248920440673828
2014-06-01,AVGO,7.206999778747559,5.374894618988037
2014-07-01,AVGO,6.938000202178955,5.174278736114502
2014-08-01,AVGO,8.208999633789062,6.122175216674805
2014-09-01,AVGO,8.699999809265137,6.512057304382324
2014-10-01,AVGO,8.625,6.455921649932861
2014-11-01,AVGO,9.34000015258789,6.991106033325195
2014-12-01,AVGO,10.059000015258789,7.556459426879883
2015-01-01,AVGO,10.288000106811523,7.728486061096191
2015-02-01,AVGO,12.76200008392334,9.586992263793945
2015-03-01,AVGO,12.697999954223633,9.567073822021484
2015-04-01,AVGO,11.687999725341797,8.806108474731445
2015-05-01,AVGO,14.807000160217285,11.156063079833984
2015-06-01,AVGO,13.293000221252441,10.043660163879395
2015-07-01,AVGO,12.513999938964844,9.455077171325684
2015-08-01,AVGO,12.597000122070312,9.51778793334961
2015-09-01,AVGO,12.50100040435791,9.474870681762695
2015-10-01,AVGO,12.312999725341797,9.332379341125488
2015-11-01,AVGO,13.045000076293945,9.887184143066406
2015-12-01,AVGO,14.515000343322754,11.035229682922363
2016-01-01,AVGO,13.371000289916992,10.165485382080078
2016-02-01,AVGO,13.397000312805176,10.185254096984863
2016-03-01,AVGO,15.449999809265137,11.7849702835083
2016-04-01,AVGO,14.574999809265137,11.117532730102539
2016-05-01,AVGO,15.435999870300293,11.774292945861816
2016-06-01,AVGO,15.539999961853027,11.89101791381836
2016-07-01,AVGO,16.197999954223633,12.394509315490723
2016-08-01,AVGO,17.642000198364258,13.499444961547852
2016-09-01,AVGO,17.25200080871582,13.240829467773438
2016-10-01,AVGO,17.027999877929688,13.068910598754883
2016-11-01,AVGO,17.048999786376953,13.085026741027832
2016-12-01,AVGO,17.677000045776367,13.644579887390137
2017-01-01,AVGO,19.950000762939453,15.399067878723145
2017-02-01,AVGO,21.093000411987305,16.281330108642578
2017-03-01,AVGO,21.895999908447266,16.977798461914062
2017-04-01,AVGO,22.08099937438965,17.121240615844727
2017-05-01,AVGO,23.947999954223633,18.56889533996582
2017-06-01,AVGO,23.30500030517578,18.147268295288086
2017-07-01,AVGO,24.666000366210938,19.207067489624023
2017-08-01,AVGO,25.207000732421875,19.628334045410156
2017-09-01,AVGO,24.253999710083008,18.963443756103516
2017-10-01,AVGO,26.391000747680664,20.634300231933594
2017-11-01,AVGO,27.79400062561035,21.73126220703125
2017-12-01,AVGO,25.690000534057617,20.219369888305664
2018-01-01,AVGO,24.80299949645996,19.52124786376953
2018-02-01,AVGO,24.645999908447266,19.397686004638672
2018-03-01,AVGO,23.565000534057617,18.818653106689453
2018-04-01,AVGO,22.941999435424805,18.321125030517578
2018-05-01,AVGO,25.207000732421875,20.129926681518555
2018-06-01,AVGO,24.263999938964844,19.636701583862305
2018-07-01,AVGO,22.177000045776367,17.947708129882812
2018-08-01,AVGO,21.902999877929688,17.725954055786133
2018-09-01,AVGO,24.67300033569336,20.117618560791016
2018-10-01,AVGO,22.349000930786133,18.22270393371582
2018-11-01,AVGO,23.740999221801758,19.357694625854492
2018-12-01,AVGO,25.42799949645996,20.951698303222656
2019-01-01,AVGO,26.825000762939453,22.1027774810791
2019-02-01,AVGO,27.535999298095703,22.688613891601562
2019-03-01,AVGO,30.070999145507812,24.998687744140625
2019-04-01,AVGO,31.84000015258789,26.469295501708984
2019-05-01,AVGO,25.163999557495117,20.919391632080078
2019-06-01,AVGO,28.785999298095703,24.15987205505371
2019-07-01,AVGO,28.999000549316406,24.33864402770996
2019-08-01,AVGO,28.263999938964844,23.721765518188477
2019-09-01,AVGO,27.60700035095215,23.3835506439209
2019-10-01,AVGO,29.28499984741211,24.80484390258789
2019-11-01,AVGO,31.621000289916992,26.78347396850586
2019-12-01,AVGO,31.601999282836914,27.038516998291016
2020-01-01,AVGO,30.516000747680664,26.109338760375977
2020-02-01,AVGO,27.261999130249023,23.325231552124023
2020-03-01,AVGO,23.709999084472656,20.630979537963867
2020-04-01,AVGO,27.16200065612793,23.634700775146484
2020-05-01,AVGO,29.12700080871582,25.34452247619629
2020-06-01,AVGO,31.56100082397461,27.745370864868164
2020-07-01,AVGO,31.674999237060547,27.845584869384766
2020-08-01,AVGO,34.71500015258789,30.51805305480957
2020-09-01,AVGO,36.43199920654297,32.319461822509766
2020-10-01,AVGO,34.9630012512207,31.016298294067383
2020-11-01,AVGO,40.15800094604492,35.6248664855957
2020-12-01,AVGO,43.78499984741211,39.17341232299805
2021-01-01,AVGO,45.04999923706055,40.30518341064453
2021-02-01,AVGO,46.98699951171875,42.038169860839844
2021-03-01,AVGO,46.36600112915039,41.80683517456055
2021-04-01,AVGO,45.619998931884766,41.13418960571289
2021-05-01,AVGO,47.233001708984375,42.58857727050781
2021-06-01,AVGO,47.683998107910156,43.3317985534668
2021-07-01,AVGO,48.540000915527344,44.10966110229492
2021-08-01,AVGO,49.72100067138672,45.18286895751953
2021-09-01,AVGO,48.49300003051758,44.38990783691406
2021-10-01,AVGO,53.16699981689453,48.66841506958008
2021-11-01,AVGO,55.36800003051758,50.68319320678711
2021-12-01,AVGO,66.54100036621094,61.30045700073242
2022-01-01,AVGO,58.5880012512207,53.973819732666016
2022-02-01,AVGO,58.74399948120117,54.117530822753906
2022-03-01,AVGO,62.96799850463867,58.4011344909668
2022-04-01,AVGO,55.43899917602539,51.41818618774414
2022-05-01,AVGO,58.01300048828125,53.80550003051758
2022-06-01,AVGO,48.58100128173828,45.43111801147461
2022-07-01,AVGO,53.54800033569336,50.07606887817383
2022-08-01,AVGO,49.9109992980957,46.674888610839844
2022-09-01,AVGO,44.4010009765625,41.87031936645508
2022-10-01,AVGO,47.012001037597656,44.332496643066406
2022-11-01,AVGO,55.10300064086914,51.962337493896484
2022-12-01,AVGO,55.91299819946289,53.16610336303711
2023-01-01,AVGO,58.500999450683594,55.6269645690918
2023-02-01,AVGO,59.42900085449219,56.50937271118164
2023-03-01,AVGO,64.15399932861328,61.44130325317383
2023-04-01,AVGO,62.650001525878906,60.00090408325195
2023-05-01,AVGO,80.7959976196289,77.3796157836914
2023-06-01,AVGO,86.74299621582031,83.51773834228516
2023-07-01,AVGO,89.86499786376953,86.52364349365234
2023-08-01,AVGO,92.28900146484375,88.85753631591797
2023-09-01,AVGO,83.05799865722656,80.4052963256836
2023-10-01,AVGO,84.13700103759766,81.44983673095703
2023-11-01,AVGO,92.572998046875,89.61641693115234
2023-12-01,AVGO,111.625,108.55681610107422
2024-01-01,AVGO,118.0,114.75658416748047
2024-02-01,AVGO,130.0489959716797,126.474365234375
2024-03-01,AVGO,132.54100036621094,129.44680786132812
2024-04-01,AVGO,130.02699279785156,126.99154663085938
2024-05-01,AVGO,132.85499572753906,129.75350952148438
2024-06-01,AVGO,160.55299377441406,157.30279541015625
2024-07-01,AVGO,160.67999267578125,157.42721557617188
2024-08-01,AVGO,162.82000732421875,159.52394104003906
2024-09-01,AVGO,172.5,169.56381225585938
2024-10-01,AVGO,169.77000427246094,166.88031005859375
2024-11-01,AVGO,162.0800018310547,159.32118225097656
2024-12-01,AVGO,231.83999633789062,228.50440979003906
2025-01-01,AVGO,221.27000427246094,218.0865020751953
2025-02-01,AVGO,199.42999267578125,196.5606689453125
2025-03-01,AVGO,167.42999267578125,165.5204315185547
2025-04-01,AVGO,192.47000122070312,190.27487182617188
2025-05-01,AVGO,242.07000732421875,239.30918884277344
2025-06-01,AVGO,275.6499938964844,273.1475524902344
2025-07-01,AVGO,293.70001220703125,291.03375244140625
2025-08-01,AVGO,297.3900146484375,294.69024658203125
2025-09-01,AVGO,329.9100036621094,327.47509765625
2025-10-01,AVGO,369.6300048828125,366.9019775390625
2025-11-01,AVGO,402.9599914550781,399.9859619140625
2025-12-01,AVGO,346.1000061035156,344.2029724121094
2026-01-01,AVGO,331.29998779296875,329.4841003417969
2026-02-01,AVGO,319.54998779296875,317.7984924316406
2026-03-01,AVGO,309.510009765625,308.4592590332031
2026-04-01,AVGO,417.42999267578125,416.0128479003906
2026-05-01,AVGO,446.7699890136719,445.25323486328125
2026-06-01,AVGO,377.75,377.0633850097656
2026-07-01,AVGO,389.2799987792969,388.5724182128906
2026-08-01,AVGO,370.3399963378906,369.6668395996094
2026-09-01,AVGO,351.19000244140625,351.19000244140625
2026-10-01,AVGO,374.3450012207031,374.3450012207031
1986-03-01,ORCL,0.06404300034046173,0.050849784165620804
1986-04-01,ORCL,0.07716000080108643,0.061264634132385254
1986-05-01,ORCL,0.07253099977970123,0.05758921429514885
1986-06-01,ORCL,0.07523100078105927,0.05973300710320473
1986-07-01,ORCL,0.047839999198913574,0.0379846915602684
1986-08-01,ORCL,0.050925999879837036,0.040434952825307846
1986-09-01,ORCL,0.043981000781059265,0.034920670092105865
1986-10-01,ORCL,0.05555599927902222,0.044111140072345734
1986-11-01,ORCL,0.06635800004005432,0.0526878796517849
1986-12-01,ORCL,0.06404300034046173,0.050849784165620804
1987-01-01,ORCL,0.08333300054073334,0.06616595387458801
1987-02-01,ORCL,0.11882700026035309,0.09434796869754791
1987-03-01,ORCL,0.1358020007610321,0.10782601684331894
1987-04-01,ORCL,0.14506199955940247,0.1151784285902977
1987-05-01,ORCL,0.1682099997997284,0.1335577517747879
1987-06-01,ORCL,0.13734599947929382,0.10905194282531738
1987-07-01,ORCL,0.14043200016021729,0.11150223016738892
1987-08-01,ORCL,0.16512300074100494,0.13110673427581787
1987-09-01,ORCL,0.2006170004606247,0.15928877890110016
1987-10-01,ORCL,0.15432099997997284,0.12252995371818542
1987-11-01,ORCL,0.13425900042057037,0.10660088807344437
1987-12-01,ORCL,0.1790120005607605,0.14213453233242035
1988-01-01,ORCL,0.17283999919891357,0.1372339427471161
1988-02-01,ORCL,0.18672800064086914,0.14826104044914246
1988-03-01,ORCL,0.2006170004606247,0.15928877890110016
1988-04-01,ORCL,0.2067900002002716,0.16419005393981934
1988-05-01,ORCL,0.2067900002002716,0.16419005393981934
1988-06-01,ORCL,0.2438270002603531,0.1935972422361374
1988-07-01,ORCL,0.23456799983978271,0.18624569475650787
1988-08-01,ORCL,0.2283950001001358,0.18134434521198273
1988-09-01,ORCL,0.24845699965953827,0.19727346301078796
1988-10-01,ORCL,0.19444400072097778,0.154387429356575
1988-11-01,ORCL,0.21296299993991852,0.16909147799015045
1988-12-01,ORCL,0.24074099957942963,0.19114704430103302
1989-01-01,ORCL,0.29166701436042786,0.23158209025859833
1989-02-01,ORCL,0.2777779996395111,0.22055424749851227
1989-03-01,ORCL,0.2978399991989136,0.23648327589035034
1989-04-01,ORCL,0.3580250144004822,0.284269779920578
1989-05-01,ORCL,0.37654298543930054,0.2989729642868042
1989-06-01,ORCL,0.36728399991989136,0.29162144660949707
1989-07-01,ORCL,0.3796299993991852,0.301424115896225
1989-08-01,ORCL,0.4629630148410797,0.3675900399684906
1989-09-01,ORCL,0.5833330154418945,0.463163286447525
1989-10-01,ORCL,0.5740739703178406,0.4558115303516388
1989-11-01,ORCL,0.5925930142402649,0.47051551938056946
1989-12-01,ORCL,0.5771600008010864,0.45826178789138794
1990-01-01,ORCL,0.5308640003204346,0.4215030372142792
1990-02-01,ORCL,0.55246901512146,0.43865734338760376
1990-03-01,ORCL,0.4660489857196808,0.37004023790359497
1990-04-01,ORCL,0.3919749855995178,0.3112259805202484
1990-05-01,ORCL,0.4876540005207062,0.3871944844722748
1990-06-01,ORCL,0.5709879994392395,0.4533613622188568
1990-07-01,ORCL,0.41666701436042786,0.3308311998844147
1990-08-01,ORCL,0.2870369851589203,0.2279057651758194
1990-09-01,ORCL,0.16049399971961975,0.12743136286735535
1990-10-01,ORCL,0.13271600008010864,0.1053757593035698
1990-11-01,ORCL,0.19444400072097778,0.154387429356575
1990-12-01,ORCL,0.19444400072097778,0.154387429356575
1991-01-01,ORCL,0.2222220003604889,0.17644309997558594
1991-02-01,ORCL,0.2222220003604889,0.17644309997558594
1991-03-01,ORCL,0.2222220003604889,0.17644309997558594
1991-04-01,ORCL,0.2283950001001358,0.18134434521198273
1991-05-01,ORCL,0.1851850003004074,0.14703580737113953
1991-06-01,ORCL,0.20987699925899506,0.16664116084575653
1991-07-01,ORCL,0.22530899941921234,0.17889408767223358
1991-08-01,ORCL,0.2777779996395111,0.22055424749851227
1991-09-01,ORCL,0.33024701476097107,0.26221421360969543
1991-10-01,ORCL,0.38888901472091675,0.30877572298049927
1991-11-01,ORCL,0.33333298563957214,0.26466453075408936
1991-12-01,ORCL,0.3580250144004822,0.284269779920578
1992-01-01,ORCL,0.4567900002002716,0.36268869042396545
1992-02-01,ORCL,0.4938269853591919,0.3920958638191223
1992-03-01,ORCL,0.33333298563957214,0.26466453075408936
1992-04-01,ORCL,0.3425930142402649,0.2720169425010681
1992-05-01,ORCL,0.36728399991989136,0.29162144660949707
1992-06-01,ORCL,0.37654298543930054,0.2989729642868042
1992-07-01,ORCL,0.45987701416015625,0.3651397228240967
1992-08-01,ORCL,0.43209901452064514,0.34308406710624695
1992-09-01,ORCL,0.4938269853591919,0.3920958638191223
1992-10-01,ORCL,0.5493829846382141,0.4362069368362427
1992-11-01,ORCL,0.5493829846382141,0.4362069368362427
1992-12-01,ORCL,0.7006170153617859,0.5562859177589417
1993-01-01,ORCL,0.80246901512146,0.6371558904647827
1993-02-01,ORCL,0.8086420297622681,0.6420571208000183
1993-03-01,ORCL,0.9074069857597351,0.7204762697219849
1993-04-01,ORCL,0.8796300292015076,0.69842129945755
1993-05-01,ORCL,1.0308640003204346,0.8185004591941833
1993-06-01,ORCL,1.2160489559173584,0.9655361175537109
1993-07-01,ORCL,1.243826985359192,0.9875916838645935
1993-08-01,ORCL,1.2716050148010254,1.0096471309661865
1993-09-01,ORCL,1.5154320001602173,1.2032448053359985
1993-10-01,ORCL,1.4629629850387573,1.1615841388702393
1993-11-01,ORCL,1.5617280006408691,1.240003228187561
1993-12-01,ORCL,1.4197529554367065,1.127276062965393
1994-01-01,ORCL,1.5864200592041016,1.2596083879470825
1994-02-01,ORCL,1.6296299695968628,1.2939168214797974
1994-03-01,ORCL,1.5864200592041016,1.2596083879470825
1994-04-01,ORCL,1.4753090143203735,1.171386957168579
1994-05-01,ORCL,1.691357970237732,1.3429287672042847
1994-06-01,ORCL,1.8518520593643188,1.4703601598739624
1994-07-01,ORCL,1.888888955116272,1.4997671842575073
1994-08-01,ORCL,2.108025074005127,1.6737600564956665
1994-09-01,ORCL,2.1234569549560547,1.686012864112854
1994-10-01,ORCL,2.2716050148010254,1.8036412000656128
1994-11-01,ORCL,2.037036895751953,1.6173961162567139
1994-12-01,ORCL,2.1790120601654053,1.73012375831604
1995-01-01,ORCL,2.10493803024292,1.6713086366653442
1995-02-01,ORCL,2.3240740299224854,1.845301866531372
1995-03-01,ORCL,2.314815044403076,1.8379501104354858
1995-04-01,ORCL,2.259258985519409,1.7938400506973267
1995-05-01,ORCL,2.5740740299224854,2.043800115585327
1995-06-01,ORCL,2.8611109256744385,2.2717058658599854
1995-07-01,ORCL,3.1018519401550293,2.462853193283081
1995-08-01,ORCL,2.972222089767456,2.3599274158477783
1995-09-01,ORCL,2.84259295463562,2.25700306892395
1995-10-01,ORCL,3.2314810752868652,2.5657777786254883
1995-11-01,ORCL,3.3611109256744385,2.66870379447937
1995-12-01,ORCL,3.1388890743255615,2.492260456085205
1996-01-01,ORCL,3.537036895751953,2.8083882331848145
1996-02-01,ORCL,3.8518519401550293,3.058349370956421
1996-03-01,ORCL,3.490741014480591,2.7716286182403564
1996-04-01,ORCL,3.75,2.9774787425994873
1996-05-01,ORCL,3.680556058883667,2.922339677810669
1996-06-01,ORCL,4.381944179534912,3.4792392253875732
1996-07-01,ORCL,4.347221851348877,3.451669216156006
1996-08-01,ORCL,3.9166669845581055,3.109811544418335
1996-09-01,ORCL,4.7291669845581055,3.7549328804016113
1996-10-01,ORCL,4.701388835906982,3.732875347137451
1996-11-01,ORCL,5.444444179534912,4.322859287261963
1996-12-01,ORCL,4.638888835906982,3.6832504272460938
1997-01-01,ORCL,4.319444179534912,3.429614305496216
1997-02-01,ORCL,4.361111164093018,3.462697744369507
1997-03-01,ORCL,4.284721851348877,3.4020442962646484
1997-04-01,ORCL,4.4166669845581055,3.5068087577819824
1997-05-01,ORCL,5.180555820465088,4.113332271575928
1997-06-01,ORCL,5.597221851348877,4.444162845611572
1997-07-01,ORCL,6.048611164093018,4.802562713623047
1997-08-01,ORCL,6.3541669845581055,5.045172214508057
1997-09-01,ORCL,6.0729169845581055,4.821862697601318
1997-10-01,ORCL,5.9635419845581055,4.735018730163574
1997-11-01,ORCL,5.5520830154418945,4.408322811126709
1997-12-01,ORCL,3.71875,2.9526665210723877
1998-01-01,ORCL,3.875,3.0767288208007812
1998-02-01,ORCL,4.1041669845581055,3.2586863040924072
1998-03-01,ORCL,5.2604169845581055,4.176742076873779
1998-04-01,ORCL,4.3125,3.424100875854492
1998-05-01,ORCL,3.9375,3.126352310180664
1998-06-01,ORCL,4.09375,3.2504148483276367
1998-07-01,ORCL,4.4166669845581055,3.5068087577819824
1998-08-01,ORCL,3.3229169845581055,2.638378143310547
1998-09-01,ORCL,4.8541669845581055,3.854182004928589
1998-10-01,ORCL,4.9270830154418945,3.912076234817505
1998-11-01,ORCL,5.7083330154418945,4.532384872436523
1998-12-01,ORCL,7.1875,5.70683479309082
1999-01-01,ORCL,9.229166984558105,7.32790994644165
1999-02-01,ORCL,9.3125,7.394069671630859
1999-03-01,ORCL,6.59375,5.235400676727295
1999-04-01,ORCL,6.765625,5.371868133544922
1999-05-01,ORCL,6.203125,4.925246238708496
1999-06-01,ORCL,9.28125,7.369260311126709
1999-07-01,ORCL,9.515625,7.555352210998535
1999-08-01,ORCL,9.125,7.245199203491211
1999-09-01,ORCL,11.375,9.031684875488281
1999-10-01,ORCL,11.890625,9.441089630126953
1999-11-01,ORCL,16.953125,13.46068286895752
1999-12-01,ORCL,28.015625,22.244251251220703
2000-01-01,ORCL,24.9765625,19.831253051757812
2000-02-01,ORCL,37.125,29.477041244506836
2000-03-01,ORCL,39.03125,30.9906063079834
2000-04-01,ORCL,39.96875,31.734968185424805
2000-05-01,ORCL,35.9375,28.53416633605957
2000-06-01,ORCL,42.03125,33.37257766723633
2000-07-01,ORCL,37.59375,29.8492374420166
2000-08-01,ORCL,45.46875,36.101932525634766
2000-09-01,ORCL,39.375,31.26352882385254
2000-10-01,ORCL,33.0,26.20182228088379
2000-11-01,ORCL,26.5,21.040857315063477
2000-12-01,ORCL,29.0625,23.075469970703125
2001-01-01,ORCL,29.125,23.125078201293945
2001-02-01,ORCL,19.0,15.085890769958496
2001-03-01,ORCL,14.630000114440918,11.616141319274902
2001-04-01,ORCL,16.15999984741211,12.830950736999512
2001-05-01,ORCL,15.300000190734863,12.148116111755371
2001-06-01,ORCL,19.0,15.085890769958496
2001-07-01,ORCL,18.079999923706055,14.355419158935547
2001-08-01,ORCL,12.210000038146973,9.694672584533691
2001-09-01,ORCL,12.579999923706055,9.988450050354004
2001-10-01,ORCL,13.5600004196167,10.766563415527344
2001-11-01,ORCL,14.029999732971191,11.139741897583008
2001-12-01,ORCL,13.8100004196167,10.965063095092773
2002-01-01,ORCL,17.260000228881836,13.704346656799316
2002-02-01,ORCL,16.6200008392334,13.196184158325195
2002-03-01,ORCL,12.800000190734863,10.163126945495605
2002-04-01,ORCL,10.039999961853027,7.971705913543701
2002-05-01,ORCL,7.920000076293945,6.288434982299805
2002-06-01,ORCL,9.470000267028809,7.519129753112793
2002-07-01,ORCL,10.010000228881836,7.947883129119873
2002-08-01,ORCL,9.59000015258789,7.614406108856201
2002-09-01,ORCL,7.860000133514404,6.240796089172363
2002-10-01,ORCL,10.1899995803833,8.090803146362305
2002-11-01,ORCL,12.149999618530273,9.647031784057617
2002-12-01,ORCL,10.800000190734863,8.575141906738281
2003-01-01,ORCL,12.029999732971191,9.551750183105469
2003-02-01,ORCL,11.960000038146973,9.496171951293945
2003-03-01,ORCL,10.850000381469727,8.614842414855957
2003-04-01,ORCL,11.880000114440918,9.432653427124023
2003-05-01,ORCL,13.010000228881836,10.329864501953125
2003-06-01,ORCL,12.010000228881836,9.535870552062988
2003-07-01,ORCL,11.989999771118164,9.519989967346191
2003-08-01,ORCL,12.829999923706055,10.186946868896484
2003-09-01,ORCL,11.25,8.932435035705566
2003-10-01,ORCL,11.970000267028809,9.504112243652344
2003-11-01,ORCL,12.020000457763672,9.543817520141602
2003-12-01,ORCL,13.229999542236328,10.50454330444336
2004-01-01,ORCL,13.859999656677246,11.004762649536133
2004-02-01,ORCL,12.869999885559082,10.218708038330078
2004-03-01,ORCL,12.0,9.527933120727539
2004-04-01,ORCL,11.25,8.932435035705566
2004-05-01,ORCL,11.399999618530273,9.051534652709961
2004-06-01,ORCL,11.930000305175781,9.472352981567383
2004-07-01,ORCL,10.510000228881836,8.344878196716309
2004-08-01,ORCL,9.970000267028809,7.9161248207092285
2004-09-01,ORCL,11.279999732971191,8.956257820129395
2004-10-01,ORCL,12.65999984741211,10.051968574523926
2004-11-01,ORCL,12.739999771118164,10.115488052368164
2004-12-01,ORCL,13.720000267028809,10.893604278564453
2005-01-01,ORCL,13.770000457763672,10.933304786682129
2005-02-01,ORCL,12.949999809265137,10.282230377197266
2005-03-01,ORCL,12.479999542236328,9.909051895141602
2005-04-01,ORCL,11.5600004196167,9.178571701049805
2005-05-01,ORCL,12.800000190734863,10.163126945495605
2005-06-01,ORCL,13.199999809265137,10.48072624206543
2005-07-01,ORCL,13.569999694824219,10.774502754211426
2005-08-01,ORCL,12.989999771118164,10.313985824584961
2005-09-01,ORCL,12.399999618530273,9.845527648925781
2005-10-01,ORCL,12.680000305175781,10.067851066589355
2005-11-01,ORCL,12.600000381469727,10.004329681396484
2005-12-01,ORCL,12.210000038146973,9.694672584533691
2006-01-01,ORCL,12.569999694824219,9.980508804321289
2006-02-01,ORCL,12.420000076293945,9.861410140991211
2006-03-01,ORCL,13.6899995803833,10.869780540466309
2006-04-01,ORCL,14.59000015258789,11.584378242492676
2006-05-01,ORCL,14.220000267028809,11.290596008300781
2006-06-01,ORCL,14.489999771118164,11.504985809326172
2006-07-01,ORCL,14.970000267028809,11.88609790802002
2006-08-01,ORCL,15.65999984741211,12.43395709991455
2006-09-01,ORCL,17.739999771118164,14.085460662841797
2006-10-01,ORCL,18.469999313354492,14.665075302124023
2006-11-01,ORCL,19.049999237060547,15.125591278076172
2006-12-01,ORCL,17.139999389648438,13.609061241149902
2007-01-01,ORCL,17.15999984741211,13.624940872192383
2007-02-01,ORCL,16.43000030517578,13.045331954956055
2007-03-01,ORCL,18.1299991607666,14.395115852355957
2007-04-01,ORCL,18.799999237060547,14.927098274230957
2007-05-01,ORCL,19.3799991607666,15.387613296508789
2007-06-01,ORCL,19.709999084472656,15.649629592895508
2007-07-01,ORCL,19.1200008392334,15.181172370910645
2007-08-01,ORCL,20.280000686645508,16.102203369140625
2007-09-01,ORCL,21.649999618530273,17.18998146057129
2007-10-01,ORCL,22.170000076293945,17.602855682373047
2007-11-01,ORCL,20.18000030517578,16.022802352905273
2007-12-01,ORCL,22.579999923706055,17.928390502929688
2008-01-01,ORCL,20.549999237060547,16.316585540771484
2008-02-01,ORCL,18.799999237060547,14.927098274230957
2008-03-01,ORCL,19.559999465942383,15.53053092956543
2008-04-01,ORCL,20.850000381469727,16.554779052734375
2008-05-01,ORCL,22.84000015258789,18.13483238220215
2008-06-01,ORCL,21.0,16.67388343811035
2008-07-01,ORCL,21.530000686645508,17.09469985961914
2008-08-01,ORCL,21.93000030517578,17.412290573120117
2008-09-01,ORCL,20.309999465942383,16.126018524169922
2008-10-01,ORCL,18.290000915527344,14.5221586227417
2008-11-01,ORCL,16.09000015258789,12.775365829467773
2008-12-01,ORCL,17.729999542236328,14.077521324157715
2009-01-01,ORCL,16.829999923706055,13.36292552947998
2009-02-01,ORCL,15.539999961853027,12.33867073059082
2009-03-01,ORCL,18.06999969482422,14.347480773925781
2009-04-01,ORCL,19.34000015258789,15.39576244354248
2009-05-01,ORCL,19.59000015258789,15.594772338867188
2009-06-01,ORCL,21.420000076293945,17.05155372619629
2009-07-01,ORCL,22.1299991607666,17.659854888916016
2009-08-01,ORCL,21.8799991607666,17.46035385131836
2009-09-01,ORCL,20.84000015258789,16.63042449951172
2009-10-01,ORCL,21.100000381469727,16.878490447998047
2009-11-01,ORCL,22.079999923706055,17.662410736083984
2009-12-01,ORCL,24.530000686645508,19.622236251831055
2010-01-01,ORCL,23.059999465942383,18.48360252380371
2010-02-01,ORCL,24.649999618530273,19.7580623626709
2010-03-01,ORCL,25.709999084472656,20.60770034790039
2010-04-01,ORCL,25.8700008392334,20.775697708129883
2010-05-01,ORCL,22.56999969482422,18.125532150268555
2010-06-01,ORCL,21.459999084472656,17.234107971191406
2010-07-01,ORCL,23.639999389648438,19.025527954101562
2010-08-01,ORCL,21.84000015258789,17.57688331604004
2010-09-01,ORCL,26.850000381469727,21.60894775390625
2010-10-01,ORCL,29.3799991607666,23.68858528137207
2010-11-01,ORCL,27.049999237060547,21.809946060180664
2010-12-01,ORCL,31.299999237060547,25.236644744873047
2011-01-01,ORCL,32.029998779296875,25.866701126098633
2011-02-01,ORCL,32.900001525878906,26.569305419921875
2011-03-01,ORCL,33.43000030517578,26.9973201751709
2011-04-01,ORCL,35.959999084472656,29.09253692626953
2011-05-01,ORCL,34.220001220703125,27.684823989868164
2011-06-01,ORCL,32.90999984741211,26.62500762939453
2011-07-01,ORCL,30.579999923706055,24.78379249572754
2011-08-01,ORCL,28.06999969482422,22.749544143676758
2011-09-01,ORCL,28.739999771118164,23.29254722595215
2011-10-01,ORCL,32.77000045776367,26.61179542541504
2011-11-01,ORCL,31.350000381469727,25.45864486694336
2011-12-01,ORCL,25.649999618530273,20.829801559448242
2012-01-01,ORCL,28.209999084472656,22.959869384765625
2012-02-01,ORCL,29.25,23.80632209777832
2012-03-01,ORCL,29.15999984741211,23.733068466186523
2012-04-01,ORCL,29.399999618530273,23.97707748413086
2012-05-01,ORCL,26.469999313354492,21.58751678466797
2012-06-01,ORCL,29.700000762939453,24.221736907958984
2012-07-01,ORCL,30.200000762939453,24.680484771728516
2012-08-01,ORCL,31.649999618530273,25.865474700927734
2012-09-01,ORCL,31.459999084472656,25.710201263427734
2012-10-01,ORCL,31.079999923706055,25.44947052001953
2012-11-01,ORCL,32.18000030517578,26.350189208984375
2012-12-01,ORCL,33.31999969482422,27.436384201049805
2013-01-01,ORCL,35.5099983215332,29.239656448364258
2013-02-01,ORCL,34.2400016784668,28.193927764892578
2013-03-01,ORCL,32.33000183105469,26.621185302734375
2013-04-01,ORCL,32.779998779296875,26.991727828979492
2013-05-01,ORCL,33.779998779296875,27.81515121459961
2013-06-01,ORCL,30.709999084472656,25.287246704101562
2013-07-01,ORCL,32.349998474121094,26.73946189880371
2013-08-01,ORCL,31.860000610351562,26.334436416625977
2013-09-01,ORCL,33.16999816894531,27.417247772216797
2013-10-01,ORCL,33.5,27.79033851623535
2013-11-01,ORCL,35.290000915527344,29.27525520324707
2013-12-01,ORCL,38.2599983215332,31.739055633544922
2014-01-01,ORCL,36.900001525878906,30.708236694335938
2014-02-01,ORCL,39.11000061035156,32.547401428222656
2014-03-01,ORCL,40.90999984741211,34.04535675048828
2014-04-01,ORCL,40.880001068115234,34.121826171875
2014-05-01,ORCL,42.02000045776367,35.0733528137207
2014-06-01,ORCL,40.529998779296875,33.82968521118164
2014-07-01,ORCL,40.38999938964844,33.810977935791016
2014-08-01,ORCL,41.529998779296875,34.765281677246094
2014-09-01,ORCL,38.279998779296875,32.04467010498047
2014-10-01,ORCL,39.04999923706055,32.790409088134766
2014-11-01,ORCL,42.40999984741211,35.611820220947266
2014-12-01,ORCL,44.970001220703125,37.76146697998047
2015-01-01,ORCL,41.88999938964844,35.27065658569336
2015-02-01,ORCL,43.81999969482422,36.89567184448242
2015-03-01,ORCL,43.150001525878906,36.331546783447266
2015-04-01,ORCL,43.619998931884766,36.85604476928711
2015-05-01,ORCL,43.4900016784668,36.746192932128906
2015-06-01,ORCL,40.29999923706055,34.05085754394531
2015-07-01,ORCL,39.939998626708984,33.8725700378418
2015-08-01,ORCL,37.09000015258789,31.455520629882812
2015-09-01,ORCL,36.119998931884766,30.63286781311035
2015-10-01,ORCL,38.84000015258789,33.07057571411133
2015-11-01,ORCL,38.970001220703125,33.181270599365234
2015-12-01,ORCL,36.529998779296875,31.10373306274414
2016-01-01,ORCL,36.310001373291016,31.04387664794922
2016-02-01,ORCL,36.779998779296875,31.445690155029297
2016-03-01,ORCL,40.90999984741211,34.97672653198242
2016-04-01,ORCL,39.86000061035156,34.20603942871094
2016-05-01,ORCL,40.20000076293945,34.49781799316406
2016-06-01,ORCL,40.93000030517578,35.124267578125
2016-07-01,ORCL,41.040000915527344,35.34820556640625
2016-08-01,ORCL,41.220001220703125,35.503238677978516
2016-09-01,ORCL,39.279998779296875,33.832298278808594
2016-10-01,ORCL,38.41999816894531,33.21977233886719
2016-11-01,ORCL,40.189998626708984,34.75019836425781
2016-12-01,ORCL,38.45000076293945,33.24570846557617
2017-01-01,ORCL,40.11000061035156,34.81685256958008
2017-02-01,ORCL,42.59000015258789,36.9695930480957
2017-03-01,ORCL,44.61000061035156,38.7230110168457
2017-04-01,ORCL,44.959999084472656,39.19495391845703
2017-05-01,ORCL,45.38999938964844,39.569828033447266
2017-06-01,ORCL,50.13999938964844,43.71074295043945
2017-07-01,ORCL,49.93000030517578,43.69186782836914
2017-08-01,ORCL,50.33000183105469,44.04189682006836
2017-09-01,ORCL,48.349998474121094,42.309268951416016
2017-10-01,ORCL,50.900001525878906,44.716365814208984
2017-11-01,ORCL,49.060001373291016,43.099891662597656
2017-12-01,ORCL,47.279998779296875,41.53614044189453
2018-01-01,ORCL,51.59000015258789,45.49903106689453
2018-02-01,ORCL,50.66999816894531,44.68764877319336
2018-03-01,ORCL,45.75,40.34853744506836
2018-04-01,ORCL,45.66999816894531,40.44474792480469
2018-05-01,ORCL,46.720001220703125,41.37460708618164
2018-06-01,ORCL,44.060001373291016,39.018951416015625
2018-07-01,ORCL,47.68000030517578,42.39039611816406
2018-08-01,ORCL,48.58000183105469,43.1905517578125
2018-09-01,ORCL,51.560001373291016,45.839942932128906
2018-10-01,ORCL,48.84000015258789,43.596527099609375
2018-11-01,ORCL,48.7599983215332,43.525123596191406
2018-12-01,ORCL,45.150001525878906,40.30268859863281
2019-01-01,ORCL,50.22999954223633,45.01482009887695
2019-02-01,ORCL,52.130001068115234,46.71755599975586
2019-03-01,ORCL,53.709999084472656,48.13350296020508
2019-04-01,ORCL,55.33000183105469,49.807376861572266
2019-05-01,ORCL,50.599998474121094,45.54948043823242
2019-06-01,ORCL,56.970001220703125,51.28367614746094
2019-07-01,ORCL,56.29999923706055,50.88570022583008
2019-08-01,ORCL,52.060001373291016,47.053462982177734
2019-09-01,ORCL,55.029998779296875,49.73783874511719
2019-10-01,ORCL,54.4900016784668,49.46943283081055
2019-11-01,ORCL,56.13999938964844,50.96739959716797
2019-12-01,ORCL,52.97999954223633,48.09854507446289
2020-01-01,ORCL,52.45000076293945,47.8293342590332
2020-02-01,ORCL,49.459999084472656,45.10274124145508
2020-03-01,ORCL,48.33000183105469,44.07229232788086
2020-04-01,ORCL,52.970001220703125,48.53299331665039
2020-05-01,ORCL,53.77000045776367,49.2659912109375
2020-06-01,ORCL,55.27000045776367,50.64033126831055
2020-07-01,ORCL,55.45000076293945,51.02004623413086
2020-08-01,ORCL,57.220001220703125,52.64863586425781
2020-09-01,ORCL,59.70000076293945,54.93050765991211
2020-10-01,ORCL,56.11000061035156,51.836368560791016
2020-11-01,ORCL,57.720001220703125,53.3237419128418
2020-12-01,ORCL,64.69000244140625,59.76287841796875
2021-01-01,ORCL,60.43000030517578,56.04096221923828
2021-02-01,ORCL,64.51000213623047,59.824623107910156
2021-03-01,ORCL,70.16999816894531,65.07354736328125
2021-04-01,ORCL,75.79000091552734,70.58946228027344
2021-05-01,ORCL,78.73999786376953,73.33705139160156
2021-06-01,ORCL,77.83999633789062,72.49879455566406
2021-07-01,ORCL,87.13999938964844,81.46002960205078
2021-08-01,ORCL,89.12999725341797,83.32032012939453
2021-09-01,ORCL,87.12999725341797,81.45069122314453
2021-10-01,ORCL,95.94000244140625,89.9984359741211
2021-11-01,ORCL,90.73999786376953,85.12047576904297
2021-12-01,ORCL,87.20999908447266,81.80907440185547
2022-01-01,ORCL,81.16000366210938,76.41658782958984
2022-02-01,ORCL,75.97000122070312,71.5299072265625
2022-03-01,ORCL,82.7300033569336,77.89481353759766
2022-04-01,ORCL,73.4000015258789,69.38046264648438
2022-05-01,ORCL,71.91999816894531,67.98151397705078
2022-06-01,ORCL,69.87000274658203,66.04378509521484
2022-07-01,ORCL,77.83999633789062,73.9063949584961
2022-08-01,ORCL,74.1500015258789,70.40284729003906
2022-09-01,ORCL,61.06999969482422,57.98385238647461
2022-10-01,ORCL,78.06999969482422,74.50579833984375
2022-11-01,ORCL,83.02999877929688,79.23936462402344
2022-12-01,ORCL,81.73999786376953,78.00823974609375
2023-01-01,ORCL,88.45999908447266,84.738037109375
2023-02-01,ORCL,87.4000015258789,83.72262573242188
2023-03-01,ORCL,92.91999816894531,89.01036834716797
2023-04-01,ORCL,94.72000122070312,91.11460876464844
2023-05-01,ORCL,105.94000244140625,101.90751647949219
2023-06-01,ORCL,119.08999633789062,114.5569839477539
2023-07-01,ORCL,117.2300033569336,113.16351318359375
2023-08-01,ORCL,120.38999938964844,116.21390533447266
2023-09-01,ORCL,105.91999816894531,102.24584197998047
2023-10-01,ORCL,103.4000015258789,100.17850494384766
2023-11-01,ORCL,116.20999908447266,112.58940887451172
2023-12-01,ORCL,105.43000030517578,102.145263671875
2024-01-01,ORCL,111.69999694824219,108.63924407958984
2024-02-01,ORCL,111.68000030517578,108.61979675292969
2024-03-01,ORCL,125.61000061035156,122.16809844970703
2024-04-01,ORCL,113.75,110.9901123046875
2024-05-01,ORCL,117.19000244140625,114.34664154052734
2024-06-01,ORCL,141.1999969482422,137.77407836914062
2024-07-01,ORCL,139.4499969482422,136.45071411132812
2024-08-01,ORCL,141.2899932861328,138.25112915039062
2024-09-01,ORCL,170.39999389648438,166.73504638671875
2024-10-01,ORCL,167.83999633789062,164.59939575195312
2024-11-01,ORCL,184.83999633789062,181.27114868164062
2024-12-01,ORCL,166.63999938964844,163.4225616455078
2025-01-01,ORCL,170.05999755859375,167.18646240234375
2025-02-01,ORCL,166.05999755859375,163.2540283203125
2025-03-01,ORCL,139.80999755859375,137.4475860595703
2025-04-01,ORCL,140.72000122070312,138.83917236328125
2025-05-01,ORCL,165.52999877929688,163.31756591796875
2025-06-01,ORCL,218.6300048828125,215.70787048339844
2025-07-01,ORCL,253.77000427246094,250.9102020263672
2025-08-01,ORCL,226.1300048828125,223.58168029785156
2025-09-01,ORCL,281.239990234375,278.0706481933594
2025-10-01,ORCL,262.6099853515625,260.1011962890625
2025-11-01,ORCL,201.9499969482422,200.02069091796875
2025-12-01,ORCL,194.91000366210938,193.04794311523438
2026-01-01,ORCL,164.5800018310547,163.43858337402344
2026-02-01,ORCL,145.39999389648438,144.3916015625
2026-03-01,ORCL,147.11000061035156,146.08975219726562
2026-04-01,ORCL,161.38999938964844,160.83047485351562
2026-05-01,ORCL,225.77999877929688,224.9972381591797
2026-06-01,ORCL,146.5500030517578,146.04193115234375
2026-07-01,ORCL,129.8699951171875,129.8699951171875
2026-08-01,ORCL,149.1199951171875,149.1199951171875
2026-09-01,ORCL,137.3000030517578,137.3000030517578
2026-10-01,ORCL,143.89500427246094,143.89500427246094
1990-02-01,CSCO,0.08072900027036667,0.05156075954437256
1990-03-01,CSCO,0.08159700036048889,0.052115146070718765
1990-04-01,CSCO,0.08246500045061111,0.05266954377293587
1990-05-01,CSCO,0.0859379991889,0.05488770827651024
1990-06-01,CSCO,0.09201399981975555,0.058768413960933685
1990-07-01,CSCO,0.08854199945926666,0.05655084177851677
1990-08-01,CSCO,0.0859379991889,0.05488770827651024
1990-09-01,CSCO,0.078125,0.049897611141204834
1990-10-01,CSCO,0.10243099927902222,0.06542161107063293
1990-11-01,CSCO,0.1371529996395111,0.08759820461273193
1990-12-01,CSCO,0.1558160036802292,0.09951804578304291
1991-01-01,CSCO,0.203125,0.1297338306903839
1991-02-01,CSCO,0.19444400072097778,0.12418940663337708
1991-03-01,CSCO,0.16927100718021393,0.10811163485050201
1991-04-01,CSCO,0.2065970003604889,0.13195137679576874
1991-05-01,CSCO,0.22395800054073334,0.14303961396217346
1991-06-01,CSCO,0.21180599927902222,0.13527829945087433
1991-07-01,CSCO,0.2725690007209778,0.17408692836761475
1991-08-01,CSCO,0.31510400772094727,0.20125365257263184
1991-09-01,CSCO,0.2847220003604889,0.18184898793697357
1991-10-01,CSCO,0.33854201436042786,0.21622326970100403
1991-11-01,CSCO,0.34375,0.2195494920015335
1991-12-01,CSCO,0.4600690007209778,0.29384130239486694
1992-01-01,CSCO,0.5217009782791138,0.33320507407188416
1992-02-01,CSCO,0.5659719705581665,0.3614802956581116
1992-03-01,CSCO,0.5486109852790833,0.3503921627998352
1992-04-01,CSCO,0.5069440007209778,0.32377979159355164
1992-05-01,CSCO,0.6354169845581055,0.40583428740501404
1992-06-01,CSCO,0.6527780294418335,0.41692250967025757
1992-07-01,CSCO,0.7413190007209778,0.473472535610199
1992-08-01,CSCO,0.6510419845581055,0.4158136546611786
1992-09-01,CSCO,0.734375,0.46903765201568604
1992-10-01,CSCO,0.8333330154418945,0.5322410464286804
1992-11-01,CSCO,1.038193941116333,0.6630834937095642
1992-12-01,CSCO,1.092013955116272,0.6974579095840454
1993-01-01,CSCO,1.2291669845581055,0.7850562334060669
1993-02-01,CSCO,1.21875,0.7784029841423035
1993-03-01,CSCO,1.243056058883667,0.7939268946647644
1993-04-01,CSCO,1.1458330154418945,0.7318314909934998
1993-05-01,CSCO,1.5,0.9580342173576355
1993-06-01,CSCO,1.5208330154418945,0.9713402390480042
1993-07-01,CSCO,1.4409719705581665,0.9203335642814636
1993-08-01,CSCO,1.326388955116272,0.8471505045890808
1993-09-01,CSCO,1.388888955116272,0.8870689272880554
1993-10-01,CSCO,1.423611044883728,0.9092454314231873
1993-11-01,CSCO,1.5625,0.9979526996612549
1993-12-01,CSCO,1.795138955116272,1.1465365886688232
1994-01-01,CSCO,2.0138890743255615,1.2862497568130493
1994-02-01,CSCO,2.0486109256744385,1.3084261417388916
1994-03-01,CSCO,1.9027780294418335,1.2152844667434692
1994-04-01,CSCO,1.6840280294418335,1.0755711793899536
1994-05-01,CSCO,1.375,0.878197968006134
1994-06-01,CSCO,1.298611044883728,0.8294093012809753
1994-07-01,CSCO,1.1666669845581055,0.7451379895210266
1994-08-01,CSCO,1.3784719705581665,0.8804156184196472
1994-09-01,CSCO,1.5208330154418945,0.9713402390480042
1994-10-01,CSCO,1.673611044883728,1.0689176321029663
1994-11-01,CSCO,1.7916669845581055,1.1443184614181519
1994-12-01,CSCO,1.951388955116272,1.246332049369812
1995-01-01,CSCO,1.8541669845581055,1.1842372417449951
1995-02-01,CSCO,1.875,1.1975427865982056
1995-03-01,CSCO,2.118056058883667,1.352779746055603
1995-04-01,CSCO,2.215277910232544,1.41487455368042
1995-05-01,CSCO,2.430556058883667,1.5523704290390015
1995-06-01,CSCO,2.809027910232544,1.79409658908844
1995-07-01,CSCO,3.097222089767456,1.9781628847122192
1995-08-01,CSCO,3.6458330154418945,2.3285562992095947
1995-09-01,CSCO,3.8333330154418945,2.4483096599578857
1995-10-01,CSCO,4.305555820465088,2.749912738800049
1995-11-01,CSCO,4.673611164093018,2.9849870204925537
1995-12-01,CSCO,4.1458330154418945,2.647899866104126
1996-01-01,CSCO,4.625,2.953939914703369
1996-02-01,CSCO,5.277778148651123,3.3708624839782715
1996-03-01,CSCO,5.152778148651123,3.291024923324585
1996-04-01,CSCO,5.763888835906982,3.681334972381592
1996-05-01,CSCO,6.0833330154418945,3.885361909866333
1996-06-01,CSCO,6.2916669845581055,4.018421649932861
1996-07-01,CSCO,5.75,3.67246413230896
1996-08-01,CSCO,5.861111164093018,3.7434282302856445
1996-09-01,CSCO,6.8958330154418945,4.404297351837158
1996-10-01,CSCO,6.875,4.390990734100342
1996-11-01,CSCO,7.5416669845581055,4.8167853355407715
1996-12-01,CSCO,7.069444179534912,4.515178203582764
1997-01-01,CSCO,7.75,4.949843883514404
1997-02-01,CSCO,6.180555820465088,3.9474549293518066
1997-03-01,CSCO,5.347221851348877,3.4152140617370605
1997-04-01,CSCO,5.75,3.67246413230896
1997-05-01,CSCO,7.527778148651123,4.807912349700928
1997-06-01,CSCO,7.4583330154418945,4.7635602951049805
1997-07-01,CSCO,8.840277671813965,5.64619255065918
1997-08-01,CSCO,8.375,5.349023342132568
1997-09-01,CSCO,8.118056297302246,5.184917449951172
1997-10-01,CSCO,9.114583015441895,5.821390151977539
1997-11-01,CSCO,9.583333015441895,6.120773792266846
1997-12-01,CSCO,9.291666984558105,5.93449068069458
1998-01-01,CSCO,10.510416984558105,6.712894439697266
1998-02-01,CSCO,10.979166984558105,7.0122785568237305
1998-03-01,CSCO,11.395833015441895,7.27839994430542
1998-04-01,CSCO,12.208333015441895,7.797335624694824
1998-05-01,CSCO,12.604166984558105,8.050151824951172
1998-06-01,CSCO,15.34375,9.799890518188477
1998-07-01,CSCO,15.958333015441895,10.19242000579834
1998-08-01,CSCO,13.645833015441895,8.715450286865234
1998-09-01,CSCO,15.453125,9.869749069213867
1998-10-01,CSCO,15.75,10.059359550476074
1998-11-01,CSCO,18.84375,12.035306930541992
1998-12-01,CSCO,23.203125,14.81959342956543
1999-01-01,CSCO,27.890625,17.813446044921875
1999-02-01,CSCO,24.453125,15.61795425415039
1999-03-01,CSCO,27.390625,17.494102478027344
1999-04-01,CSCO,28.515625,18.21262550354004
1999-05-01,CSCO,27.25,17.404293060302734
1999-06-01,CSCO,32.21875,20.577777862548828
1999-07-01,CSCO,31.0625,19.839292526245117
1999-08-01,CSCO,33.90625,21.655567169189453
1999-09-01,CSCO,34.28125,21.895078659057617
1999-10-01,CSCO,37.0,23.631519317626953
1999-11-01,CSCO,44.59375,28.481552124023438
1999-12-01,CSCO,53.5625,34.209808349609375
2000-01-01,CSCO,54.75,34.96825408935547
2000-02-01,CSCO,66.09375,42.2133903503418
2000-03-01,CSCO,77.3125,49.37866973876953
2000-04-01,CSCO,69.328125,44.279144287109375
2000-05-01,CSCO,56.9375,36.36539077758789
2000-06-01,CSCO,63.5625,40.59670639038086
2000-07-01,CSCO,65.4375,41.79425048828125
2000-08-01,CSCO,68.625,43.830074310302734
2000-09-01,CSCO,55.25,35.287601470947266
2000-10-01,CSCO,53.875,34.40940856933594
2000-11-01,CSCO,47.875,30.577259063720703
2000-12-01,CSCO,38.25,24.429868698120117
2001-01-01,CSCO,37.4375,23.910940170288086
2001-02-01,CSCO,23.6875,15.12895679473877
2001-03-01,CSCO,15.8125,10.099279403686523
2001-04-01,CSCO,16.979999542236328,10.844948768615723
2001-05-01,CSCO,19.260000228881836,12.301162719726562
2001-06-01,CSCO,18.200000762939453,11.62415599822998
2001-07-01,CSCO,19.219999313354492,12.275616645812988
2001-08-01,CSCO,16.329999923706055,10.42979907989502
2001-09-01,CSCO,12.180000305175781,7.779237270355225
2001-10-01,CSCO,16.920000076293945,10.806624412536621
2001-11-01,CSCO,20.440000534057617,13.054815292358398
2001-12-01,CSCO,18.110000610351562,11.566668510437012
2002-01-01,CSCO,19.799999237060547,12.646051406860352
2002-02-01,CSCO,14.270000457763672,9.114100456237793
2002-03-01,CSCO,16.93000030517578,10.81301498413086
2002-04-01,CSCO,14.649999618530273,9.35680103302002
2002-05-01,CSCO,15.779999732971191,10.078521728515625
2002-06-01,CSCO,13.949999809265137,8.909722328186035
2002-07-01,CSCO,13.1899995803833,8.424312591552734
2002-08-01,CSCO,13.819999694824219,8.826689720153809
2002-09-01,CSCO,10.479999542236328,6.693466663360596
2002-10-01,CSCO,11.180000305175781,7.140549182891846
2002-11-01,CSCO,14.920000076293945,9.529247283935547
2002-12-01,CSCO,13.100000381469727,8.366835594177246
2003-01-01,CSCO,13.369999885559082,8.539278030395508
2003-02-01,CSCO,13.979999542236328,8.92888069152832
2003-03-01,CSCO,12.979999542236328,8.290191650390625
2003-04-01,CSCO,15.0,9.580342292785645
2003-05-01,CSCO,16.40999984741211,10.480894088745117
2003-06-01,CSCO,16.790000915527344,10.72359561920166
2003-07-01,CSCO,19.489999771118164,12.448060035705566
2003-08-01,CSCO,19.139999389648438,12.224518775939941
2003-09-01,CSCO,19.59000015258789,12.51192569732666
2003-10-01,CSCO,20.93000030517578,13.367772102355957
2003-11-01,CSCO,22.700000762939453,14.498259544372559
2003-12-01,CSCO,24.229999542236328,15.475446701049805
2004-01-01,CSCO,25.709999084472656,16.420711517333984
2004-02-01,CSCO,23.15999984741211,14.792044639587402
2004-03-01,CSCO,23.56999969482422,15.053916931152344
2004-04-01,CSCO,20.90999984741211,13.354999542236328
2004-05-01,CSCO,22.3700008392334,14.287491798400879
2004-06-01,CSCO,23.700000762939453,15.136944770812988
2004-07-01,CSCO,20.920000076293945,13.3613862991333
2004-08-01,CSCO,18.760000228881836,11.981815338134766
2004-09-01,CSCO,18.100000381469727,11.56027889251709
2004-10-01,CSCO,19.209999084472656,12.269225120544434
2004-11-01,CSCO,18.75,11.975427627563477
2004-12-01,CSCO,19.31999969482422,12.339482307434082
2005-01-01,CSCO,18.040000915527344,11.521957397460938
2005-02-01,CSCO,17.420000076293945,11.125972747802734
2005-03-01,CSCO,17.889999389648438,11.426156997680664
2005-04-01,CSCO,17.270000457763672,11.030168533325195
2005-05-01,CSCO,19.399999618530273,12.390575408935547
2005-06-01,CSCO,19.079999923706055,12.186198234558105
2005-07-01,CSCO,19.149999618530273,12.230905532836914
2005-08-01,CSCO,17.6200008392334,11.25370979309082
2005-09-01,CSCO,17.920000076293945,11.445318222045898
2005-10-01,CSCO,17.450000762939453,11.145132064819336
2005-11-01,CSCO,17.540000915527344,11.202616691589355
2005-12-01,CSCO,17.1200008392334,10.934366226196289
2006-01-01,CSCO,18.56999969482422,11.860464096069336
2006-02-01,CSCO,20.239999771118164,12.92707347869873
2006-03-01,CSCO,21.670000076293945,13.840407371520996
2006-04-01,CSCO,20.950000762939453,13.380549430847168
2006-05-01,CSCO,19.68000030517578,12.56940746307373
2006-06-01,CSCO,19.530000686645508,12.473610877990723
2006-07-01,CSCO,17.8799991607666,11.419768333435059
2006-08-01,CSCO,21.989999771118164,14.044782638549805
2006-09-01,CSCO,22.979999542236328,14.677083015441895
2006-10-01,CSCO,24.1299991607666,15.411581993103027
2006-11-01,CSCO,26.90999984741211,17.187131881713867
2006-12-01,CSCO,27.329999923706055,17.455381393432617
2007-01-01,CSCO,26.6200008392334,17.00191879272461
2007-02-01,CSCO,25.940000534057617,16.567615509033203
2007-03-01,CSCO,25.530000686645508,16.305747985839844
2007-04-01,CSCO,26.739999771118164,17.078556060791016
2007-05-01,CSCO,26.920000076293945,17.193523406982422
2007-06-01,CSCO,27.850000381469727,17.787500381469727
2007-07-01,CSCO,28.90999984741211,18.464509963989258
2007-08-01,CSCO,31.920000076293945,20.3869686126709
2007-09-01,CSCO,33.130001068115234,21.159788131713867
2007-10-01,CSCO,33.060001373291016,21.115079879760742
2007-11-01,CSCO,28.020000457763672,17.896080017089844
2007-12-01,CSCO,27.06999969482422,17.289323806762695
2008-01-01,CSCO,24.5,15.647891998291016
2008-02-01,CSCO,24.389999389648438,15.577638626098633
2008-03-01,CSCO,24.09000015258789,15.386032104492188
2008-04-01,CSCO,25.639999389648438,16.37600326538086
2008-05-01,CSCO,26.719999313354492,17.065784454345703
2008-06-01,CSCO,23.260000228881836,14.855920791625977
2008-07-01,CSCO,21.989999771118164,14.044782638549805
2008-08-01,CSCO,24.049999237060547,15.360483169555664
2008-09-01,CSCO,22.559999465942383,14.408838272094727
2008-10-01,CSCO,17.770000457763672,11.349518775939941
2008-11-01,CSCO,16.540000915527344,10.563924789428711
2008-12-01,CSCO,16.299999237060547,10.410640716552734
2009-01-01,CSCO,14.970000267028809,9.561182975769043
2009-02-01,CSCO,14.569999694824219,9.305707931518555
2009-03-01,CSCO,16.770000457763672,10.710824966430664
2009-04-01,CSCO,19.31999969482422,12.339482307434082
2009-05-01,CSCO,18.5,11.815759658813477
2009-06-01,CSCO,18.649999618530273,11.91156005859375
2009-07-01,CSCO,22.010000228881836,14.057554244995117
2009-08-01,CSCO,21.600000381469727,13.795696258544922
2009-09-01,CSCO,23.540000915527344,15.034749031066895
2009-10-01,CSCO,22.809999465942383,14.568506240844727
2009-11-01,CSCO,23.399999618530273,14.94533634185791
2009-12-01,CSCO,23.940000534057617,15.290231704711914
2010-01-01,CSCO,22.469999313354492,14.351349830627441
2010-02-01,CSCO,24.329999923706055,15.53931999206543
2010-03-01,CSCO,26.030000686645508,16.625093460083008
2010-04-01,CSCO,26.93000030517578,17.199909210205078
2010-05-01,CSCO,23.15999984741211,14.792044639587402
2010-06-01,CSCO,21.309999465942383,13.61047077178955
2010-07-01,CSCO,23.06999969482422,14.734561920166016
2010-08-01,CSCO,19.989999771118164,12.767402648925781
2010-09-01,CSCO,21.899999618530273,13.987298965454102
2010-10-01,CSCO,22.860000610351562,14.600445747375488
2010-11-01,CSCO,19.15999984741211,12.237287521362305
2010-12-01,CSCO,20.229999542236328,12.92068862915039
2011-01-01,CSCO,21.149999618530273,13.508279800415039
2011-02-01,CSCO,18.559999465942383,11.85407829284668
2011-03-01,CSCO,17.149999618530273,10.991888999938965
2011-04-01,CSCO,17.520000457763672,11.229033470153809
2011-05-01,CSCO,16.799999237060547,10.76756763458252
2011-06-01,CSCO,15.609999656677246,10.004867553710938
2011-07-01,CSCO,15.970000267028809,10.274469375610352
2011-08-01,CSCO,15.670000076293945,10.081459999084473
2011-09-01,CSCO,15.5,9.972085952758789
2011-10-01,CSCO,18.530000686645508,11.968746185302734
2011-11-01,CSCO,18.639999389648438,12.039795875549316
2011-12-01,CSCO,18.079999923706055,11.678088188171387
2012-01-01,CSCO,19.649999618530273,12.734424591064453
2012-02-01,CSCO,19.8799991607666,12.883485794067383
2012-03-01,CSCO,21.149999618530273,13.70651912689209
2012-04-01,CSCO,20.15999984741211,13.11445140838623
2012-05-01,CSCO,16.329999923706055,10.622965812683105
2012-06-01,CSCO,17.170000076293945,11.169400215148926
2012-07-01,CSCO,15.949999809265137,10.42434024810791
2012-08-01,CSCO,19.079999923706055,12.46999454498291
2012-09-01,CSCO,19.100000381469727,12.483060836791992
2012-10-01,CSCO,17.149999618530273,11.29163932800293
2012-11-01,CSCO,18.90999984741211,12.542558670043945
2012-12-01,CSCO,19.649999618530273,13.03338623046875
2013-01-01,CSCO,20.56999969482422,13.64360237121582
2013-02-01,CSCO,20.860000610351562,13.835960388183594
2013-03-01,CSCO,20.899999618530273,13.862481117248535
2013-04-01,CSCO,20.920000076293945,13.9879150390625
2013-05-01,CSCO,24.1200008392334,16.127561569213867
2013-06-01,CSCO,24.34000015258789,16.274660110473633
2013-07-01,CSCO,25.59000015258789,17.230804443359375
2013-08-01,CSCO,23.309999465942383,15.69558334350586
2013-09-01,CSCO,23.43000030517578,15.776383399963379
2013-10-01,CSCO,22.559999465942383,15.301605224609375
2013-11-01,CSCO,21.25,14.413081169128418
2013-12-01,CSCO,22.43000030517578,15.213430404663086
2014-01-01,CSCO,21.90999984741211,14.974218368530273
2014-02-01,CSCO,21.799999237060547,14.899043083190918
2014-03-01,CSCO,22.420000076293945,15.32278060913086
2014-04-01,CSCO,23.110000610351562,15.929350852966309
2014-05-01,CSCO,24.6200008392334,16.970176696777344
2014-06-01,CSCO,24.850000381469727,17.128707885742188
2014-07-01,CSCO,25.229999542236328,17.52338409423828
2014-08-01,CSCO,24.989999771118164,17.35669708251953
2014-09-01,CSCO,25.170000076293945,17.614946365356445
2014-10-01,CSCO,24.469999313354492,17.12505340576172
2014-11-01,CSCO,27.639999389648438,19.343542098999023
2014-12-01,CSCO,27.81999969482422,19.46951675415039
2015-01-01,CSCO,26.3700008392334,18.5816593170166
2015-02-01,CSCO,29.510000228881836,20.794269561767578
2015-03-01,CSCO,27.530000686645508,19.547515869140625
2015-04-01,CSCO,28.829999923706055,20.4705753326416
2015-05-01,CSCO,29.309999465942383,20.811391830444336
2015-06-01,CSCO,27.459999084472656,19.49781608581543
2015-07-01,CSCO,28.420000076293945,20.334970474243164
2015-08-01,CSCO,25.8799991607666,18.51755714416504
2015-09-01,CSCO,26.25,18.78230094909668
2015-10-01,CSCO,28.850000381469727,20.809112548828125
2015-11-01,CSCO,27.25,19.65505599975586
2015-12-01,CSCO,27.15999984741211,19.59014320373535
2016-01-01,CSCO,23.790000915527344,17.293115615844727
2016-02-01,CSCO,26.18000030517578,19.03042221069336
2016-03-01,CSCO,28.469999313354492,20.695032119750977
2016-04-01,CSCO,27.489999771118164,20.165414810180664
2016-05-01,CSCO,29.049999237060547,21.309755325317383
2016-06-01,CSCO,28.690000534057617,21.045684814453125
2016-07-01,CSCO,30.530000686645508,22.59944725036621
2016-08-01,CSCO,31.440000534057617,23.27306365966797
2016-09-01,CSCO,31.719999313354492,23.480331420898438
2016-10-01,CSCO,30.68000030517578,22.89817237854004
2016-11-01,CSCO,29.81999969482422,22.256303787231445
2016-12-01,CSCO,30.219999313354492,22.55484390258789
2017-01-01,CSCO,30.719999313354492,23.124895095825195
2017-02-01,CSCO,34.18000030517578,25.729459762573242
2017-03-01,CSCO,33.79999923706055,25.443408966064453
2017-04-01,CSCO,34.06999969482422,25.870071411132812
2017-05-01,CSCO,31.530000686645508,23.94139862060547
2017-06-01,CSCO,31.299999237060547,23.76675033569336
2017-07-01,CSCO,31.450000762939453,24.103759765625
2017-08-01,CSCO,32.209999084472656,24.686241149902344
2017-09-01,CSCO,33.630001068115234,25.774547576904297
2017-10-01,CSCO,34.150001525878906,26.399253845214844
2017-11-01,CSCO,37.29999923706055,28.834325790405273
2017-12-01,CSCO,38.29999923706055,29.607357025146484
2018-01-01,CSCO,41.540000915527344,32.35152816772461
2018-02-01,CSCO,44.779998779296875,34.874839782714844
2018-03-01,CSCO,42.88999938964844,33.40290451049805
2018-04-01,CSCO,44.290000915527344,34.77052307128906
2018-05-01,CSCO,42.709999084472656,33.530120849609375
2018-06-01,CSCO,43.029998779296875,33.78132629394531
2018-07-01,CSCO,42.290000915527344,33.45915985107422
2018-08-01,CSCO,47.77000045776367,37.79484176635742
2018-09-01,CSCO,48.650001525878906,38.49108123779297
2018-10-01,CSCO,45.75,36.441383361816406
2018-11-01,CSCO,47.869998931884766,38.130027770996094
2018-12-01,CSCO,43.33000183105469,34.51376724243164
2019-01-01,CSCO,47.290000915527344,37.9597053527832
2019-02-01,CSCO,51.77000045776367,41.55579376220703
2019-03-01,CSCO,53.9900016784668,43.337791442871094
2019-04-01,CSCO,55.95000076293945,45.195430755615234
2019-05-01,CSCO,52.029998779296875,42.02891540527344
2019-06-01,CSCO,54.72999954223633,44.20993423461914
2019-07-01,CSCO,55.400001525878906,45.033565521240234
2019-08-01,CSCO,46.810001373291016,38.05091857910156
2019-09-01,CSCO,49.40999984741211,40.1644172668457
2019-10-01,CSCO,47.5099983215332,38.912452697753906
2019-11-01,CSCO,45.310001373291016,37.110572814941406
2019-12-01,CSCO,47.959999084472656,39.28102111816406
2020-01-01,CSCO,45.970001220703125,37.927921295166016
2020-02-01,CSCO,39.93000030517578,32.94456481933594
2020-03-01,CSCO,39.310001373291016,32.43304443359375
2020-04-01,CSCO,42.380001068115234,35.2974853515625
2020-05-01,CSCO,47.81999969482422,39.8283576965332
2020-06-01,CSCO,46.63999938964844,38.84555435180664
2020-07-01,CSCO,47.099998474121094,39.537696838378906
2020-08-01,CSCO,42.220001220703125,35.44123077392578
2020-09-01,CSCO,39.38999938964844,33.06560134887695
2020-10-01,CSCO,35.900001525878906,30.413923263549805
2020-11-01,CSCO,43.02000045776367,36.44587707519531
2020-12-01,CSCO,44.75,37.911502838134766
2021-01-01,CSCO,44.58000183105469,38.073787689208984
2021-02-01,CSCO,44.869998931884766,38.321449279785156
2021-03-01,CSCO,51.709999084472656,44.16318130493164
2021-04-01,CSCO,50.90999984741211,43.791656494140625
2021-05-01,CSCO,52.900001525878906,45.50341033935547
2021-06-01,CSCO,53.0,45.58943176269531
2021-07-01,CSCO,55.369998931884766,47.960113525390625
2021-08-01,CSCO,59.02000045776367,51.12165069580078
2021-09-01,CSCO,54.43000030517578,47.145904541015625
2021-10-01,CSCO,55.970001220703125,48.80732345581055
2021-11-01,CSCO,54.84000015258789,47.821929931640625
2021-12-01,CSCO,63.369998931884766,55.260318756103516
2022-01-01,CSCO,55.66999816894531,48.831783294677734
2022-02-01,CSCO,55.77000045776367,48.919490814208984
2022-03-01,CSCO,55.7599983215332,48.91072463989258
2022-04-01,CSCO,48.97999954223633,43.25775909423828
2022-05-01,CSCO,45.04999923706055,39.786895751953125
2022-06-01,CSCO,42.63999938964844,37.658443450927734
2022-07-01,CSCO,45.369998931884766,40.430152893066406
2022-08-01,CSCO,44.720001220703125,39.85092544555664
2022-09-01,CSCO,40.0,35.644832611083984
2022-10-01,CSCO,45.43000030517578,40.85966110229492
2022-11-01,CSCO,49.720001220703125,44.718082427978516
2022-12-01,CSCO,47.63999938964844,42.84733200073242
2023-01-01,CSCO,48.66999816894531,44.12344741821289
2023-02-01,CSCO,48.41999816894531,43.896812438964844
2023-03-01,CSCO,52.279998779296875,47.39622497558594
2023-04-01,CSCO,47.25,43.15787124633789
2023-05-01,CSCO,49.66999816894531,45.36829376220703
2023-06-01,CSCO,51.7400016784668,47.25900650024414
2023-07-01,CSCO,52.040000915527344,47.89347839355469
2023-08-01,CSCO,57.349998474121094,52.78038024902344
2023-09-01,CSCO,53.7599983215332,49.476436614990234
2023-10-01,CSCO,52.130001068115234,48.32280731201172
2023-11-01,CSCO,48.380001068115234,44.8466796875
2023-12-01,CSCO,50.52000045776367,46.83039093017578
2024-01-01,CSCO,50.18000030517578,46.87717056274414
2024-02-01,CSCO,48.369998931884766,45.18629837036133
2024-03-01,CSCO,49.90999984741211,46.62493896484375
2024-04-01,CSCO,46.97999954223633,44.24635314941406
2024-05-01,CSCO,46.5,43.79427719116211
2024-06-01,CSCO,47.5099983215332,44.745513916015625
2024-07-01,CSCO,48.45000076293945,46.02174377441406
2024-08-01,CSCO,50.540000915527344,48.00699234008789
2024-09-01,CSCO,53.220001220703125,50.55267333984375
2024-10-01,CSCO,54.77000045776367,52.422584533691406
2024-11-01,CSCO,59.209999084472656,56.67228317260742
2024-12-01,CSCO,59.20000076293945,56.662715911865234
2025-01-01,CSCO,60.599998474121094,58.39796447753906
2025-02-01,CSCO,64.11000061035156,61.78042221069336
2025-03-01,CSCO,61.709999084472656,59.46762466430664
2025-04-01,CSCO,57.72999954223633,56.0036735534668
2025-05-01,CSCO,63.040000915527344,61.154884338378906
2025-06-01,CSCO,69.37999725341797,67.30530548095703
2025-07-01,CSCO,68.08000183105469,66.44132995605469
2025-08-01,CSCO,69.08999633789062,67.42701721191406
2025-09-01,CSCO,68.41999816894531,66.77314758300781
2025-10-01,CSCO,73.11000061035156,71.7811050415039
2025-11-01,CSCO,76.94000244140625,75.5414810180664
2025-12-01,CSCO,77.02999877929688,75.62984466552734
2026-01-01,CSCO,78.31999969482422,77.30786895751953
2026-02-01,CSCO,79.45999908447266,78.43313598632812
2026-03-01,CSCO,77.58999633789062,76.5873031616211
2026-04-01,CSCO,91.5,90.80694580078125
2026-05-01,CSCO,120.41999816894531,119.50789642333984
2026-06-01,CSCO,117.45999908447266,116.5703125
2026-07-01,CSCO,115.98999786376953,115.54207611083984
2026-08-01,CSCO,110.48999786376953,110.06331634521484
2026-09-01,CSCO,107.62999725341797,107.21436309814453
2026-10-01,CSCO,117.75,117.75
1985-01-01,INTC,0.640625,0.357191264629364
1985-02-01,INTC,0.5833330154418945,0.32524731755256653
1985-03-01,INTC,0.578125,0.3223433792591095
1985-04-01,INTC,0.5729169845581055,0.31943950057029724
1985-05-01,INTC,0.5494790077209473,0.3063713014125824
1985-06-01,INTC,0.5416669845581055,0.30201563239097595
1985-07-01,INTC,0.5885419845581055,0.3281516432762146
1985-08-01,INTC,0.5416669845581055,0.30201563239097595
1985-09-01,INTC,0.5364580154418945,0.29911136627197266
1985-10-01,INTC,0.53125,0.296207457780838
1985-11-01,INTC,0.59375,0.33105549216270447
1985-12-01,INTC,0.609375,0.33976730704307556
1986-01-01,INTC,0.5885419845581055,0.3281516432762146
1986-02-01,INTC,0.578125,0.3223433792591095
1986-03-01,INTC,0.5416669845581055,0.30201563239097595
1986-04-01,INTC,0.59375,0.33105549216270447
1986-05-01,INTC,0.5677080154418945,0.31653520464897156
1986-06-01,INTC,0.47916701436042786,0.26716768741607666
1986-07-01,INTC,0.38020798563957214,0.21199148893356323
1986-08-01,INTC,0.47916701436042786,0.26716768741607666
1986-09-01,INTC,0.40625,0.22651158273220062
1986-10-01,INTC,0.421875,0.2352236658334732
1986-11-01,INTC,0.47916701436042786,0.26716768741607666
1986-12-01,INTC,0.4375,0.2439354956150055
1987-01-01,INTC,0.6510419845581055,0.3629995286464691
1987-02-01,INTC,0.7916669845581055,0.44140735268592834
1987-03-01,INTC,0.8177080154418945,0.45592695474624634
1987-04-01,INTC,0.9791669845581055,0.5459511280059814
1987-05-01,INTC,0.9140629768371582,0.5096513032913208
1987-06-01,INTC,0.9166669845581055,0.5111033320426941
1987-07-01,INTC,0.9947919845581055,0.5546630024909973
1987-08-01,INTC,1.0989580154418945,0.6127426028251648
1987-09-01,INTC,1.203125,0.6708224415779114
1987-10-01,INTC,0.8125,0.45302316546440125
1987-11-01,INTC,0.671875,0.3746154308319092
1987-12-01,INTC,0.828125,0.4617350399494171
1988-01-01,INTC,0.796875,0.44431132078170776
1988-02-01,INTC,0.8828129768371582,0.49222731590270996
1988-03-01,INTC,0.9179689884185791,0.5118291974067688
1988-04-01,INTC,0.96875,0.5401429533958435
1988-05-01,INTC,0.9609379768371582,0.5357872843742371
1988-06-01,INTC,1.128906011581421,0.6294406056404114
1988-07-01,INTC,1.0859379768371582,0.6054834127426147
1988-08-01,INTC,0.875,0.487870991230011
1988-09-01,INTC,0.859375,0.4791591465473175
1988-10-01,INTC,0.7734379768371582,0.43124353885650635
1988-11-01,INTC,0.625,0.34847933053970337
1988-12-01,INTC,0.7421879768371582,0.41381940245628357
1989-01-01,INTC,0.8125,0.45302316546440125
1989-02-01,INTC,0.8046879768371582,0.4486675262451172
1989-03-01,INTC,0.8203129768371582,0.4573793113231659
1989-04-01,INTC,0.90625,0.505294919013977
1989-05-01,INTC,1.015625,0.566278874874115
1989-06-01,INTC,0.90625,0.505294919013977
1989-07-01,INTC,0.953125,0.5314308404922485
1989-08-01,INTC,0.9375,0.5227189660072327
1989-09-01,INTC,1.0078129768371582,0.5619232058525085
1989-10-01,INTC,1.0546879768371582,0.5880593657493591
1989-11-01,INTC,1.0859379768371582,0.6054834127426147
1989-12-01,INTC,1.078125,0.6011267900466919
1990-01-01,INTC,1.234375,0.6882465481758118
1990-02-01,INTC,1.2578129768371582,0.7013149261474609
1990-03-01,INTC,1.3046879768371582,0.7274507880210876
1990-04-01,INTC,1.234375,0.6882465481758118
1990-05-01,INTC,1.5078129768371582,0.8407067656517029
1990-06-01,INTC,1.46875,0.8189263343811035
1990-07-01,INTC,1.390625,0.7753668427467346
1990-08-01,INTC,1.042968988418579,0.5815253257751465
1990-09-01,INTC,1.0390629768371582,0.5793473124504089
1990-10-01,INTC,1.046875,0.583702802658081
1990-11-01,INTC,1.171875,0.6533984541893005
1990-12-01,INTC,1.203125,0.6708224415779114
1991-01-01,INTC,1.4296879768371582,0.7971470355987549
1991-02-01,INTC,1.4921879768371582,0.8319946527481079
1991-03-01,INTC,1.4609379768371582,0.8145704865455627
1991-04-01,INTC,1.5390629768371582,0.858130693435669
1991-05-01,INTC,1.7421879768371582,0.9713863730430603
1991-06-01,INTC,1.453125,0.810214638710022
1991-07-01,INTC,1.46875,0.8189263343811035
1991-08-01,INTC,1.546875,0.8624865412712097
1991-09-01,INTC,1.3203129768371582,0.7361628413200378
1991-10-01,INTC,1.269531011581421,0.7078486084938049
1991-11-01,INTC,1.28125,0.714382529258728
1991-12-01,INTC,1.53125,0.8537741303443909
1992-01-01,INTC,1.871093988418579,1.043260097503662
1992-02-01,INTC,1.984375,1.1064220666885376
1992-03-01,INTC,1.7265629768371582,0.9626747369766235
1992-04-01,INTC,1.671875,0.9321818947792053
1992-05-01,INTC,1.5625,0.8711977005004883
1992-06-01,INTC,1.78125,0.9931663870811462
1992-07-01,INTC,1.8671879768371582,1.0410817861557007
1992-08-01,INTC,1.8125,1.010589838027954
1992-09-01,INTC,2.054687976837158,1.1456257104873657
1992-10-01,INTC,2.109375,1.1778727769851685
1992-11-01,INTC,2.234375,1.2476719617843628
1992-12-01,INTC,2.71875,1.5181466341018677
1993-01-01,INTC,3.335937976837158,1.8644366264343262
1993-02-01,INTC,3.640625,2.034724712371826
1993-03-01,INTC,3.59375,2.0085270404815674
1993-04-01,INTC,2.972656011581421,1.663195013999939
1993-05-01,INTC,3.464843988418579,1.9385733604431152
1993-06-01,INTC,3.4375,1.9232734441757202
1993-07-01,INTC,3.265625,1.8288770914077759
1993-08-01,INTC,4.015625,2.2489066123962402
1993-09-01,INTC,4.421875,2.4764223098754883
1993-10-01,INTC,3.953125,2.215648889541626
1993-11-01,INTC,3.84375,2.154345989227295
1993-12-01,INTC,3.875,2.1718616485595703
1994-01-01,INTC,4.078125,2.287464141845703
1994-02-01,INTC,4.296875,2.410162925720215
1994-03-01,INTC,4.21875,2.3663434982299805
1994-04-01,INTC,3.8125,2.140244722366333
1994-05-01,INTC,3.90625,2.1928741931915283
1994-06-01,INTC,3.65625,2.0525290966033936
1994-07-01,INTC,3.703125,2.0810043811798096
1994-08-01,INTC,4.109375,2.3092987537384033
1994-09-01,INTC,3.84375,2.1600306034088135
1994-10-01,INTC,3.882812976837158,2.184204578399658
1994-11-01,INTC,3.945312976837158,2.219362735748291
1994-12-01,INTC,3.992187976837158,2.245732545852661
1995-01-01,INTC,4.335937976837158,2.4411680698394775
1995-02-01,INTC,4.984375,2.806244373321533
1995-03-01,INTC,5.304687976837158,2.9865832328796387
1995-04-01,INTC,6.398437976837158,3.6046149730682373
1995-05-01,INTC,7.015625,3.9523117542266846
1995-06-01,INTC,7.914062976837158,4.4584550857543945
1995-07-01,INTC,8.125,4.57995080947876
1995-08-01,INTC,7.671875,4.324531078338623
1995-09-01,INTC,7.515625,4.23645544052124
1995-10-01,INTC,8.734375,4.926351070404053
1995-11-01,INTC,7.609375,4.291830539703369
1995-12-01,INTC,7.09375,4.001008033752441
1996-01-01,INTC,6.904296875,3.89701771736145
1996-02-01,INTC,7.351562976837158,4.149468898773193
1996-03-01,INTC,7.109375,4.0127716064453125
1996-04-01,INTC,8.46875,4.782808780670166
1996-05-01,INTC,9.4375,5.329921245574951
1996-06-01,INTC,9.179688453674316,5.18432092666626
1996-07-01,INTC,9.390625,5.3070902824401855
1996-08-01,INTC,9.976563453674316,5.638228893280029
1996-09-01,INTC,11.929688453674316,6.7420334815979
1996-10-01,INTC,13.734375,7.76566743850708
1996-11-01,INTC,15.859375,8.967185020446777
1996-12-01,INTC,16.3671875,9.254312515258789
1997-01-01,INTC,20.28125,11.47119426727295
1997-02-01,INTC,17.734375,10.030661582946777
1997-03-01,INTC,17.390625,9.836233139038086
1997-04-01,INTC,19.140625,10.829743385314941
1997-05-01,INTC,18.9375,10.714818954467773
1997-06-01,INTC,17.7265625,10.029672622680664
1997-07-01,INTC,22.953125,12.99128246307373
1997-08-01,INTC,23.03125,13.035492897033691
1997-09-01,INTC,23.078125,13.062026023864746
1997-10-01,INTC,19.25,10.89918327331543
1997-11-01,INTC,19.40625,10.987646102905273
1997-12-01,INTC,17.5625,9.94373607635498
1998-01-01,INTC,20.25,11.469728469848633
1998-02-01,INTC,22.421875,12.699886322021484
1998-03-01,INTC,19.515625,11.053764343261719
1998-04-01,INTC,20.203125,11.44749641418457
1998-05-01,INTC,17.859375,10.119485855102539
1998-06-01,INTC,18.53125,10.50018310546875
1998-07-01,INTC,21.109375,11.960997581481934
1998-08-01,INTC,17.796875,10.087767601013184
1998-09-01,INTC,21.4375,12.151372909545898
1998-10-01,INTC,22.296875,12.638493537902832
1998-11-01,INTC,26.90625,15.25795841217041
1998-12-01,INTC,29.640625,16.808565139770508
1999-01-01,INTC,35.234375,19.980674743652344
1999-02-01,INTC,29.984375,17.01108169555664
1999-03-01,INTC,29.71875,16.860387802124023
1999-04-01,INTC,30.59375,17.356794357299805
1999-05-01,INTC,27.03125,15.343141555786133
1999-06-01,INTC,29.75,16.886329650878906
1999-07-01,INTC,34.5,19.58245849609375
1999-08-01,INTC,41.09375,23.334718704223633
1999-09-01,INTC,37.15625,21.098848342895508
1999-10-01,INTC,38.71875,21.986101150512695
1999-11-01,INTC,38.34375,21.781591415405273
1999-12-01,INTC,41.15625,23.379257202148438
2000-01-01,INTC,49.46875,28.101282119750977
2000-02-01,INTC,56.5,32.10507583618164
2000-03-01,INTC,65.96875,37.48551559448242
2000-04-01,INTC,63.40625,36.029415130615234
2000-05-01,INTC,62.34375,35.4344482421875
2000-06-01,INTC,66.84375,37.99211883544922
2000-07-01,INTC,66.75,37.938838958740234
2000-08-01,INTC,74.875,42.570308685302734
2000-09-01,INTC,41.5625,23.630422592163086
2000-10-01,INTC,45.0,25.5848388671875
2000-11-01,INTC,38.0625,21.64977264404297
2000-12-01,INTC,30.0625,17.09940528869629
2001-01-01,INTC,37.0,21.04543113708496
2001-02-01,INTC,28.5625,16.255325317382812
2001-03-01,INTC,26.3125,14.974820137023926
2001-04-01,INTC,30.90999984741211,17.591318130493164
2001-05-01,INTC,27.010000228881836,15.381413459777832
2001-06-01,INTC,29.25,16.657026290893555
2001-07-01,INTC,29.809999465942383,16.97593116760254
2001-08-01,INTC,27.959999084472656,15.932328224182129
2001-09-01,INTC,20.440000534057617,11.647242546081543
2001-10-01,INTC,24.420000076293945,13.915141105651855
2001-11-01,INTC,32.65999984741211,18.624670028686523
2001-12-01,INTC,31.450000762939453,17.93465805053711
2002-01-01,INTC,35.040000915527344,19.981897354125977
2002-02-01,INTC,28.549999237060547,16.290491104125977
2002-03-01,INTC,30.40999984741211,17.351802825927734
2002-04-01,INTC,28.610000610351562,16.32473373413086
2002-05-01,INTC,27.6200008392334,15.771167755126953
2002-06-01,INTC,18.270000457763672,10.432262420654297
2002-07-01,INTC,18.790000915527344,10.72918701171875
2002-08-01,INTC,16.670000076293945,9.530060768127441
2002-09-01,INTC,13.890000343322754,7.940764427185059
2002-10-01,INTC,17.299999237060547,9.89022445678711
2002-11-01,INTC,20.8799991607666,11.949609756469727
2002-12-01,INTC,15.569999694824219,8.910697937011719
2003-01-01,INTC,15.65999984741211,8.962203979492188
2003-02-01,INTC,17.25,9.884805679321289
2003-03-01,INTC,16.280000686645508,9.328958511352539
2003-04-01,INTC,18.399999618530273,10.54378604888916
2003-05-01,INTC,20.81999969482422,11.943070411682129
2003-06-01,INTC,20.809999465942383,11.937335968017578
2003-07-01,INTC,24.889999389648438,14.277772903442383
2003-08-01,INTC,28.59000015258789,16.413286209106445
2003-09-01,INTC,27.520000457763672,15.79899787902832
2003-10-01,INTC,32.95000076293945,18.916322708129883
2003-11-01,INTC,33.540000915527344,19.266475677490234
2003-12-01,INTC,32.04999923706055,18.410564422607422
2004-01-01,INTC,30.520000457763672,17.531692504882812
2004-02-01,INTC,29.200000762939453,16.794841766357422
2004-03-01,INTC,27.200000762939453,15.644501686096191
2004-04-01,INTC,25.729999542236328,14.79901123046875
2004-05-01,INTC,28.549999237060547,16.446006774902344
2004-06-01,INTC,27.600000381469727,15.898762702941895
2004-07-01,INTC,24.3799991607666,14.043907165527344
2004-08-01,INTC,21.290000915527344,12.284268379211426
2004-09-01,INTC,20.059999465942383,11.574563026428223
2004-10-01,INTC,22.260000228881836,12.84395694732666
2004-11-01,INTC,22.3799991607666,12.936076164245605
2004-12-01,INTC,23.389999389648438,13.519882202148438
2005-01-01,INTC,22.450000762939453,12.976540565490723
2005-02-01,INTC,23.989999771118164,13.91599178314209
2005-03-01,INTC,23.229999542236328,13.475136756896973
2005-04-01,INTC,23.520000457763672,13.643357276916504
2005-05-01,INTC,26.959999084472656,15.691498756408691
2005-06-01,INTC,26.020000457763672,15.14439582824707
2005-07-01,INTC,27.139999389648438,15.796259880065918
2005-08-01,INTC,25.719999313354492,15.01335620880127
2005-09-01,INTC,24.649999618530273,14.38878059387207
2005-10-01,INTC,23.5,13.71749210357666
2005-11-01,INTC,26.68000030517578,15.627233505249023
2005-12-01,INTC,24.959999084472656,14.619779586791992
2006-01-01,INTC,21.260000228881836,12.452580451965332
2006-02-01,INTC,20.600000381469727,12.123186111450195
2006-03-01,INTC,19.459999084472656,11.45229434967041
2006-04-01,INTC,19.979999542236328,11.758315086364746
2006-05-01,INTC,18.020000457763672,10.659256935119629
2006-06-01,INTC,19.0,11.238953590393066
2006-07-01,INTC,18.0,10.647427558898926
2006-08-01,INTC,19.56999969482422,11.642305374145508
2006-09-01,INTC,20.56999969482422,12.237205505371094
2006-10-01,INTC,21.34000015258789,12.695291519165039
2006-11-01,INTC,21.399999618530273,12.792845726013184
2006-12-01,INTC,20.25,12.105379104614258
2007-01-01,INTC,20.959999084472656,12.529812812805176
2007-02-01,INTC,19.860000610351562,11.935773849487305
2007-03-01,INTC,19.1299991607666,11.497040748596191
2007-04-01,INTC,21.5,12.921401977539062
2007-05-01,INTC,22.18000030517578,13.399123191833496
2007-06-01,INTC,23.739999771118164,14.341536521911621
2007-07-01,INTC,23.6200008392334,14.269035339355469
2007-08-01,INTC,25.75,15.628466606140137
2007-09-01,INTC,25.860000610351562,15.695228576660156
2007-10-01,INTC,26.899999618530273,16.326431274414062
2007-11-01,INTC,26.079999923706055,15.895774841308594
2007-12-01,INTC,26.65999984741211,16.249279022216797
2008-01-01,INTC,21.100000381469727,12.86046314239502
2008-02-01,INTC,19.969999313354492,12.245659828186035
2008-03-01,INTC,21.18000030517578,12.987640380859375
2008-04-01,INTC,22.260000228881836,13.64989948272705
2008-05-01,INTC,23.18000030517578,14.298932075500488
2008-06-01,INTC,21.479999542236328,13.250268936157227
2008-07-01,INTC,22.190000534057617,13.68824291229248
2008-08-01,INTC,22.8700008392334,14.195958137512207
2008-09-01,INTC,18.729999542236328,11.626164436340332
2008-10-01,INTC,16.030000686645508,9.950207710266113
2008-11-01,INTC,13.800000190734863,8.640386581420898
2008-12-01,INTC,14.65999984741211,9.178850173950195
2009-01-01,INTC,12.899999618530273,8.076886177062988
2009-02-01,INTC,12.739999771118164,8.058880805969238
2009-03-01,INTC,15.029999732971191,9.507453918457031
2009-04-01,INTC,15.779999732971191,9.981879234313965
2009-05-01,INTC,15.720000267028809,10.028193473815918
2009-06-01,INTC,16.549999237060547,10.557674407958984
2009-07-01,INTC,19.25,12.280071258544922
2009-08-01,INTC,20.31999969482422,13.057273864746094
2009-09-01,INTC,19.56999969482422,12.575337409973145
2009-10-01,INTC,19.110000610351562,12.27974796295166
2009-11-01,INTC,19.200000762939453,12.431657791137695
2009-12-01,INTC,20.399999618530273,13.208636283874512
2010-01-01,INTC,19.399999618530273,12.561150550842285
2010-02-01,INTC,20.530000686645508,13.39914608001709
2010-03-01,INTC,22.290000915527344,14.547823905944824
2010-04-01,INTC,22.84000015258789,14.906786918640137
2010-05-01,INTC,21.420000076293945,14.078606605529785
2010-06-01,INTC,19.450000762939453,12.78380012512207
2010-07-01,INTC,20.600000381469727,13.539653778076172
2010-08-01,INTC,17.670000076293945,11.70246696472168
2010-09-01,INTC,19.200000762939453,12.715750694274902
2010-10-01,INTC,20.049999237060547,13.278678894042969
2010-11-01,INTC,21.15999984741211,14.123522758483887
2010-12-01,INTC,21.030000686645508,14.036752700805664
2011-01-01,INTC,21.459999084472656,14.323760986328125
2011-02-01,INTC,21.469999313354492,14.451762199401855
2011-03-01,INTC,20.18000030517578,13.58344554901123
2011-04-01,INTC,23.149999618530273,15.58259391784668
2011-05-01,INTC,22.510000228881836,15.27078914642334
2011-06-01,INTC,22.15999984741211,15.033345222473145
2011-07-01,INTC,22.329999923706055,15.148680686950684
2011-08-01,INTC,20.1299991607666,13.78951644897461
2011-09-01,INTC,21.34000015258789,14.618398666381836
2011-10-01,INTC,24.540000915527344,16.810470581054688
2011-11-01,INTC,24.90999984741211,17.21551513671875
2011-12-01,INTC,24.25,16.759384155273438
2012-01-01,INTC,26.420000076293945,18.259092330932617
2012-02-01,INTC,26.8799991607666,18.72544288635254
2012-03-01,INTC,28.1200008392334,19.589263916015625
2012-04-01,INTC,28.399999618530273,19.784320831298828
2012-05-01,INTC,25.84000015258789,18.131425857543945
2012-06-01,INTC,26.649999618530273,18.699796676635742
2012-07-01,INTC,25.700000762939453,18.033199310302734
2012-08-01,INTC,24.829999923706055,17.575355529785156
2012-09-01,INTC,22.65999984741211,16.039377212524414
2012-10-01,INTC,21.6299991607666,15.310308456420898
2012-11-01,INTC,19.56999969482422,13.994925498962402
2012-12-01,INTC,20.6200008392334,14.745806694030762
2013-01-01,INTC,21.040000915527344,15.046152114868164
2013-02-01,INTC,20.8799991607666,15.092211723327637
2013-03-01,INTC,21.84000015258789,15.786113739013672
2013-04-01,INTC,23.950000762939453,17.311241149902344
2013-05-01,INTC,24.280000686645508,17.71508026123047
2013-06-01,INTC,24.229999542236328,17.678604125976562
2013-07-01,INTC,23.34000015258789,17.029239654541016
2013-08-01,INTC,21.979999542236328,16.193878173828125
2013-09-01,INTC,22.920000076293945,16.886432647705078
2013-10-01,INTC,24.469999313354492,18.02840232849121
2013-11-01,INTC,23.84000015258789,17.72867202758789
2013-12-01,INTC,25.959999084472656,19.305213928222656
2014-01-01,INTC,24.540000915527344,18.249225616455078
2014-02-01,INTC,24.760000228881836,18.588411331176758
2014-03-01,INTC,25.809999465942383,19.376699447631836
2014-04-01,INTC,26.690000534057617,20.037353515625
2014-05-01,INTC,27.31999969482422,20.686559677124023
2014-06-01,INTC,30.899999618530273,23.397314071655273
2014-07-01,INTC,33.88999938964844,25.661327362060547
2014-08-01,INTC,34.91999816894531,26.617122650146484
2014-09-01,INTC,34.81999969482422,26.540895462036133
2014-10-01,INTC,34.0099983215332,25.923486709594727
2014-11-01,INTC,37.25,28.57928466796875
2014-12-01,INTC,36.290000915527344,27.842748641967773
2015-01-01,INTC,33.040000915527344,25.34925651550293
2015-02-01,INTC,33.25,25.69335174560547
2015-03-01,INTC,31.270000457763672,24.163345336914062
2015-04-01,INTC,32.54999923706055,25.152437210083008
2015-05-01,INTC,34.459999084472656,26.8209171295166
2015-06-01,INTC,30.420000076293945,23.676498413085938
2015-07-01,INTC,28.950000762939453,22.532367706298828
2015-08-01,INTC,28.540000915527344,22.397796630859375
2015-09-01,INTC,30.139999389648438,23.65345001220703
2015-10-01,INTC,33.86000061035156,26.57284927368164
2015-11-01,INTC,34.77000045776367,27.479219436645508
2015-12-01,INTC,34.45000076293945,27.226329803466797
2016-01-01,INTC,31.020000457763672,24.515544891357422
2016-02-01,INTC,29.59000015258789,23.591232299804688
2016-03-01,INTC,32.349998474121094,25.791696548461914
2016-04-01,INTC,30.280000686645508,24.14134407043457
2016-05-01,INTC,31.59000015258789,25.4033203125
2016-06-01,INTC,32.79999923706055,26.376346588134766
2016-07-01,INTC,34.86000061035156,28.032917022705078
2016-08-01,INTC,35.88999938964844,29.079973220825195
2016-09-01,INTC,37.75,30.58702278137207
2016-10-01,INTC,34.869998931884766,28.25350570678711
2016-11-01,INTC,34.70000076293945,28.32863998413086
2016-12-01,INTC,36.27000045776367,29.610374450683594
2017-01-01,INTC,36.81999969482422,30.05938148498535
2017-02-01,INTC,36.20000076293945,29.764204025268555
2017-03-01,INTC,36.06999969482422,29.65731430053711
2017-04-01,INTC,36.150001525878906,29.723081588745117
2017-05-01,INTC,36.11000061035156,29.91106605529785
2017-06-01,INTC,33.7400016784668,27.947921752929688
2017-07-01,INTC,35.470001220703125,29.38094711303711
2017-08-01,INTC,35.06999969482422,29.267675399780273
2017-09-01,INTC,38.08000183105469,31.779678344726562
2017-10-01,INTC,45.4900016784668,37.96368408203125
2017-11-01,INTC,44.84000015258789,37.64299392700195
2017-12-01,INTC,46.15999984741211,38.75112533569336
2018-01-01,INTC,48.13999938964844,40.413330078125
2018-02-01,INTC,49.290000915527344,41.65948486328125
2018-03-01,INTC,52.08000183105469,44.01756286621094
2018-04-01,INTC,51.619998931884766,43.62877655029297
2018-05-01,INTC,55.20000076293945,46.923831939697266
2018-06-01,INTC,49.709999084472656,42.2569465637207
2018-07-01,INTC,48.099998474121094,40.88833236694336
2018-08-01,INTC,48.43000030517578,41.41922378540039
2018-09-01,INTC,47.290000915527344,40.44425582885742
2018-10-01,INTC,46.880001068115234,40.09360122680664
2018-11-01,INTC,49.310001373291016,42.43724060058594
2018-12-01,INTC,46.93000030517578,40.38895034790039
2019-01-01,INTC,47.119998931884766,40.552467346191406
2019-02-01,INTC,52.959999084472656,45.867408752441406
2019-03-01,INTC,53.70000076293945,46.5083122253418
2019-04-01,INTC,51.040000915527344,44.204532623291016
2019-05-01,INTC,44.040000915527344,38.37559127807617
2019-06-01,INTC,47.869998931884766,41.71298599243164
2019-07-01,INTC,50.54999923706055,44.04827880859375
2019-08-01,INTC,47.40999984741211,41.59107208251953
2019-09-01,INTC,51.529998779296875,45.20539093017578
2019-10-01,INTC,56.529998779296875,49.591712951660156
2019-11-01,INTC,58.04999923706055,51.205421447753906
2019-12-01,INTC,59.849998474121094,52.793190002441406
2020-01-01,INTC,63.93000030517578,56.39213943481445
2020-02-01,INTC,55.52000045776367,49.21492004394531
2020-03-01,INTC,54.119998931884766,47.973899841308594
2020-04-01,INTC,59.97999954223633,53.168426513671875
2020-05-01,INTC,62.93000030517578,56.0985107421875
2020-06-01,INTC,59.83000183105469,53.33504104614258
2020-07-01,INTC,47.72999954223633,42.54857635498047
2020-08-01,INTC,50.95000076293945,45.72749328613281
2020-09-01,INTC,51.779998779296875,46.472412109375
2020-10-01,INTC,44.279998779296875,39.741180419921875
2020-11-01,INTC,48.349998474121094,43.709625244140625
2020-12-01,INTC,49.81999969482422,45.03854751586914
2021-01-01,INTC,55.5099983215332,50.18244552612305
2021-02-01,INTC,60.779998779296875,55.28017807006836
2021-03-01,INTC,64.0,58.20880889892578
2021-04-01,INTC,57.529998779296875,52.32426071166992
2021-05-01,INTC,57.119998931884766,52.271339416503906
2021-06-01,INTC,56.13999938964844,51.3745231628418
2021-07-01,INTC,53.720001220703125,49.15994644165039
2021-08-01,INTC,54.060001373291016,49.79256820678711
2021-09-01,INTC,53.279998779296875,49.07414245605469
2021-10-01,INTC,49.0,45.131988525390625
2021-11-01,INTC,49.20000076293945,45.631351470947266
2021-12-01,INTC,51.5,47.7645149230957
2022-01-01,INTC,48.81999969482422,45.27891159057617
2022-02-01,INTC,47.70000076293945,44.5771484375
2022-03-01,INTC,49.560001373291016,46.31538391113281
2022-04-01,INTC,43.59000015258789,40.73622131347656
2022-05-01,INTC,44.41999816894531,41.840030670166016
2022-06-01,INTC,37.40999984741211,35.237178802490234
2022-07-01,INTC,36.310001373291016,34.20106887817383
2022-08-01,INTC,31.920000076293945,30.36957359313965
2022-09-01,INTC,25.770000457763672,24.518291473388672
2022-10-01,INTC,28.43000030517578,27.049091339111328
2022-11-01,INTC,30.06999969482422,28.995830535888672
2022-12-01,INTC,26.43000030517578,25.485862731933594
2023-01-01,INTC,28.260000228881836,27.250490188598633
2023-02-01,INTC,24.93000030517578,24.332365036010742
2023-03-01,INTC,32.66999816894531,31.886812210083008
2023-04-01,INTC,31.059999465942383,30.315406799316406
2023-05-01,INTC,31.440000534057617,30.81196403503418
2023-06-01,INTC,33.439998626708984,32.772010803222656
2023-07-01,INTC,35.77000045776367,35.05546951293945
2023-08-01,INTC,35.13999938964844,34.56195068359375
2023-09-01,INTC,35.54999923706055,34.965206146240234
2023-10-01,INTC,36.5,35.89957809448242
2023-11-01,INTC,44.70000076293945,44.1092529296875
2023-12-01,INTC,50.25,49.58590316772461
2024-01-01,INTC,43.08000183105469,42.51066207885742
2024-02-01,INTC,43.04999923706055,42.60557556152344
2024-03-01,INTC,44.16999816894531,43.714012145996094
2024-04-01,INTC,30.469999313354492,30.155445098876953
2024-05-01,INTC,30.850000381469727,30.655534744262695
2024-06-01,INTC,30.969999313354492,30.774776458740234
2024-07-01,INTC,30.739999771118164,30.546226501464844
2024-08-01,INTC,22.040000915527344,22.040000915527344
2024-09-01,INTC,23.459999084472656,23.459999084472656
2024-10-01,INTC,21.520000457763672,21.520000457763672
2024-11-01,INTC,24.049999237060547,24.049999237060547
2024-12-01,INTC,20.049999237060547,20.049999237060547
2025-01-01,INTC,19.43000030517578,19.43000030517578
2025-02-01,INTC,23.729999542236328,23.729999542236328
2025-03-01,INTC,22.709999084472656,22.709999084472656
2025-04-01,INTC,20.100000381469727,20.100000381469727
2025-05-01,INTC,19.549999237060547,19.549999237060547
2025-06-01,INTC,22.399999618530273,22.399999618530273
2025-07-01,INTC,19.799999237060547,19.799999237060547
2025-08-01,INTC,24.350000381469727,24.350000381469727
2025-09-01,INTC,33.54999923706055,33.54999923706055
2025-10-01,INTC,39.9900016784668,39.9900016784668
2025-11-01,INTC,40.560001373291016,40.560001373291016
2025-12-01,INTC,36.900001525878906,36.900001525878906
2026-01-01,INTC,46.470001220703125,46.470001220703125
2026-02-01,INTC,45.61000061035156,45.61000061035156
2026-03-01,INTC,44.130001068115234,44.130001068115234
2026-04-01,INTC,94.4800033569336,94.4800033569336
2026-05-01,INTC,114.68000030517578,114.68000030517578
2026-06-01,INTC,139.6300048828125,139.6300048828125
2026-07-01,INTC,90.19999694824219,90.19999694824219
2026-08-01,INTC,89.51000213623047,89.51000213623047
2026-09-01,INTC,120.2300033569336,120.2300033569336
2026-10-01,INTC,113.33999633789062,113.33999633789062
1991-12-01,QCOM,0.7734379768371582,0.4613904058933258
1992-01-01,QCOM,0.75,0.447408527135849
1992-02-01,QCOM,0.640625,0.3821616470813751
1992-03-01,QCOM,0.71875,0.4287664592266083
1992-04-01,QCOM,0.65625,0.3914826214313507
1992-05-01,QCOM,0.5742189884185791,0.3425475060939789
1992-06-01,QCOM,0.609375,0.36351972818374634
1992-07-01,QCOM,0.5546879768371582,0.3308963179588318
1992-08-01,QCOM,0.4804689884185791,0.28662121295928955
1992-09-01,QCOM,0.5625,0.33555641770362854
1992-10-01,QCOM,0.765625,0.45672962069511414
1992-11-01,QCOM,0.890625,0.5312978625297546
1992-12-01,QCOM,0.7578129768371582,0.45206937193870544
1993-01-01,QCOM,0.921875,0.5499396324157715
1993-02-01,QCOM,0.984375,0.5872238874435425
1993-03-01,QCOM,1.53125,0.9134592413902283
1993-04-01,QCOM,1.421875,0.8482121229171753
1993-05-01,QCOM,1.4140629768371582,0.8435520529747009
1993-06-01,QCOM,1.8125,1.0812376737594604
1993-07-01,QCOM,2.101562976837158,1.2536767721176147
1993-08-01,QCOM,2.4375,1.4540789127349854
1993-09-01,QCOM,2.585937976837158,1.542628288269043
1993-10-01,QCOM,2.390625,1.4261151552200317
1993-11-01,QCOM,1.6484379768371582,0.9833669066429138
1993-12-01,QCOM,1.65625,0.9880273938179016
1994-01-01,QCOM,1.5703129768371582,0.936762273311615
1994-02-01,QCOM,1.40625,0.8388910889625549
1994-03-01,QCOM,1.53125,0.9134592413902283
1994-04-01,QCOM,1.328125,0.7922866344451904
1994-05-01,QCOM,1.0234379768371582,0.6105267405509949
1994-06-01,QCOM,1.0,0.5965449810028076
1994-07-01,QCOM,1.125,0.6711128354072571
1994-08-01,QCOM,1.40625,0.8388910889625549
1994-09-01,QCOM,1.582031011581421,0.9437527656555176
1994-10-01,QCOM,1.84375,1.099879264831543
1994-11-01,QCOM,1.921875,1.146484375
1994-12-01,QCOM,1.5,0.894817054271698
1995-01-01,QCOM,1.65625,0.9880273938179016
1995-02-01,QCOM,1.828125,1.0905588865280151
1995-03-01,QCOM,2.046875,1.2210527658462524
1995-04-01,QCOM,1.640625,0.9787064790725708
1995-05-01,QCOM,1.6015629768371582,0.9554046988487244
1995-06-01,QCOM,2.160156011581421,1.2886298894882202
1995-07-01,QCOM,2.671875,1.593894124031067
1995-08-01,QCOM,3.046875,1.8175979852676392
1995-09-01,QCOM,2.867187976837158,1.7104071378707886
1995-10-01,QCOM,2.40625,1.4354362487792969
1995-11-01,QCOM,2.585937976837158,1.542628288269043
1995-12-01,QCOM,2.6875,1.603214144706726
1996-01-01,QCOM,2.796875,1.668461799621582
1996-02-01,QCOM,2.464843988418579,1.4703906774520874
1996-03-01,QCOM,2.59375,1.5472886562347412
1996-04-01,QCOM,2.421875,1.444757103919983
1996-05-01,QCOM,3.402343988418579,2.029650926589966
1996-06-01,QCOM,3.320312976837158,1.9807162284851074
1996-07-01,QCOM,2.710937976837158,1.6171963214874268
1996-08-01,QCOM,2.710937976837158,1.6171963214874268
1996-09-01,QCOM,2.65625,1.5845732688903809
1996-10-01,QCOM,2.484375,1.4820412397384644
1996-11-01,QCOM,2.625,1.5659304857254028
1996-12-01,QCOM,2.492187976837158,1.4867023229599
1997-01-01,QCOM,3.5,2.0879061222076416
1997-02-01,QCOM,3.480468988418579,2.07625675201416
1997-03-01,QCOM,3.523437976837158,2.10188889503479
1997-04-01,QCOM,2.921875,1.7430291175842285
1997-05-01,QCOM,3.015625,1.798956274986267
1997-06-01,QCOM,3.179687976837158,1.8968260288238525
1997-07-01,QCOM,2.890625,1.7243876457214355
1997-08-01,QCOM,2.890625,1.7243876457214355
1997-09-01,QCOM,3.980468988418579,2.3745296001434326
1997-10-01,QCOM,3.523437976837158,2.10188889503479
1997-11-01,QCOM,4.234375,2.5259945392608643
1997-12-01,QCOM,3.15625,1.8828450441360474
1998-01-01,QCOM,3.242187976837158,1.9341106414794922
1998-02-01,QCOM,3.1875,1.9014866352081299
1998-03-01,QCOM,3.34375,1.9946961402893066
1998-04-01,QCOM,3.515625,2.0972275733947754
1998-05-01,QCOM,3.257812976837158,1.9434317350387573
1998-06-01,QCOM,3.511718988418579,2.094898223876953
1998-07-01,QCOM,3.896483898162842,2.324427843093872
1998-08-01,QCOM,2.746093988418579,1.6381685733795166
1998-09-01,QCOM,2.996093988418579,1.8273694515228271
1998-10-01,QCOM,3.476562976837158,2.120414972305298
1998-11-01,QCOM,3.429687976837158,2.091825246810913
1998-12-01,QCOM,3.238281011581421,1.9750829935073853
1999-01-01,QCOM,4.113280773162842,2.5087599754333496
1999-02-01,QCOM,4.5625,2.7827460765838623
1999-03-01,QCOM,7.773437976837158,4.741150379180908
1999-04-01,QCOM,12.5,7.623967170715332
1999-05-01,QCOM,12.15625,7.414305210113525
1999-06-01,QCOM,17.9375,10.940388679504395
1999-07-01,QCOM,19.5,11.893388748168945
1999-08-01,QCOM,24.0234375,14.652303695678711
1999-09-01,QCOM,23.6484375,14.423583984375
1999-10-01,QCOM,27.84375,16.982378005981445
1999-11-01,QCOM,45.2890625,27.622583389282227
1999-12-01,QCOM,88.0625,53.710845947265625
2000-01-01,QCOM,63.5,38.729732513427734
2000-02-01,QCOM,71.21875,43.43753433227539
2000-03-01,QCOM,74.65625,45.534122467041016
2000-04-01,QCOM,54.21875,33.068946838378906
2000-05-01,QCOM,33.1875,20.241626739501953
2000-06-01,QCOM,30.0,18.297510147094727
2000-07-01,QCOM,32.46875,19.80324363708496
2000-08-01,QCOM,29.9375,18.2593936920166
2000-09-01,QCOM,35.625,21.72829818725586
2000-10-01,QCOM,32.5546875,19.85565757751465
2000-11-01,QCOM,40.125,24.47292709350586
2000-12-01,QCOM,41.09375,25.063779830932617
2001-01-01,QCOM,42.03125,25.635574340820312
2001-02-01,QCOM,27.40625,16.715538024902344
2001-03-01,QCOM,28.3125,17.26828384399414
2001-04-01,QCOM,28.68000030517578,17.492422103881836
2001-05-01,QCOM,30.3700008392334,18.523183822631836
2001-06-01,QCOM,29.239999771118164,17.83397102355957
2001-07-01,QCOM,31.614999771118164,19.282535552978516
2001-08-01,QCOM,29.424999237060547,17.94681167602539
2001-09-01,QCOM,23.770000457763672,14.497732162475586
2001-10-01,QCOM,24.559999465942383,14.979560852050781
2001-11-01,QCOM,29.360000610351562,17.907169342041016
2001-12-01,QCOM,25.25,15.400409698486328
2002-01-01,QCOM,22.024999618530273,13.433424949645996
2002-02-01,QCOM,16.625,10.139871597290039
2002-03-01,QCOM,18.81999969482422,11.478642463684082
2002-04-01,QCOM,15.079999923706055,9.197551727294922
2002-05-01,QCOM,15.819999694824219,9.648886680603027
2002-06-01,QCOM,13.744999885559082,8.383306503295898
2002-07-01,QCOM,13.739999771118164,8.380263328552246
2002-08-01,QCOM,13.854999542236328,8.450404167175293
2002-09-01,QCOM,13.8100004196167,8.422955513000488
2002-10-01,QCOM,17.260000228881836,10.527166366577148
2002-11-01,QCOM,20.610000610351562,12.570392608642578
2002-12-01,QCOM,18.19499969482422,11.097442626953125
2003-01-01,QCOM,18.829999923706055,11.484739303588867
2003-02-01,QCOM,17.290000915527344,10.545467376708984
2003-03-01,QCOM,18.0,10.994425773620605
2003-04-01,QCOM,15.9399995803833,9.736178398132324
2003-05-01,QCOM,16.774999618530273,10.262346267700195
2003-06-01,QCOM,17.969999313354492,10.993404388427734
2003-07-01,QCOM,18.739999771118164,11.464465141296387
2003-08-01,QCOM,20.665000915527344,12.664493560791016
2003-09-01,QCOM,20.834999084472656,12.768683433532715
2003-10-01,QCOM,23.7450008392334,14.552070617675781
2003-11-01,QCOM,22.274999618530273,13.67236328125
2003-12-01,QCOM,26.96500015258789,16.55107879638672
2004-01-01,QCOM,29.30500030517578,17.987363815307617
2004-02-01,QCOM,31.545000076293945,19.384492874145508
2004-03-01,QCOM,33.14500045776367,20.367687225341797
2004-04-01,QCOM,31.229999542236328,19.19091033935547
2004-05-01,QCOM,33.53499984741211,20.638193130493164
2004-06-01,QCOM,36.4900016784668,22.45676612854004
2004-07-01,QCOM,34.60499954223633,21.296695709228516
2004-08-01,QCOM,38.04999923706055,23.460031509399414
2004-09-01,QCOM,39.040000915527344,24.070417404174805
2004-10-01,QCOM,41.599998474121094,25.64881134033203
2004-11-01,QCOM,41.619998931884766,25.661149978637695
2004-12-01,QCOM,42.400001525878906,26.184194564819336
2005-01-01,QCOM,37.2400016784668,22.99762725830078
2005-02-01,QCOM,36.04999923706055,22.307954788208008
2005-03-01,QCOM,36.630001068115234,22.666860580444336
2005-04-01,QCOM,34.88999938964844,21.590139389038086
2005-05-01,QCOM,37.27000045776367,23.118974685668945
2005-06-01,QCOM,33.0099983215332,20.476455688476562
2005-07-01,QCOM,39.47999954223633,24.48986053466797
2005-08-01,QCOM,39.709999084472656,24.68768882751465
2005-09-01,QCOM,44.75,27.821054458618164
2005-10-01,QCOM,39.7599983215332,24.718774795532227
2005-11-01,QCOM,45.470001220703125,28.268686294555664
2005-12-01,QCOM,43.08000183105469,26.836252212524414
2006-01-01,QCOM,47.959999084472656,29.87619972229004
2006-02-01,QCOM,47.15999984741211,29.43427085876465
2006-03-01,QCOM,50.61000061035156,31.587543487548828
2006-04-01,QCOM,51.34000015258789,32.04317092895508
2006-05-01,QCOM,45.209999084472656,28.292022705078125
2006-06-01,QCOM,40.06999969482422,25.075456619262695
2006-07-01,QCOM,35.2599983215332,22.065391540527344
2006-08-01,QCOM,37.66999816894531,23.649213790893555
2006-09-01,QCOM,36.349998474121094,22.820512771606445
2006-10-01,QCOM,36.38999938964844,22.84563446044922
2006-11-01,QCOM,36.59000015258789,22.971200942993164
2006-12-01,QCOM,37.790000915527344,23.800722122192383
2007-01-01,QCOM,37.65999984741211,23.718830108642578
2007-02-01,QCOM,40.29999923706055,25.457443237304688
2007-03-01,QCOM,42.65999984741211,26.948251724243164
2007-04-01,QCOM,43.79999923706055,27.668397903442383
2007-05-01,QCOM,42.95000076293945,27.217500686645508
2007-06-01,QCOM,43.38999938964844,27.496334075927734
2007-07-01,QCOM,41.650001525878906,26.393688201904297
2007-08-01,QCOM,39.88999938964844,25.372161865234375
2007-09-01,QCOM,42.2599983215332,26.87961769104004
2007-10-01,QCOM,42.72999954223633,27.178546905517578
2007-11-01,QCOM,40.779998779296875,25.938268661499023
2007-12-01,QCOM,39.349998474121094,25.118045806884766
2008-01-01,QCOM,42.41999816894531,27.07770538330078
2008-02-01,QCOM,42.38999938964844,27.145626068115234
2008-03-01,QCOM,41.0,26.255512237548828
2008-04-01,QCOM,43.189998626708984,27.65793800354004
2008-05-01,QCOM,48.540000915527344,31.18610191345215
2008-06-01,QCOM,44.369998931884766,28.5069580078125
2008-07-01,QCOM,55.34000015258789,35.55497741699219
2008-08-01,QCOM,52.650001525878906,33.92816925048828
2008-09-01,QCOM,42.970001220703125,27.690290451049805
2008-10-01,QCOM,38.2599983215332,24.655122756958008
2008-11-01,QCOM,33.56999969482422,21.632831573486328
2008-12-01,QCOM,35.83000183105469,23.19991683959961
2009-01-01,QCOM,34.54999923706055,22.371105194091797
2009-02-01,QCOM,33.43000030517578,21.74679183959961
2009-03-01,QCOM,38.90999984741211,25.311628341674805
2009-04-01,QCOM,42.31999969482422,27.529891967773438
2009-05-01,QCOM,43.59000015258789,28.467845916748047
2009-06-01,QCOM,45.20000076293945,29.51931381225586
2009-07-01,QCOM,46.209999084472656,30.17892074584961
2009-08-01,QCOM,46.41999816894531,30.426143646240234
2009-09-01,QCOM,44.97999954223633,29.482295989990234
2009-10-01,QCOM,41.33000183105469,27.089887619018555
2009-11-01,QCOM,45.0,29.607006072998047
2009-12-01,QCOM,46.2599983215332,30.435989379882812
2010-01-01,QCOM,39.189998626708984,25.784399032592773
2010-02-01,QCOM,36.68000030517578,24.23991584777832
2010-03-01,QCOM,41.959999084472656,27.729190826416016
2010-04-01,QCOM,38.68000030517578,25.561613082885742
2010-05-01,QCOM,35.560001373291016,23.62582015991211
2010-06-01,QCOM,32.84000015258789,21.818674087524414
2010-07-01,QCOM,38.08000183105469,25.300085067749023
2010-08-01,QCOM,38.29999923706055,25.57398796081543
2010-09-01,QCOM,45.130001068115234,30.134580612182617
2010-10-01,QCOM,45.15999984741211,30.15460205078125
2010-11-01,QCOM,46.81999969482422,31.387386322021484
2010-12-01,QCOM,49.4900016784668,33.17732238769531
2011-01-01,QCOM,54.130001068115234,36.28790283203125
2011-02-01,QCOM,59.58000183105469,40.07222366333008
2011-03-01,QCOM,54.83000183105469,36.87748336791992
2011-04-01,QCOM,57.09000015258789,38.39748764038086
2011-05-01,QCOM,58.59000015258789,39.55740737915039
2011-06-01,QCOM,56.790000915527344,38.34212112426758
2011-07-01,QCOM,54.779998779296875,36.985042572021484
2011-08-01,QCOM,51.459999084472656,34.899658203125
2011-09-01,QCOM,48.630001068115234,32.98039245605469
2011-10-01,QCOM,51.599998474121094,34.99462127685547
2011-11-01,QCOM,54.79999923706055,37.30889892578125
2011-12-01,QCOM,54.70000076293945,37.24082565307617
2012-01-01,QCOM,58.81999969482422,40.04580307006836
2012-02-01,QCOM,62.18000030517578,42.47906494140625
2012-03-01,QCOM,68.05999755859375,46.49604415893555
2012-04-01,QCOM,63.83000183105469,43.60628128051758
2012-05-01,QCOM,57.310001373291016,39.32040786743164
2012-06-01,QCOM,55.68000030517578,38.20207214355469
2012-07-01,QCOM,59.68000030517578,40.946468353271484
2012-08-01,QCOM,61.459999084472656,42.16773223876953
2012-09-01,QCOM,62.470001220703125,43.03762435913086
2012-10-01,QCOM,58.61000061035156,40.37834548950195
2012-11-01,QCOM,63.619998931884766,43.829891204833984
2012-12-01,QCOM,61.86000061035156,42.785911560058594
2013-01-01,QCOM,66.0199966430664,45.66319274902344
2013-02-01,QCOM,65.63999938964844,45.40037536621094
2013-03-01,QCOM,66.94000244140625,46.470458984375
2013-04-01,QCOM,61.599998474121094,42.76335906982422
2013-05-01,QCOM,63.47999954223633,44.068485260009766
2013-06-01,QCOM,61.09000015258789,42.64442825317383
2013-07-01,QCOM,64.55999755859375,45.06669235229492
2013-08-01,QCOM,66.27999877929688,46.51137924194336
2013-09-01,QCOM,67.31999969482422,47.24120330810547
2013-10-01,QCOM,69.48999786376953,48.763980865478516
2013-11-01,QCOM,73.58000183105469,51.88064956665039
2013-12-01,QCOM,74.25,52.35308074951172
2014-01-01,QCOM,74.22000122070312,52.33190155029297
2014-02-01,QCOM,75.29000091552734,53.08633804321289
2014-03-01,QCOM,78.86000061035156,55.86321258544922
2014-04-01,QCOM,78.70999908447266,55.756954193115234
2014-05-01,QCOM,80.44999694824219,56.98955154418945
2014-06-01,QCOM,79.19999694824219,56.39851379394531
2014-07-01,QCOM,73.72000122070312,52.49620056152344
2014-08-01,QCOM,76.0999984741211,54.490779876708984
2014-09-01,QCOM,74.7699966430664,53.53843307495117
2014-10-01,QCOM,78.51000213623047,56.2164306640625
2014-11-01,QCOM,72.9000015258789,52.50458908081055
2014-12-01,QCOM,74.33000183105469,53.53450012207031
2015-01-01,QCOM,62.459999084472656,44.985408782958984
2015-02-01,QCOM,72.51000213623047,52.22368621826172
2015-03-01,QCOM,69.33999633789062,50.23151779174805
2015-04-01,QCOM,68.0,49.26081466674805
2015-05-01,QCOM,69.68000030517578,50.47781753540039
2015-06-01,QCOM,62.630001068115234,45.68535232543945
2015-07-01,QCOM,64.38999938964844,46.96918487548828
2015-08-01,QCOM,56.58000183105469,41.619937896728516
2015-09-01,QCOM,53.72999954223633,39.523475646972656
2015-10-01,QCOM,59.41999816894531,43.70901107788086
2015-11-01,QCOM,48.790000915527344,36.24397659301758
2015-12-01,QCOM,49.9900016784668,37.13539505004883
2016-01-01,QCOM,45.34000015258789,33.68111801147461
2016-02-01,QCOM,50.790000915527344,38.08382034301758
2016-03-01,QCOM,51.13999938964844,38.346256256103516
2016-04-01,QCOM,50.52000045776367,37.881351470947266
2016-05-01,QCOM,54.91999816894531,41.575927734375
2016-06-01,QCOM,53.56999969482422,40.55394744873047
2016-07-01,QCOM,62.58000183105469,47.3747444152832
2016-08-01,QCOM,63.06999969482422,48.150978088378906
2016-09-01,QCOM,68.5,52.29652404785156
2016-10-01,QCOM,68.72000122070312,52.464473724365234
2016-11-01,QCOM,68.12999725341797,52.420875549316406
2016-12-01,QCOM,65.19999694824219,50.16646957397461
2017-01-01,QCOM,53.43000030517578,41.110347747802734
2017-02-01,QCOM,56.47999954223633,43.86337661743164
2017-03-01,QCOM,57.34000015258789,44.5312614440918
2017-04-01,QCOM,53.7400016784668,41.735443115234375
2017-05-01,QCOM,57.27000045776367,44.914913177490234
2017-06-01,QCOM,55.220001220703125,43.307167053222656
2017-07-01,QCOM,53.189998626708984,41.71510696411133
2017-08-01,QCOM,52.27000045776367,41.44763946533203
2017-09-01,QCOM,51.84000015258789,41.1066780090332
2017-10-01,QCOM,51.0099983215332,40.44852828979492
2017-11-01,QCOM,66.33999633789062,53.048248291015625
2017-12-01,QCOM,64.0199966430664,51.193084716796875
2018-01-01,QCOM,68.25,54.5755729675293
2018-02-01,QCOM,65.0,52.422855377197266
2018-03-01,QCOM,55.40999984741211,44.68845748901367
2018-04-01,QCOM,51.0099983215332,41.13983154296875
2018-05-01,QCOM,58.119998931884766,47.36384201049805
2018-06-01,QCOM,56.119998931884766,45.733978271484375
2018-07-01,QCOM,64.08999633789062,52.22898864746094
2018-08-01,QCOM,68.70999908447266,55.99399185180664
2018-09-01,QCOM,72.02999877929688,59.234046936035156
2018-10-01,QCOM,62.88999938964844,51.71773910522461
2018-11-01,QCOM,58.2599983215332,47.91025161743164
2018-12-01,QCOM,56.90999984741211,47.30813980102539
2019-01-01,QCOM,49.52000045776367,41.16499328613281
2019-02-01,QCOM,53.38999938964844,44.382041931152344
2019-03-01,QCOM,57.029998779296875,47.95915222167969
2019-04-01,QCOM,86.12999725341797,72.43067169189453
2019-05-01,QCOM,66.81999969482422,56.1920166015625
2019-06-01,QCOM,76.06999969482422,64.55550384521484
2019-07-01,QCOM,73.16000366210938,62.08597183227539
2019-08-01,QCOM,77.7699966430664,65.99815368652344
2019-09-01,QCOM,76.27999877929688,65.2476806640625
2019-10-01,QCOM,80.44000244140625,68.80599212646484
2019-11-01,QCOM,83.55000305175781,71.46621704101562
2019-12-01,QCOM,88.2300033569336,76.05452728271484
2020-01-01,QCOM,85.30999755859375,73.5374526977539
2020-02-01,QCOM,78.30000305175781,67.49482727050781
2020-03-01,QCOM,67.6500015258789,58.77836990356445
2020-04-01,QCOM,78.66999816894531,68.35319519042969
2020-05-01,QCOM,80.87999725341797,70.2734146118164
2020-06-01,QCOM,91.20999908447266,79.86209869384766
2020-07-01,QCOM,105.61000061035156,92.47054290771484
2020-08-01,QCOM,119.0999984741211,104.28217315673828
2020-09-01,QCOM,117.68000030517578,103.59070587158203
2020-10-01,QCOM,123.36000061035156,108.5906753540039
2020-11-01,QCOM,147.1699981689453,129.55001831054688
2020-12-01,QCOM,152.33999633789062,134.67974853515625
2021-01-01,QCOM,156.27999877929688,138.16299438476562
2021-02-01,QCOM,136.19000244140625,120.40199279785156
2021-03-01,QCOM,132.58999633789062,117.77796173095703
2021-04-01,QCOM,138.8000030517578,123.29421997070312
2021-05-01,QCOM,134.5399932861328,119.51012420654297
2021-06-01,QCOM,142.92999267578125,127.61070251464844
2021-07-01,QCOM,149.8000030517578,133.74436950683594
2021-08-01,QCOM,146.69000244140625,130.9676971435547
2021-09-01,QCOM,128.97999572753906,115.69216918945312
2021-10-01,QCOM,133.0399932861328,119.33392333984375
2021-11-01,QCOM,180.55999755859375,161.95831298828125
2021-12-01,QCOM,182.8699951171875,164.650390625
2022-01-01,QCOM,175.75999450683594,158.24874877929688
2022-02-01,QCOM,171.99000549316406,154.85438537597656
2022-03-01,QCOM,152.82000732421875,138.1682891845703
2022-04-01,QCOM,139.69000244140625,126.29714965820312
2022-05-01,QCOM,143.22000122070312,129.48870849609375
2022-06-01,QCOM,127.73999786376953,116.10084533691406
2022-07-01,QCOM,145.05999755859375,131.84271240234375
2022-08-01,QCOM,132.27000427246094,120.89266967773438
2022-09-01,QCOM,112.9800033569336,103.26191711425781
2022-10-01,QCOM,117.66000366210938,107.53936004638672
2022-11-01,QCOM,126.48999786376953,116.34695434570312
2022-12-01,QCOM,109.94000244140625,101.12406158447266
2023-01-01,QCOM,133.2100067138672,122.52810668945312
2023-02-01,QCOM,123.52999877929688,113.62431335449219
2023-03-01,QCOM,127.58000183105469,118.0663833618164
2023-04-01,QCOM,116.80000305175781,108.09024047851562
2023-05-01,QCOM,113.41000366210938,105.68187713623047
2023-06-01,QCOM,119.04000091552734,110.92822265625
2023-07-01,QCOM,132.1699981689453,123.16348266601562
2023-08-01,QCOM,114.52999877929688,107.48127746582031
2023-09-01,QCOM,111.05999755859375,104.2248306274414
2023-10-01,QCOM,108.98999786376953,102.28221130371094
2023-11-01,QCOM,129.0500030517578,121.87786102294922
2023-12-01,QCOM,144.6300048828125,136.5919647216797
2024-01-01,QCOM,148.50999450683594,140.25633239746094
2024-02-01,QCOM,157.7899932861328,149.77752685546875
2024-03-01,QCOM,169.3000030517578,160.70306396484375
2024-04-01,QCOM,165.85000610351562,157.42823791503906
2024-05-01,QCOM,204.0500030517578,194.48220825195312
2024-06-01,QCOM,199.17999267578125,189.840576171875
2024-07-01,QCOM,180.9499969482422,172.46536254882812
2024-08-01,QCOM,175.3000030517578,167.0802764892578
2024-09-01,QCOM,170.0500030517578,162.91403198242188
2024-10-01,QCOM,162.77000427246094,155.93954467773438
2024-11-01,QCOM,158.52999877929688,151.87745666503906
2024-12-01,QCOM,153.6199951171875,147.94338989257812
2025-01-01,QCOM,172.92999267578125,166.5398406982422
2025-02-01,QCOM,157.1699981689453,151.36219787597656
2025-03-01,QCOM,153.61000061035156,148.73141479492188
2025-04-01,QCOM,148.4600067138672,143.74497985839844
2025-05-01,QCOM,145.1999969482422,140.5885009765625
2025-06-01,QCOM,159.25999450683594,155.12828063964844
2025-07-01,QCOM,146.75999450683594,142.9525604248047
2025-08-01,QCOM,160.72999572753906,156.56015014648438
2025-09-01,QCOM,166.36000061035156,162.96624755859375
2025-10-01,QCOM,180.89999389648438,177.20962524414062
2025-11-01,QCOM,168.08999633789062,164.6609649658203
2025-12-01,QCOM,171.0500030517578,168.416748046875
2026-01-01,QCOM,151.58999633789062,149.25631713867188
2026-02-01,QCOM,142.36000061035156,140.16842651367188
2026-03-01,QCOM,128.77999877929688,127.611572265625
2026-04-01,QCOM,179.5800018310547,177.95066833496094
2026-05-01,QCOM,251.02000427246094,248.7425079345703
2026-06-01,QCOM,184.7899932861328,183.7897186279297
2026-07-01,QCOM,147.61000061035156,146.81097412109375
2026-08-01,QCOM,170.47999572753906,169.5571746826172
2026-09-01,QCOM,184.0399932861328,184.0399932861328
2026-10-01,QCOM,177.23500061035156,177.23500061035156
