date,cape,drawdown_36m,real_return_10y
1881-01,18.47395230140493,-0.1631663974151859,0.04535327605849804
1881-02,18.14725816499023,-0.16045380875202597,0.04677401903063272
1881-03,18.270119140204987,-0.16987179487179493,0.04242258109867714
1881-04,17.95010827822289,-0.18649517684887462,0.04597073304042709
1881-05,18.869718693152592,-0.2846153846153846,0.04115741733591283
1881-06,19.028710731115783,-0.3221884498480243,0.04027935161521179
1881-07,18.11636718738974,-0.29763779527559053,0.044567268499420054
1881-08,17.28624355397345,-0.2806451612903226,0.05255711098609894
1881-09,16.724836648772904,-0.2864,0.0652507750753617
1881-10,16.26198941118135,-0.2780487804878049,0.06788260087672637
1881-11,16.478642316644862,-0.297253634894992,0.0658473434837683
1881-12,15.958754206105075,-0.2778702163061564,0.0720994492776843
1882-01,15.678764160028742,-0.28378378378378377,0.07832481367087984
1882-02,15.153861528363034,-0.26770293609671847,0.0817909365931333
1882-03,15.091670299486742,-0.2664359861591695,0.08586702325543394
1882-04,14.9169971683753,-0.2664359861591695,0.08800081153422123
1882-05,14.567103202191758,-0.25744308231173374,0.09018572267114022
1882-06,14.327404890131668,-0.25352112676056326,0.09102426945949138
1882-07,15.240559761217819,-0.29333333333333333,0.08108859838569282
1882-08,15.525429331463029,-0.31391585760517793,0.07891847533921936
1882-09,16.081106624462308,-0.3205128205128205,0.07214453292436529
1882-10,15.755581030526551,-0.30148270181219106,0.0761543603164081
1882-11,15.19267031316534,-0.2702237521514629,0.07659991971065838
1882-12,15.382128332081969,-0.273972602739726,0.07241309462243817
1883-01,15.270259119098572,-0.2702237521514629,0.07083801135081091
1883-02,14.757590146176222,-0.25352112676056326,0.07095371079227153
1883-03,15.051254121401636,-0.26260869565217393,0.06716270953053294
1883-04,15.48206722203667,-0.2776831345826235,0.06516643821007784
1883-05,15.335497637337063,-0.265164644714038,0.05739660285401049
1883-06,15.903388388583789,-0.2714776632302406,0.05088439774641862
1883-07,15.948783127017021,-0.2600349040139617,0.04288601169453288
1883-08,15.196810876629845,-0.22486288848263247,0.049430569783938116
1883-09,15.494692425793453,-0.2332730560578662,0.050166423843972074
1883-10,15.048056270223833,-0.21189591078066905,0.054719040933593366
1883-11,15.408218142448863,-0.22344322344322343,0.05642467791418415
1883-12,14.896403941887163,-0.20599250936329583,0.0574753534465029
1884-01,14.432821721970724,-0.18146718146718133,0.06136130363660919
1884-02,14.805960228816707,-0.20300751879699253,0.06142758957987082
1884-03,14.736023454014468,-0.19999999999999996,0.06791309710635418
1884-04,14.353453682579467,-0.1620553359683793,0.07194923831290856
1884-05,13.465050313804905,-0.08817204301075277,0.07452166645408154
1884-06,12.906876483666856,-0.049327354260089606,0.07736576607772339
1884-07,13.043931585991665,-0.049327354260089606,0.0737890696962098
1884-08,13.85981334176932,-0.10548523206751059,0.06802251680426541
1884-09,13.569154744335716,-0.07625272331154676,0.07030730533177043
1884-10,13.273251319134154,-0.04504504504504503,0.07211602161981578
1884-11,13.304437602119727,-0.025287356321838983,0.07170273307209274
1884-12,13.432292746944757,-0.02304147465437778,0.07107339396509094
1885-01,13.129817425635961,0.014150943396226356,0.07211606230696099
1885-02,13.384817593597964,-0.016018306636155666,0.06841757762908873
1885-03,13.73419409345251,-0.0182648401826484,0.0655622375678031
1885-04,13.548548541030055,-0.016018306636155666,0.06681708592633062
1885-05,13.711371872561935,-0.004629629629629761,0.06961135314375322
1885-06,13.978784368698346,0.037209302325581506,0.0679850775488553
1885-07,14.326658777089325,0.04260089686098656,0.06710657279017118
1885-08,15.130410796707153,-0.0127388535031846,0.06420211250971364
1885-09,15.116285028724242,0.05806451612903207,0.06482487617040067
1885-10,15.991023962168978,0.018292682926829285,0.05719209047962259
1885-11,16.824034498619017,-0.04389312977099247,0.04816762451290235
1885-12,16.30447595227852,-0.03653846153846163,0.0465309136501042
1886-01,16.692317470797647,-0.03653846153846163,0.04432382893878084
1886-02,17.00664825946099,-0.05471698113207546,0.04813579771009269
1886-03,16.84326610157013,-0.034682080924855585,0.04739575755254588
1886-04,16.801716131246298,-0.02148437500000011,0.05000403561012212
1886-05,16.86319551509782,-0.0019920318725099584,0.05052773807254907
1886-06,17.831494055376876,-0.04571428571428571,0.04416291429899921
1886-07,17.8458450415322,-0.060037523452157626,0.0369492476017419
1886-08,17.72391279961926,-0.06703910614525144,0.03144929431652588
1886-09,18.147143925800016,-0.09074410163339386,0.03411527970161665
1886-10,18.562381342866555,-0.11327433628318595,0.030775345256867315
1886-11,18.968312634942826,-0.13471502590673579,0.03210031519203316
1886-12,18.19405755688643,-0.11170212765957444,0.03226629558902694
1887-01,17.512222096304946,-0.10215053763440862,0.03889511615068786
1887-02,17.125366596972306,-0.09566787003610111,0.03990422891352252
1887-03,17.473213711513747,-0.1164021164021164,0.037767384509683755
1887-04,17.822983639100705,-0.13620689655172413,0.03372980245728341
1887-05,18.075445427458238,-0.1508474576271187,0.03406560603378561
1887-06,17.70769566327298,-0.12565445026178024,0.040602202850867686
1887-07,17.431460535613066,-0.10375670840787121,0.04645836123488767
1887-08,16.739849614820695,-0.08073394495412856,0.052268982363676164
1887-09,16.676629667380134,-0.06877323420074355,0.054261979497677304
1887-10,15.880666812517303,-0.03653846153846163,0.05708306691488385
1887-11,15.950712201066768,-0.11132075471698111,0.05246491945396836
1887-12,15.455513454469937,-0.12713472485768496,0.057678975826847
1888-01,15.358662514259898,-0.13370998116760824,0.06086515718443031
1888-02,15.418178318820527,-0.1287878787878789,0.058453781626417234
1888-03,14.808972366946561,-0.09448818897637801,0.057574262323824676
1888-04,15.020108681844453,-0.0980392156862745,0.05404622858914099
1888-05,15.387916957229125,-0.11025145067698261,0.05083934721123051
1888-06,15.077628818434688,-0.08183632734530943,0.06406453432512826
1888-07,15.27964251549817,-0.10505836575875482,0.06445100416172855
1888-08,15.602911670088801,-0.12380952380952392,0.06603245633340649
1888-09,15.987828821761417,-0.14498141263940523,0.06316778330778416
1888-10,15.715941874329697,-0.14018691588785048,0.06271097495862565
1888-11,15.223749016946275,-0.12213740458015276,0.06955961555554979
1888-12,14.946748301089219,-0.10505836575875482,0.07647939067323994
1889-01,15.802286071028155,-0.12213740458015276,0.07842938386041998
1889-02,16.192720447848984,-0.1320754716981133,0.07682024183515845
1889-03,16.06504536076928,-0.11368015414258203,0.0791919281115534
1889-04,16.050104533967474,-0.11196911196911197,0.07916136669875407
1889-05,16.915421076068373,-0.13533834586466176,0.06898838670988705
1889-06,17.219302943947678,-0.14972273567467664,0.06326851799543687
1889-07,16.889214491107506,-0.1320754716981133,0.06758521200959478
1889-08,17.13185397534572,-0.14338919925512117,0.06739070504908118
1889-09,17.350788026348592,-0.1636363636363637,0.06086723944556427
1889-10,17.053214402955483,-0.14814814814814825,0.06092296094744909
1889-11,16.906021170249364,-0.14018691588785048,0.06252022234958421
1889-12,16.610338076603387,-0.13533834586466176,0.05560377887709422
1890-01,17.220071982181892,-0.14498141263940523,0.05316383043716466
1890-02,17.026814982671404,-0.13533834586466176,0.05492262491872446
1890-03,16.901122288589903,-0.1287878787878789,0.05652632867781171
1890-04,17.257854542603198,-0.14656771799628943,0.05566384924301615
1890-05,17.786430487858613,-0.18149466192170827,0.0500217153425937
1890-06,17.68436084445016,-0.17562724014336928,0.04891962252619786
1890-07,17.589295440864856,-0.24548736462093868,0.048431560238712645
1890-08,16.5967911339791,-0.24584103512014788,0.05752302434111645
1890-09,16.1697020006153,-0.23308270676691734,0.056785962529206424
1890-10,15.482849163344433,-0.19685039370078738,0.0668029576056115
1890-11,14.7450434932928,-0.13375796178343946,0.0804354049552618
1890-12,14.442991231338432,-0.11304347826086947,0.09065595207307342
1891-01,15.428980086469085,-0.15702479338842967,0.08554876990816451
1891-02,15.47652233243253,-0.1673469387755102,0.08958470893472548
1891-03,15.05162335765738,-0.15176715176715172,0.09672540486500325
1891-04,15.408945125474117,-0.17907444668008043,0.10461707356759864
1891-05,15.56649523071325,-0.17575757575757578,0.09802429218534892
1891-06,15.658211395638142,-0.15876288659793802,0.10800988551661428
1891-07,15.617919238645987,-0.14465408805031432,0.09937943185506093
1891-08,16.163998509963033,-0.17241379310344818,0.09585516806571182
1891-09,17.711261413256523,-0.23452157598499057,0.08409986168356798
1891-10,17.716568589826355,-0.23452157598499057,0.08286289799011604
1891-11,17.671739174763996,-0.22285714285714286,0.08410648408110477
1891-12,18.20630300020993,-0.24584103512014788,0.07780981928363584
1892-01,19.01638840422527,-0.25952813067150626,0.07663731674587648
1892-02,19.036425040978433,-0.26086956521739124,0.0773560026439768
1892-03,19.73805484932301,-0.26881720430107525,0.07348553435251448
1892-04,19.943265241638642,-0.26750448833034113,0.07453344597651435
1892-05,19.9114652134898,-0.26750448833034113,0.07298534383410749
1892-06,19.76928439713674,-0.2635379061371841,0.07164922125801998
1892-07,19.21188643450555,-0.2635379061371841,0.07687902407356684
1892-08,19.20430380317382,-0.27402135231316727,0.0808110498855541
1892-09,18.6942718095882,-0.25547445255474455,0.08246664449733454
1892-10,19.04021491532471,-0.2701252236135957,0.06957556491189676
1892-11,18.463312690799995,-0.26750448833034113,0.07202588336820726
1892-12,18.013009251275744,-0.25952813067150626,0.07081441960388801
1893-01,17.656643708098773,-0.2727272727272727,0.0769510590631064
1893-02,17.125193854872453,-0.25952813067150626,0.07950455644409526
1893-03,16.899589031582323,-0.23163841807909602,0.08015422570368624
1893-04,17.102541578254918,-0.23163841807909602,0.07431920692221583
1893-05,15.780987310776252,-0.15702479338842967,0.08329609490993883
1893-06,15.41650386359769,-0.11496746203904562,0.07962343257523896
1893-07,14.34985418276095,-0.03349282296650713,0.08223393161314463
1893-08,14.588056535807814,-0.06617647058823528,0.07689826784916187
1893-09,15.012069079138762,-0.12814645308924488,0.06995766175317164
1893-10,15.271794153520185,-0.15333333333333332,0.06593592811540128
1893-11,15.942411400571675,-0.16630196936542674,0.06308396429185592
1893-12,15.612694335464933,-0.13605442176870752,0.0702386122161498
1894-01,15.739869351948224,-0.11805555555555558,0.06875576790712623
1894-02,16.20273659644993,-0.13013698630136983,0.06044716139213002
1894-03,17.187622088121937,-0.155210643015521,0.05519267464560085
1894-04,17.43484907805246,-0.16630196936542674,0.05757125258666873
1894-05,16.808751920918013,-0.13409090909090915,0.06177939942559063
1894-06,16.60631969529253,-0.12211981566820274,0.06338137568501723
1894-07,16.289679714916954,-0.10352941176470587,0.06990550226585568
1894-08,16.45777707299837,-0.13605442176870752,0.07128751878257233
1894-09,16.522315444877215,-0.1495535714285715,0.07445238348947858
1894-10,16.502904205708425,-0.12211981566820274,0.08090851314592973
1894-11,16.542784447444554,-0.12211981566820274,0.08406461337980109
1894-12,16.67246633376773,-0.11395348837209296,0.08446367646293873
1895-01,16.524443935162715,-0.10352941176470587,0.08796999613205214
1895-02,16.33123769321141,-0.09069212410501204,0.09408334193457835
1895-03,16.3646254271748,-0.09069212410501204,0.09826335109633688
1895-04,16.3875438236863,-0.12814645308924488,0.09687445683860285
1895-05,17.08036955338239,-0.17353579175704992,0.0882179180363738
1895-06,17.207413539783385,-0.18936170212765957,0.08881905554683156
1895-07,17.546014648740556,-0.19279661016949146,0.09019010633265623
1895-08,18.074072547241794,-0.20459290187891443,0.08976394336906623
1895-09,18.200335946605467,-0.20954356846473032,0.09063690553370085
1895-10,17.94470662246647,-0.19789473684210523,0.09370967769665195
1895-11,17.34299899192169,-0.16993464052287577,0.0955636964387181
1895-12,16.54841515666796,-0.11805555555555558,0.10204345563779138
1896-01,16.576224828568186,-0.10772833723653386,0.10542179599888368
1896-02,17.51540335263727,-0.14382022471910116,0.09843401141894659
1896-03,17.23236271229861,-0.13013698630136983,0.09739365528308341
1896-04,17.643699378130005,-0.1380090497737556,0.09325569142388934
1896-05,17.828266894232833,-0.13409090909090915,0.08795727833794853
1896-06,17.777578616430464,-0.11805555555555558,0.08969963656905988
1896-07,16.637100103394587,-0.05693069306930698,0.09783469588933591
1896-08,15.70337054622688,0.052493438320209806,0.10958433281852087
1896-09,16.54433994303202,0.012468827930174564,0.10597480400938974
1896-10,16.438866804725894,-0.009756097560975618,0.10100257251141076
1896-11,17.08942524237112,-0.07305936073059371,0.09796107338676663
1896-12,16.501404180590093,-0.03791469194312802,0.09985613087975387
1897-01,17.026521282380557,-0.03791469194312802,0.09467740758149734
1897-02,16.8940258832541,-0.028708133971291905,0.08991823036327751
1897-03,16.958030716721044,-0.031026252983293756,0.0796413435571226
1897-04,16.69685743473466,0.0049261083743843415,0.08200726958850257
1897-05,17.047755129229387,0.04656862745098023,0.07386058309522703
1897-06,17.85049728069061,0.04449648711943799,0.06449991054971393
1897-07,18.65197575582029,0.024663677130045025,0.06396598452000091
1897-08,19.00639601051944,-0.0378947368421052,0.05391874035028987
1897-09,19.372370293397793,-0.08232931726907633,0.051013692402144706
1897-10,19.028031223902424,-0.051867219917012486,0.040080107097376194
1897-11,18.358448098050218,-0.017204301075268824,0.042124194539456594
1897-12,18.7487576625255,-0.0378947368421052,0.04761695569437285
1898-01,19.24900002181375,-0.0635245901639343,0.05054032875475878
1898-02,18.918131888002137,-0.06160164271047219,0.04974578612211933
1898-03,18.04217492346868,-0.017204301075268824,0.05904693624113766
1898-04,17.705089426411774,0.06564551422319465,0.06544798558744569
1898-05,17.595635274512812,0.03901437371663241,0.07168145213836885
1898-06,19.544817480547987,0.0039525691699606735,0.06063933623885154
1898-07,19.858943014167302,0.013779527559055094,0.061505967617123236
1898-08,20.544915179153275,-0.022770398481973264,0.062188029845567705
1898-09,20.442732862691294,-0.02091254752851701,0.061342048655665504
1898-10,19.947199825773655,0.03300970873786402,0.0638293415728266
1898-11,20.527416324811288,0.06203007518796988,0.06628364897215988
1898-12,21.403631985448175,0.0265486725663715,0.06272342557680233
1899-01,22.93280741648718,-0.046052631578947456,0.05652529312071164
1899-02,23.048117549980198,-0.08082408874801894,0.051479835829899345
1899-03,23.279682245508724,-0.09375000000000011,0.051539949525162276
1899-04,23.15242152568649,-0.1049382716049384,0.0542034181579476
1899-05,22.091269360834183,-0.06602254428341392,0.061171919402222
1899-06,21.212091925046828,-0.04448105436573324,0.06588601617685996
1899-07,21.56142563452312,-0.07643312101910837,0.06527163597209862
1899-08,21.726237373055458,-0.09937888198757772,0.06554163428520865
1899-09,20.59114051411377,-0.0894819466248038,0.06991803701451982
1899-10,20.153713460686603,-0.08517350157728709,0.07015741059257197
1899-11,20.196457520802287,-0.10216718266253877,0.06800107284532686
1899-12,18.512649643600195,-0.03654485049833878,0.07716755110233064
1900-01,18.674275362444778,-0.0491803278688524,0.07452784268981794
1900-02,18.703797417251426,-0.06602254428341392,0.07008089132474593
1900-03,18.775793421238365,-0.07348242811501593,0.06986422418760285
1900-04,18.936402033322725,-0.08517350157728709,0.0649775014996945
1900-05,18.40319701695041,-0.039735099337748325,0.06787513880126483
1900-06,17.992711584303976,-0.010238907849829393,0.06561153621692162
1900-07,17.689545468952797,-0.010238907849829393,0.061471772979990735
1900-08,18.06961466678419,-0.023569023569023684,0.062362729619005464
1900-09,17.34187415122471,0.036206896551724155,0.06800541543833383
1900-10,18.10239878455605,0.04159733777038266,0.0709150779564367
1900-11,19.41958460376076,-0.03395061728395077,0.06498425053323276
1900-12,20.74405116087085,-0.08879184861717615,0.054545251575951914
1901-01,20.97858183453619,-0.11456859971711464,0.055432556751338735
1901-02,21.67914984820619,-0.13655172413793104,0.05666056345384174
1901-03,22.34758395068385,-0.16644474034620504,0.05068238447058837
1901-04,24.409716994827207,-0.2309582309582311,0.04395103973848569
1901-05,23.064012684863556,-0.19016817593790436,0.05168483994839512
1901-06,25.23846620596035,-0.2635294117647059,0.043920055045181705
1901-07,23.144848553708105,-0.210592686002522,0.05102524976865297
1901-08,23.07717771384438,-0.22139303482587058,0.04254264958651488
1901-09,22.59046831686024,-0.21750000000000003,0.03755717103051204
1901-10,22.252901618408927,-0.20859671302149185,0.039448782911181146
1901-11,22.3750747776528,-0.22524752475247523,0.043781729004302106
1901-12,21.68021514102968,-0.21257861635220132,0.048385624474672984
1902-01,22.340290796033575,-0.229064039408867,0.04404338172305855
1902-02,22.459957452460404,-0.2356532356532356,0.04126162800789124
1902-03,22.410652288217346,-0.23658536585365852,0.04206107141062976
1902-04,22.823108698497855,-0.2617924528301887,0.039998523549566345
1902-05,22.42795449332981,-0.2600472813238772,0.04146396905071437
1902-06,21.963742295514628,-0.25564803804994063,0.04442433297828696
1902-07,22.38568658940137,-0.27209302325581397,0.042303858445507325
1902-08,23.16867183409287,-0.29105322763306907,0.03977439472545652
1902-09,22.856566381954504,-0.29265536723163843,0.040367881670050565
1902-10,20.604425401859814,-0.26954492415402576,0.05065774219030916
1902-11,20.408541255072187,-0.24029126213592233,0.05019959701026888
1902-12,19.63323212682385,-0.22236024844720503,0.05108980366024962
1903-01,20.318132053828503,-0.2600472813238772,0.04522865077921123
1903-02,20.107051517552815,-0.25564803804994063,0.04219679236855112
1903-03,19.884560384872845,-0.22524752475247523,0.0409949668206222
1903-04,18.980022601826274,-0.19225806451612903,0.0453228631931728
1903-05,18.95485872303988,-0.1763157894736842,0.04324351970997031
1903-06,17.81855172296852,-0.128133704735376,0.04282285076860304
1903-07,16.918178414766665,-0.08613138686131383,0.04816053386810526
1903-08,16.299118790903503,-0.05580693815987936,0.054409472760096556
1903-09,15.654359115196923,-0.03245749613601234,0.05817082509926941
1903-10,15.252943825778845,0.0031948881789138905,0.05705971582127378
1903-11,15.407877534297903,0.031847133757961776,0.05176219450109665
1903-12,16.042894140050148,-0.013698630136986245,0.04799279335741069
1904-01,15.861833914033648,-0.029940119760478945,0.05295949917903031
1904-02,15.021498380331444,-0.003076923076922977,0.06071267478718445
1904-03,15.081930176258869,0.0030864197530864335,0.057855251797339635
1904-04,15.565490611691489,-0.02108433734939752,0.052630836776946355
1904-05,15.525820896254645,0.0015384615384614886,0.052042026397904007
1904-06,15.47443363865266,0.04147465437788034,0.05140481907663341
1904-07,16.036401629624116,0.03392330383480813,0.04023349913802554
1904-08,16.304651978851037,0.04422253922967201,0.036024747280043456
1904-09,16.74260004916369,0.01775956284153013,0.032855552495609563
1904-10,17.633197370821406,-0.14322580645161298,0.028117912245603893
1904-11,18.07620022377007,-0.23500611995104037,0.02416781580547811
1904-12,18.159679118703203,-0.24242424242424243,0.01985625522353396
1905-01,18.45985203245585,-0.258600237247924,0.019606368980848776
1905-02,19.16899637582983,-0.2897727272727273,0.015061356791900016
1905-03,19.831506074218417,-0.30939226519337026,0.014849064026413172
1905-04,19.482927524711286,-0.30089485458612975,0.02260688265714128
1905-05,18.629487509845124,-0.2647058823529411,0.023301547076080897
1905-06,18.73586238618353,-0.2732558139534883,0.02338960813555757
1905-07,19.205883309548042,-0.29537767756482514,0.019992629211455837
1905-08,19.573308430803714,-0.32065217391304346,0.021809669392637954
1905-09,19.743492419697777,-0.3228602383531961,0.024156587650628003
1905-10,19.897394814329523,-0.3322649572649572,0.02734668130173068
1905-11,19.443525693264977,-0.3286788399570355,0.03169975301138894
1905-12,19.577960809096112,-0.34486373165618445,0.03065765638735307
1906-01,20.13240226080789,-0.36676798378926034,0.024643925931032484
1906-02,19.866752563675885,-0.3622448979591837,0.024056735148000108
1906-03,19.259453020854107,-0.34623430962343105,0.025402069708234
1906-04,18.876204996115877,-0.33722163308589603,0.02483515425954974
1906-05,18.054044460926384,-0.31917211328976036,0.030132211723306712
1906-06,18.172666376497496,-0.32795698924731187,0.028948695273894653
1906-07,18.19520014351374,-0.3101545253863135,0.026832427406096482
1906-08,18.967251477549297,-0.35765673175745116,0.021825045749794603
1906-09,19.200993682001354,-0.3768693918245264,0.02223713460913812
1906-10,18.095380908869096,-0.35765673175745116,0.029024565722619133
1906-11,18.141851654007958,-0.37059415911379656,0.02870226621647598
1906-12,17.660003667768652,-0.36483739837398377,0.02577748822357795
1907-01,17.218913853705978,-0.34623430962343105,0.024474170310737398
1907-02,16.21707128876615,-0.32505399568034554,0.021555245006929402
1907-03,14.68754525597865,-0.25149700598802394,0.0343635446095194
1907-04,14.669709905602739,-0.2550655542312277,0.027420507283378637
1907-05,13.790107153424243,-0.22839506172839508,0.028199354106526853
1907-06,13.144269952673204,-0.20280612244897955,0.03323750721977259
1907-07,13.585007357961839,-0.23218673218673225,0.028248081950838833
1907-08,12.513471604446611,-0.16998671978751667,0.031745176431771105
1907-09,12.328569657736628,-0.1610738255033557,0.025627995423637584
1907-10,10.831840153050607,-0.0587349397590361,0.031441932710293274
1907-11,10.591177559189788,0.051200000000000134,0.02466179657670331
1907-12,11.333306235811175,0.004566210045662045,0.012644818624587995
1908-01,11.902968628266981,-0.03649635036496346,0.01130383699354054
1908-02,11.554846295144793,0.040909090909091006,0.01648449627079618
1908-03,11.984662664464299,0.05385735080058218,0.011308788673356274
1908-04,12.448889158370367,0.05386740331491713,0.004991112678435439
1908-05,13.078451355438338,0.001310615989515096,0.0010351254982814417
1908-06,13.051684129229994,0.03664921465968596,-8.679041295833745e-05
1908-07,13.345487104834397,0.031565656565656575,-0.004218554887409298
1908-08,13.884232895208614,-0.010895883777239712,-0.009175680242368145
1908-09,13.701442268825112,0.012239902080783294,-0.010284027999792333
1908-10,13.690810359178707,0.04474002418379697,-0.007963316168790424
1908-11,14.435014091256264,-0.021517553793884425,-0.012525345121440878
1908-12,14.582482908962438,-0.04318936877076396,-0.016639366110551057
1909-01,14.764418456441357,-0.04635761589403975,-0.018403410663703212
1909-02,14.167157516701366,-0.018181818181818188,-0.012104931460708235
1909-03,14.336058380586223,-0.03139013452914796,-0.011502568489839438
1909-04,14.645198603086124,-0.07296137339055786,-0.012157588476801262
1909-05,14.953509786582785,-0.10280373831775702,-0.00879261451054758
1909-06,15.040444676081,-0.11836734693877549,-0.006762671298828238
1909-07,15.231503240497684,-0.13078470824949684,-0.00776043000064619
1909-08,15.417580706254759,-0.15127701375245572,-0.01753166674630735
1909-09,15.254446436821178,-0.15210991167811572,-0.015519457540474346
1909-10,14.988845296121767,-0.15542521994134895,-0.010588345651889486
1909-11,14.745631176824586,-0.15127701375245572,-0.014149002264422506
1909-12,14.750638489265036,-0.1611650485436893,-0.01925947491508284
1910-01,14.547885040564148,-0.1428571428571428,-0.02099805769894958
1910-02,14.002037903032702,-0.11111111111111116,-0.02672178323223995
1910-03,14.050006965077824,-0.1325301204819277,-0.02147638434197663
1910-04,13.55988362082008,-0.11111111111111116,-0.021781476735930116
1910-05,13.568792287251453,-0.10564853556485354,-0.029609238270533078
1910-06,13.019657302315936,-0.10769230769230775,-0.02872967202437471
1910-07,12.342581259985218,-0.06018518518518534,-0.02323161969965737
1910-08,12.745055150886255,-0.0824858757062148,-0.02790874937370469
1910-09,12.937161101070847,-0.08866442199775548,-0.02455846145594409
1910-10,13.918866656445815,-0.1287553648068671,-0.031100384277508497
1910-11,14.164523175780356,-0.13533834586466165,-0.03736704345442399
1910-12,13.741478417781552,-0.11160220994475156,-0.04151708031343171
1911-01,14.049215181401207,-0.1326860841423949,-0.037519546179585084
1911-02,14.721488469928307,-0.1474019088016968,-0.03960930937600271
1911-03,14.370623221979534,-0.13733905579399153,-0.039248597113910266
1911-04,14.752935420329358,-0.1336206896551725,-0.04027842912864266
1911-05,15.047660591685045,-0.15189873417721533,-0.03714954692021444
1911-06,15.328355684719282,-0.16856256463288533,-0.04630210294596637
1911-07,15.083110578700264,-0.20249221183800636,-0.045511796698328943
1911-08,13.899790665654443,-0.16248636859323884,-0.03878268346864555
1911-09,12.997953983252437,-0.11418685121107264,-0.028760687778725647
1911-10,13.066472850619192,-0.11926605504587162,-0.027876494527275808
1911-11,13.727997586413094,-0.15325248070562303,-0.02695114101777274
1911-12,13.929258419578238,-0.1931942919868277,-0.02435663420569978
1912-01,13.794952631845828,-0.19407894736842102,-0.02119113480239132
1912-02,13.5316343696866,-0.18694690265486724,-0.017098368530148456
1912-03,13.639769173944172,-0.20967741935483886,-0.012995211417226926
1912-04,13.654392690553241,-0.23357664233576647,-0.007172738093949027
1912-05,13.645500685612376,-0.232776617954071,-0.0032084820167704864
1912-06,13.785417404502537,-0.232776617954071,-0.005063677024350732
1912-07,13.802876645015793,-0.23357664233576647,-0.004992531481539997
1912-08,13.984761763426285,-0.2507645259938839,-0.0013375699452521372
1912-09,13.92628500131588,-0.2545638945233266,0.0017557145178130895
1912-10,13.905092701178475,-0.2530487804878049,0.003592781402296019
1912-11,13.749541018606541,-0.24460431654676262,-0.0009130488621296173
1912-12,13.388999452579641,-0.21641791044776126,0.0010109874232953064
1913-01,13.148088791761571,-0.20967741935483886,0.004854328294987775
1913-02,12.682960516236763,-0.1806020066889633,0.012731790139462129
1913-03,12.443453515183666,-0.1647727272727274,0.0163002555224967
1913-04,12.433067081795171,-0.16382252559726962,0.01221896292004998
1913-05,12.22140106115413,-0.14035087719298256,0.009118559310597796
1913-06,11.491962852761233,-0.09482758620689646,0.010878047528940726
1913-07,11.534022795459864,-0.1069258809234509,0.005975262507255552
1913-08,11.846840543564635,-0.1301775147928994,0.004472226525260359
1913-09,11.843316826625976,-0.13833528722157096,0.0046355399792461505
1913-10,11.471490240312297,-0.11016949152542377,0.005857357230798055
1913-11,11.072537845038013,-0.0869565217391306,0.0124679045871261
1913-12,11.1740408700368,-0.08582089552238803,0.01497981548849614
1914-01,11.636092105046139,-0.12186379928315405,0.014197189323069681
1914-02,11.910233879798243,-0.13325471698113212,0.012940338427730014
1914-03,11.685526018836834,-0.11658653846153855,0.013547488395359464
1914-04,11.522662536200238,-0.09482758620689646,0.013276523399383011
1914-05,11.479008694164484,-0.10036719706242359,0.01339102029937167
1914-06,11.428715168831891,-0.09594095940959424,0.01584851559026701
1914-07,10.694345183040141,-0.04296875,0.026735809697336466
1914-08,10.492046265076441,-0.04296875,0.032862520619821645
1914-09,10.500497301802136,-0.04296875,0.0312773778941724
1914-10,10.61275946612623,-0.04296875,0.028350805783321498
1914-11,10.516917642992128,-0.08333333333333326,0.034988066159721276
1914-12,10.17221799199787,-0.07482993197278909,0.04335935079532205
1915-01,10.359834197757275,-0.09090909090909094,0.045725557855251564
1915-02,10.329786209660698,-0.07859078590785906,0.04754429639737445
1915-03,10.707013188682819,-0.10171730515191546,0.04044536855608771
1915-04,11.401123789000192,-0.1646191646191647,0.033483833698883636
1915-05,11.02692987647132,-0.14465408805031454,0.03964147928245465
1915-06,11.154262189096345,-0.154228855721393,0.03912482048340493
1915-07,11.113629393949605,-0.15106117353308368,0.041173118926300045
1915-08,11.584831641604602,-0.18562874251497008,0.038253007101227254
1915-09,12.011570757825893,-0.21478060046189384,0.03685585044349993
1915-10,12.54907613322016,-0.25601750547045954,0.03567753212264679
1915-11,12.857714453559318,-0.2811839323467231,0.03458538094031338
1915-12,12.878444602185995,-0.28270042194092837,0.036643430275943745
1916-01,12.543563692516178,-0.2711682743837085,0.04088256566064641
1916-02,12.354652326458798,-0.26086956521739124,0.04250396100323317
1916-03,12.17705279574848,-0.2584514721919302,0.03713187600548595
1916-04,11.906481776593186,-0.2502756339581037,0.03575598232778687
1916-05,12.026256671905163,-0.2664509169363538,0.035794006515664556
1916-06,11.995961222946582,-0.27350427350427353,0.0411719119160725
1916-07,11.79116527525455,-0.2632719393282774,0.048102474134000595
1916-08,11.732082638874163,-0.26881720430107536,0.05291494826649146
1916-09,11.94455241750447,-0.2975206611570248,0.05156487310398217
1916-10,12.045741763370795,-0.3186372745490983,0.04722925315936344
1916-11,12.053230403230497,-0.33398628795298735,0.04742788448969426
1916-12,11.41355918884949,-0.30612244897959195,0.05495815423552375
1917-01,10.992361427383425,-0.28944618599791017,0.058801810018854095
1917-02,10.063187738735722,-0.246954595791805,0.07022113427245968
1917-03,10.327157080107874,-0.2696025778732546,0.06909271759420021
1917-04,9.64453119728123,-0.2584514721919302,0.07842214181408624
1917-05,9.138988813373576,-0.23250564334085777,0.08671548823313313
1917-06,9.14822025953958,-0.24778761061946897,0.08618722622392538
1917-07,9.0034723772288,-0.22639362912400451,0.09159564064814663
1917-08,8.572680466753775,-0.2028135990621336,0.10264761118331633
1917-09,7.95082326421706,-0.16256157635467972,0.11578614421476385
1917-10,7.3871337111081425,-0.11458333333333337,0.12092534378923636
1917-11,6.753013604774305,-0.03409090909090917,0.1334386458559118
1917-12,6.412593898119819,0.0014705882352941124,0.14115126304508951
1918-01,6.64064602865535,-0.055478502080443914,0.13693373732090297
1918-02,6.784343551630281,-0.08344549125168244,0.1338581782045949
1918-03,6.6863557604558945,-0.06456043956043966,0.14087057280347115
1918-04,6.5207277305471605,-0.055478502080443914,0.1501360755601615
1918-05,6.582363231621082,-0.08467741935483886,0.15132497355288965
1918-06,6.496291318641055,-0.12080536912751683,0.1472410824588526
1918-07,6.371324093848989,-0.1304926764314247,0.14986543186353507
1918-08,6.303073760914591,-0.14907651715039572,0.1543610061605598
1918-09,6.149170562431679,-0.14456233421750664,0.16334466746396403
1918-10,6.290515321191322,-0.17938931297709926,0.1633744407667288
1918-11,6.3333274953541565,-0.19975186104218368,0.1698982195241434
1918-12,6.134580411283432,-0.18354430379746833,0.17447357005386288
1919-01,6.098467639950105,-0.17834394904458595,0.1832555157660245
1919-02,6.239692771364981,-0.18147208121827407,0.18089251715294363
1919-03,6.356074004869143,-0.20566502463054182,0.1812156186744951
1919-04,6.456139555819275,-0.23122765196662698,0.17918756948696424
1919-05,6.829002261482034,-0.28093645484949836,0.1735259250640122
1919-06,7.0216152147841315,-0.2996742671009772,0.17171752509691518
1919-07,7.052837165446312,-0.3217665615141956,0.17979925831988153
1919-08,6.4791311017052795,-0.27282976324689956,0.19638077411163812
1919-09,6.558481672061265,-0.2841287458379578,0.1995654621114109
1919-10,6.7947041999493045,-0.31890179514255546,0.18209174235471925
1919-11,6.467022574133135,-0.29815016322089216,0.1521450927983079
1919-12,6.1607170337991795,-0.2769058295964125,0.16313220849180476
1920-01,5.989667771139441,-0.26953567383918453,0.16896747118832178
1920-02,5.455347649907774,-0.2037037037037036,0.18797880726469307
1920-03,5.7988227275571615,-0.25605536332179923,0.18601584961496553
1920-04,5.599858725506188,-0.25,0.19696434381990335
1920-05,5.188950462047498,-0.19975186104218368,0.19958456398027868
1920-06,5.043639680451624,-0.18560606060606055,0.19117619572981903
1920-07,5.080592919540799,-0.18457648546144123,0.1894198441164625
1920-08,5.020701077922861,-0.15131578947368418,0.19025797397288513
1920-09,5.297162770108062,-0.18043202033036843,0.18339246211333893
1920-10,5.35117739342416,-0.18147208121827407,0.1658686853542224
1920-11,5.126407930947929,-0.13770053475935828,0.1631947947023975
1920-12,4.7842410450832515,-0.052863436123347984,0.16573358508088343
1921-01,5.122184146887378,-0.09282700421940926,0.16311673642059343
1921-02,5.27485719120505,-0.08640226628895176,0.17010499357006537
1921-03,5.19234815868418,-0.0625,0.17529084842368126
1921-04,5.2970859227396785,-0.06657018813314042,0.16242223843574832
1921-05,5.6094692253307805,-0.0941011235955056,0.1461292802267351
1921-06,5.216110960989324,-0.015267175572518998,0.15274418739271245
1921-07,5.197779361905473,-0.012251148545176171,0.15740803163018868
1921-08,5.161294823215734,0.024806201550387597,0.15520438301000428
1921-09,5.377524425458262,0.013615733736762392,0.13342049673951029
1921-10,5.479257678053352,0.05373134328358198,0.11664170789688111
1921-11,5.838196993200895,0.03399433427762033,0.11332002889117798
1921-12,6.114158849417273,-0.001367989056087482,0.08705279166640612
1922-01,6.28708729034713,0.021917808219177992,0.08538647188416615
1922-02,6.461305872696984,0.03753351206434319,0.08391675412169941
1922-03,6.821387249036044,0.03746770025839785,0.08006147078286507
1922-04,7.273253390209864,-0.02192448233861166,0.04591656758098073
1922-05,7.5934672589193815,-0.05861664712778425,0.030457950462606576
1922-06,7.55798735175513,-0.04970414201183426,0.018087288159285952
1922-07,7.602095045774036,-0.05640423031727382,0.02356749577898376
1922-08,8.02003068989578,-0.09060022650056632,0.061936125765673644
1922-09,8.265083002284305,-0.11368653421633568,0.0699861536956039
1922-10,8.432151998761901,-0.13282937365010805,0.053539262109139285
1922-11,7.998253772269839,-0.08750000000000013,0.05945750983869602
1922-12,7.964679864940003,-0.08542141230068334,0.05775405783754062
1923-01,8.154200483069156,-0.09775280898876415,0.06153938951119842
1923-02,8.533360579065969,-0.13469827586206895,0.04569585724391123
1923-03,8.700737500978535,-0.1484623541887593,0.04471244762823612
1923-04,8.372809668463818,-0.11758241758241761,0.059793009656515794
1923-05,8.000497867598213,-0.07381776239907734,0.09212231329578313
1923-06,7.671825282673081,-0.03717026378896893,0.11346615187144038
1923-07,7.345985119490651,-0.003722084367245748,0.12360512033295956
1923-08,7.441783174217371,-0.00864197530864197,0.11561987147598685
1923-09,7.4581838671897955,-0.014723926380368235,0.11444129250825608
1923-10,7.317400395621481,0.029887920298879322,0.10519370076487355
1923-11,7.546327911916234,0.0241837968561065,0.10440085308835845
1923-12,7.809739144938743,-0.009356725146198785,0.1026862650029512
1924-01,8.072249446037379,-0.040770101925254765,0.10509792838807597
1924-02,8.162066220850356,-0.04509582863585104,0.11083473751218009
1924-03,8.058077044116091,-0.02643678160919527,0.10631629825857347
1924-04,7.9236203483279795,-0.003529411764705781,0.1098779277696531
1924-05,7.899698330665291,0.018890200708382432,0.0982660733953844
1924-06,8.051676946396643,0.04634994206257215,0.09667288096274396
1924-07,8.37771213997183,0.011074197120708895,0.08696098883015324
1924-08,8.717418308548329,-0.0224839400428265,0.0782755245326634
1924-09,8.581670375209052,-0.01297297297297284,0.0756426517519464
1924-10,8.419491035872424,0.0558598028477546,0.0792314551311788
1924-11,8.88832736125097,0.053941908713692976,0.07627050011067915
1924-12,9.310639680416374,0.011811023622047223,0.07269632194344045
1925-01,9.692618852254997,-0.02835538752362954,0.06674481569512047
1925-02,9.830804722819574,-0.03655107778819122,0.06116103451401256
1925-03,9.518537538810032,-0.010587102983638186,0.057639446446891895
1925-04,9.476566787903073,0.032101167315175205,0.06499829085530084
1925-05,9.729007694021332,0.017907634307257503,0.07024215041755433
1925-06,9.796386180450613,0.02777777777777768,0.07425815803831637
1925-07,9.963993891787801,0.013513513513513598,0.0779286075885568
1925-08,10.110918458488946,0.020444444444444487,0.08342964520027407
1925-09,10.359247611348506,-0.0026064291920069316,0.08309915069353702
1925-10,10.71849599702293,-0.03448275862068961,0.08232738684440344
1925-11,10.886317440307934,-0.06362153344208799,0.08966737817501147
1925-12,11.147365239137258,-0.07865168539325851,0.08719029349640861
1926-01,11.340966188506238,-0.09249011857707512,0.09127702195110698
1926-02,11.389435672748013,-0.09392265193370164,0.09707735508788162
1926-03,10.71235206273249,-0.02794242167654526,0.1071572599127284
1926-04,10.395587685954734,0.006968641114982521,0.11088512929981298
1926-05,10.575158463806103,0.04757785467128017,0.10329769326495741
1926-06,11.197979740229961,0.04211395540875307,0.10120351831446639
1926-07,11.86969405848128,0.031695721077654504,0.10081264835027315
1926-08,12.488808219521879,-0.007621951219512146,0.09717310748241692
1926-09,12.692614823344721,-0.022522522522522626,0.09726910703377745
1926-10,12.426517521583351,0.013056835637480724,0.1059016877045782
1926-11,12.615251212344486,0.01592115238817282,0.10801736537684681
1926-12,13.009052728993131,-0.006671608598962209,0.1035208278604256
1927-01,13.185930628677792,0.0194029850746269,0.10550186110804316
1927-02,13.633966132216212,0.015373352855051259,0.10586716757743009
1927-03,14.033257507604494,0.024513338139870333,0.10255454185955082
1927-04,14.488222209157056,0.0344827586206895,0.09232937680251685
1927-05,15.002347055737115,0.012925170068027292,0.08354306367052322
1927-06,15.120333481747524,0.022162525184687754,0.0792945740129769
1927-07,15.820802594477746,0.05321944809461243,0.08056910807862572
1927-08,16.862861852763807,0.04054897067997487,0.07546399231356493
1927-09,17.818723713516423,-0.015348288075560879,0.05330671932016329
1927-10,17.53723785226109,0.02278177458033559,0.03924145761444753
1927-11,18.131301434952423,-0.02579132473622492,0.027735139391429797
1927-12,18.646624021402527,-0.1116838487972509,0.02464687233165641
1928-01,18.806128571700768,-0.11523103251568745,0.028558581777757164
1928-02,18.86885051958403,-0.10450346420323331,0.02706696264617614
1928-03,19.94341779906454,-0.15013698630136985,0.015015754780042023
1928-04,21.2579092494875,-0.20051546391752573,0.004238839007983497
1928-05,21.83273217874003,-0.2835,0.00367933106035756
1928-06,20.913421576866707,-0.2707676130389064,0.010696773439133445
1928-07,21.081905435296797,-0.27609603340292277,0.028571206438092966
1928-08,21.76213150257924,-0.2987866531850355,0.026006191754111674
1928-09,23.004649446159235,-0.4411903637222485,0.015651364291484615
1928-10,23.578344239585036,-0.525462962962963,0.024584984968320844
1928-11,25.121984571109586,-0.5555073720728534,0.018036415439050657
1928-12,25.30159102742615,-0.6354211663066955,0.01407958398751874
1929-01,27.08319962083277,-0.6661303298471439,0.005414671060999021
1929-02,27.131672798247383,-0.6706682673069227,0.00486083102803625
1929-03,27.675748437861873,-0.6763664962642548,0.002500779898800598
1929-04,27.5684544728983,-0.7515822784810127,-0.01007562123565886
1929-05,27.69858687500812,-0.7852689010132502,-0.007277053560236113
1929-06,27.935467830288683,-0.8175908221797323,-0.006724656939746443
1929-07,29.933289406842203,-0.8325140449438202,-0.011518120437314039
1929-08,31.480313247173,-0.8415282392026578,-0.01827144510165446
1929-09,32.56378859877672,-0.8476038338658147,-0.014156423600160783
1929-10,28.961067164354798,-0.8295819935691319,-0.0012635553549186218
1929-11,21.171036000097043,-0.7682215743440233,0.028082333031990148
1929-12,22.007373176418344,-0.7771028037383177,0.02107085626475169
1930-01,22.310724294336854,-0.7802855826807923,0.019211684678503316
1930-02,23.69711774933589,-0.7932379713914175,0.011135166996763424
1930-03,24.586607792668858,-0.8007518796992481,0.006320524458623966
1930-04,25.84343686201831,-0.8126472898664572,0.0018327063012248956
1930-05,24.309760633908173,-0.8007518796992481,-0.007229176556583061
1930-06,21.866899333389483,-0.7783457249070632,-0.006693324612722873
1930-07,21.54879759254664,-0.7735042735042735,-0.0016231278533329618
1930-08,21.300602241118142,-0.7705627705627706,0.001292555437326648
1930-09,21.072581788447312,-0.7704523580365736,0.006225239071727229
1930-10,18.214870154658627,-0.7338169642857144,0.021641346294053898
1930-11,16.939711377775165,-0.7129963898916968,0.031128960962345964
1930-12,16.05500185653132,-0.6924564796905223,0.0313075544028516
1931-01,16.70547873154761,-0.7015018773466835,0.02717211210930448
1931-02,18.161492436976086,-0.7226744186046512,0.011904383362798976
1931-03,18.579561032791283,-0.7278950370792927,0.009358355226678938
1931-04,16.872315331609663,-0.6992433795712485,0.015031281808771224
1931-05,15.40153999911011,-0.6671318911374738,0.021161915537703635
1931-06,15.062476074643248,-0.6560922855082914,0.024611829397280793
1931-07,15.516750095516324,-0.6671318911374738,0.02643785914864938
1931-08,15.006276602886544,-0.6568345323741007,0.027723308433182048
1931-09,12.817745261106886,-0.5967878275570584,0.04261361438062172
1931-10,11.145926407660932,-0.5346341463414634,0.05117042496034507
1931-11,11.41560029564468,-0.5409047160731473,0.04259478303615727
1931-12,9.30603286796832,-0.43483412322274884,0.05580545834392292
1932-01,9.312406455177847,-0.42530120481927725,0.055908218810185595
1932-02,9.336932251008404,-0.4204131227217498,0.051181432415602135
1932-03,9.413065028012213,-0.4225181598062955,0.042843570261301256
1932-04,7.192233196115489,-0.24044585987261158,0.06561226104946138
1932-05,6.3908572898814455,-0.1343012704174229,0.07762117774999489
1932-06,5.5650593715289665,0.05031446540880502,0.09732776467230764
1932-07,5.838763671851201,0.24351297405189642,0.09481471831784671
1932-08,8.834653205181214,-0.1726427622841965,0.04901987647437078
1932-09,9.761168564063711,-0.24576271186440668,0.039679126868178205
1932-10,8.478606607689086,-0.125,0.060586935659509455
1932-11,8.463309567122897,-0.1163120567375886,0.061795471835996096
1932-12,8.257073999100681,-0.08651026392961869,0.06434206590433944
1933-01,8.728046162813532,-0.1212976022566995,0.06466130799872527
1933-02,7.826051751316598,-0.0031999999999999806,0.08251673619806055
1933-03,7.874681322943169,0.10593900481540919,0.08366474044582217
1933-04,8.723101646068113,0.22060957910014523,0.07493557165153208
1933-05,11.249651251932443,-0.05186020293122873,0.051536946445796206
1933-06,13.098875517269517,-0.19056785370548612,0.03769976604681591
1933-07,13.754304493874534,-0.251113089937667,0.035626183953910484
1933-08,12.999527050367737,-0.21180880974695404,0.0371296479508898
1933-09,12.922920614885992,-0.20510396975425327,0.039659400079868457
1933-10,11.696253568143693,-0.1193717277486912,0.04942704143210497
1933-11,12.011766193389935,-0.14008179959100198,0.042051162884508386
1933-12,12.28180162260111,-0.15646940822467403,0.041494697632946664
1934-01,13.025119828332377,-0.20208728652751418,0.03909674809213248
1934-02,13.926922904274294,-0.25706713780918733,0.03189902862455707
1934-03,13.254537629740083,-0.21694599627560518,0.04029976471534846
1934-04,13.51838928449009,-0.22985347985347981,0.03626321252539344
1934-05,12.181583235024016,-0.1427115188583079,0.04932316947008708
1934-06,12.28772648395242,-0.15392354124748486,0.05300968567713493
1934-07,11.74152422931824,-0.1119324181626189,0.060260403895487924
1934-08,11.315025981829045,-0.07582417582417578,0.06293372843797163
1934-09,10.90995408328884,-0.052927927927928,0.06535910785491317
1934-10,11.108352605351723,-0.06033519553072619,0.06632161865560304
1934-11,11.448808690205697,-0.0858695652173912,0.06265395584959932
1934-12,11.639337566475879,-0.09179265658747293,0.06287266206597564
1935-01,11.495907968201593,-0.09179265658747293,0.0675677495931235
1935-02,11.087812159055561,-0.06347438752783963,0.07512445941483392
1935-03,10.398272404790028,0.07491082045184294,0.0820589902070088
1935-04,11.104210207149517,0.07853982300884965,0.07768844316916956
1935-05,11.985576683480092,0.014358974358974486,0.07293273867313044
1935-06,12.539519324443887,-0.022727272727272596,0.0689051025371128
1935-07,13.202137936511006,-0.07136150234741778,0.06128293189719769
1935-08,14.105056846668946,-0.1301671064204044,0.0547678787068131
1935-09,14.418891702707423,-0.14814814814814803,0.05955795284923204
1935-10,14.826232627114083,-0.1703020134228187,0.061112179384519294
1935-11,16.12960516325113,-0.241564417177914,0.05581554689860102
1935-12,16.159192714615315,-0.241564417177914,0.05703418685673234
1936-01,17.087359845997238,-0.28125,0.055499892268091156
1936-02,18.104536459517778,-0.32027491408934705,0.05052476140234896
1936-03,18.66047820392602,-0.3344549125168236,0.043274381012652796
1936-04,18.71899966515149,-0.3353494623655914,0.04911388215992463
1936-05,17.750192519328632,-0.29808374733853793,0.05449388161950308
1936-06,18.393001065831335,-0.32675289312457445,0.049057325233405
1936-07,19.360464512319126,-0.3643958868894601,0.03485433857469422
1936-08,19.62306016298374,-0.37681159420289845,0.029486460079607868
1936-09,19.862024243287625,-0.3838006230529595,0.011119267030272217
1936-10,20.913091852533103,-0.4144464179988159,0.0018118004661058507
1936-11,21.499765341024144,-0.4302995391705069,-0.003640204485496179
1936-12,21.12566354815542,-0.4202813599062133,0.0001522594738787575
1937-01,21.618741582953493,-0.4377487208641273,-0.0016219133904042948
1937-02,22.244221552805147,-0.45389287686361124,-0.0006933345052344553
1937-03,22.042197016050565,-0.45328911000552785,-0.005787775137648388
1937-04,20.55657945743285,-0.41857730746619637,-0.0026710585636943174
1937-05,19.47417468657209,-0.39138461538461533,0.0008149910266526117
1937-06,18.71165996036495,-0.38171355498721227,0.00762072074464748
1937-07,19.646723279607624,-0.41641520820760414,0.00770673297218627
1937-08,19.80698257738096,-0.4223416965352449,0.003359865816855434
1937-09,16.84788286270581,-0.32707028531663185,0.014584059864123589
1937-10,14.361659574753356,-0.21254071661237783,0.03319787214831349
1937-11,13.158119166486062,-0.13660714285714282,0.04022158911946394
1937-12,13.008483033706133,-0.12250453720508159,0.038055128799596494
1938-01,13.511461918562414,-0.1450044208664899,0.03110304712027201
1938-02,13.263076236460863,-0.12409420289855067,0.02844246273098916
1938-03,12.377286234697683,-0.06207565470417076,0.03726465851191363
1938-04,11.789517720684186,-0.025278058645096024,0.048104893599344445
1938-05,11.992275930545695,-0.055110220440881874,0.05076408263158361
1938-06,12.288966307788126,-0.07639569049951034,0.05157468469384208
1938-07,14.770328017492059,-0.22957516339869288,0.028868789327310296
1938-08,14.90358851260436,-0.2339561332250204,0.024802991904072424
1938-09,14.282330508639966,-0.19744680851063834,0.02840862137816691
1938-10,16.06114764333343,-0.277947932618683,0.02009952225072631
1938-11,16.149571800715513,-0.2830910482019894,0.01517961078111485
1938-12,15.756484438994008,-0.30969267139479906,0.018110587085912844
1939-01,15.599634410919286,-0.2992,0.021381882689988307
1939-02,15.664696928954768,-0.30241935483870963,0.018527802313304864
1939-03,15.729223743214224,-0.3397901533494755,0.019772370842840337
1939-04,13.916994579812402,-0.27608494921514315,0.032428061099180505
1939-05,14.502929499657768,-0.30186999109528057,0.028539893194471144
1939-06,14.833828921489786,-0.31408573928258965,0.02075272607056955
1939-07,15.270952598570252,-0.3304867634500428,0.024962247495403433
1939-08,15.120082343333983,-0.3206239168110918,0.029826313231360535
1939-09,16.45283557706096,-0.38606108065779166,0.022741005106948542
1939-10,16.82120480626564,-0.3922480620155039,0.02463749491137701
1939-11,16.599238509946648,-0.3812154696132597,0.027644050803827813
1939-12,16.28041290128385,-0.3662085691188358,0.03385970447103093
1940-01,16.378480342613674,-0.3626016260162602,0.03640069618915609
1940-02,16.216119847731058,-0.3584288052373159,0.0399711897497228
1940-03,16.1729063053079,-0.35473251028806585,0.04110460342552158
1940-04,16.37098870712878,-0.361043194784026,0.0431059313744111
1940-05,14.13874769480073,-0.25897920604914937,0.061770599522880776
1940-06,12.843765598268808,-0.18924508790072392,0.07337695693526047
1940-07,13.369884763210058,-0.21521521521521525,0.059825000658282335
1940-08,13.649399392391638,-0.2313725490196078,0.0630079979701772
1940-09,14.214842598620642,-0.26246472248353725,0.061925878084512664
1940-10,14.328290323104959,-0.2693383038210625,0.06443612995041215
1940-11,14.636689248763608,-0.2859744990892532,0.061437338019165066
1940-12,13.90842612235384,-0.2554605887939221,0.06502516778789613
1941-01,13.904158267950837,-0.25687203791469204,0.07079913927299653
1941-02,13.00294330340245,-0.20728008088978778,0.08041742736134294
1941-03,12.95571982206333,-0.21206030150753763,0.07829477129635976
1941-04,12.429370389220784,-0.18672199170124493,0.08390673754652633
1941-05,12.037206512481575,-0.16861081654294807,0.08666245050980836
1941-06,12.16430659062844,-0.19672131147540983,0.08328639154804884
1941-07,12.744996277919574,-0.23586744639376223,0.07979991462202785
1941-08,12.463173720387799,-0.23212536728697364,0.08642205321964158
1941-09,12.279729272093073,-0.234375,0.08945258461030003
1941-10,11.57781495657407,-0.20244150559511698,0.094301130073988
1941-11,10.911668685916954,-0.16328708644610457,0.0962337727263427
1941-12,10.086593309917898,-0.10502283105022836,0.10710076168999527
1942-01,10.101686431929245,-0.12206047032474798,0.10983771849347512
1942-02,9.680255591749356,-0.09364161849710984,0.11269306381535271
1942-03,9.003426617760963,-0.041564792176039145,0.12038844714628039
1942-04,8.544255707588254,0.011479591836734748,0.12485082395492353
1942-05,8.506116259696046,0.05044136191677184,0.12468642324822099
1942-06,8.90545692851805,0.031212484993997647,0.12158600518883467
1942-07,9.150488900994738,-0.0057870370370370905,0.12034783390632864
1942-08,9.01282304756429,0.010477299185098987,0.12197623362054433
1942-09,9.077829839371498,0.07373271889400934,0.11889433414901407
1942-10,9.59917674935298,0.016094420600858417,0.10988817439131715
1942-11,9.66133415217165,0.0052798310454065245,0.11218932404266635
1942-12,9.617514103283169,0.05987394957983194,0.11659991048354068
1943-01,10.150534220432073,0.05946481665014858,0.11109544759668766
1943-02,10.708982995221259,0.035547240411599734,0.10374760436908237
1943-03,10.850541744036795,0.023486901535682003,0.10198223940225404
1943-04,11.039227142939685,-0.009615384615384581,0.09414716865039474
1943-05,11.362215800613686,-0.047098402018503016,0.09078877487424153
1943-06,11.516744786451225,-0.0636363636363636,0.08460420998576912
1943-07,11.774213341781648,-0.08259109311740886,0.08338790058716516
1943-08,11.210545904158959,-0.034923339011925014,0.0883708027948138
1943-09,11.33628193961028,-0.05504587155963303,0.08170815936228437
1943-10,11.187335503326027,-0.04629629629629639,0.08559631224079611
1943-11,10.63103367300141,0.013239187996469504,0.09359573260353216
1943-12,10.737360316041066,0.025261324041811806,0.09366830300242479
1944-01,11.052412763977463,-0.006751054852320637,0.09298903199334463
1944-02,10.947918887724716,0.010195412064571086,0.09614684126078488
1944-03,11.224693196180674,-0.017355371900826366,0.09544605103983317
1944-04,10.938275188239393,0.01766190075693852,0.10271387995294923
1944-05,11.103736936792613,0.04132231404958686,0.10466931871305518
1944-06,11.532785272532497,-0.0055248618784530246,0.10110356093025819
1944-07,11.73877475018071,-0.03076923076923077,0.10325593048271875
1944-08,11.541711674209214,-0.016393442622950838,0.10704310601687039
1944-09,11.328560584696463,0.01746031746031762,0.11182219525685722
1944-10,11.583105186279118,-0.006971340046475594,0.11164184812922673
1944-11,11.478459198055472,0.021840873634945357,0.11665822430314443
1944-12,11.638683593355122,0.02977099236641223,0.1202489311081969
1945-01,11.960463439806983,0.032616753150481737,0.11892404974264359
1945-02,12.34175354818631,-0.0007173601147776321,0.11889279398052444
1945-03,12.323310311389323,0.012203876525484603,0.11805149893227962
1945-04,12.631867236563066,-0.012605042016806678,0.11903370356202614
1945-05,13.03656062878535,-0.04858299595141702,0.1150186923164973
1945-06,13.130223361406047,-0.0656063618290259,0.12050882105555916
1945-07,12.867028443009149,-0.046008119079837595,0.1303037395578266
1945-08,12.915378562256734,-0.04922454484153749,0.12917112846314405
1945-09,13.798264951719776,-0.10984848484848486,0.12623850408630566
1945-10,14.374662675391335,-0.1454545454545455,0.1158646105063128
1945-11,14.847702661876777,-0.17253521126760563,0.11953774780963689
1945-12,15.020347474739962,-0.18638199653779564,0.11970545428265966
1946-01,15.623163177761668,-0.21753607103218642,0.11231388223019323
1946-02,15.761666525801905,-0.21970116214720536,0.11210529287571802
1946-03,15.134873415142536,-0.19566457501426138,0.12415150720568313
1946-04,16.040842386215914,-0.24437299035369775,0.11865481251117771
1946-05,16.013723170832183,-0.2459893048128342,0.11505727393446419
1946-06,15.773186880128744,-0.24811625403659843,0.11552385405557719
1946-07,14.508136111909073,-0.2260387811634349,0.13029463379336037
1946-08,13.984939309942767,-0.2107344632768361,0.13450510441925734
1946-09,11.841267540149637,-0.07422133863485747,0.14941584499990967
1946-10,11.387602961765054,-0.05288135593220333,0.15229233427166822
1946-11,11.110043656743299,-0.04901293396868611,0.15421106523337214
1946-12,11.372779425862712,-0.07666886979510901,0.15307690453346412
1947-01,11.469296334735585,-0.08152531229454307,0.1498548596122966
1947-02,11.949565314209446,-0.11582278481012653,0.13998222708408692
1947-03,11.28790309650129,-0.07849604221635875,0.1477948169604728
1947-04,10.900825126392682,-0.043150684931506755,0.15423680902181935
1947-05,10.733674273688544,-0.025801952580195242,0.16011769024362033
1947-06,11.0827158550521,-0.058625336927223715,0.15800958832575618
1947-07,11.696446553354374,-0.11414077362079889,0.1533967879676883
1947-08,11.337472355329835,-0.09637774902975427,0.15059101711368772
1947-09,10.82746301722884,-0.07237715803452849,0.15125142313541318
1947-10,11.13266204275479,-0.09579288025889965,0.14086084742961313
1947-11,10.975407324839075,-0.08513425016371967,0.13970904303537335
1947-12,10.680912531969192,-0.07052561543579494,0.14282410813308788
1948-01,10.419342657320325,-0.05799055967633171,0.1471058573613886
1948-02,9.999761169144183,-0.009219858156028327,0.15216333251057712
1948-03,10.186680609489672,-0.023076923076923106,0.15142956734815471
1948-04,10.77948448202462,-0.09285714285714286,0.14496350236959832
1948-05,11.24103269798444,-0.13498452012383888,0.14349873959004378
1948-06,11.583895756523843,-0.16944114149821643,0.14240632034748257
1948-07,11.134621739180933,-0.14920828258221686,0.14915413761745677
1948-08,10.723556662478131,-0.12358845671267249,0.15751022763418754
1948-09,10.55301368939916,-0.11357868020304562,0.1616591450999174
1948-10,10.825409809169491,-0.13712168004941327,0.16248402427743347
1948-11,10.248096205635571,-0.08633093525179847,0.17103568028837968
1948-12,10.159652938900916,-0.08031599736668849,0.1736371269335737
1949-01,10.248285758038978,-0.09049479166666663,0.17572948563200175
1949-02,9.872517140570057,-0.054163845633039887,0.17762549309418496
1949-03,9.90133249124092,-0.06304493628437291,0.17913249206044735
1949-04,9.783639867544057,-0.061786433848220246,0.18098824982689043
1949-05,9.69229508639581,-0.05480378890392412,0.18276957575783315
1949-06,9.067718943419532,0.05654974946313529,0.18810116029500334
1949-07,9.605038093363921,0.03590785907859084,0.184399295868948
1949-08,9.851348638079228,0.013080444735121155,0.179687138155614
1949-09,9.884048361738284,0.0258231116849581,0.1731548730887027
1949-10,10.169850844772139,0.013845185651353065,0.16833802504426387
1949-11,10.21586101165064,0.0266914959652389,0.16733724820166374
1949-12,10.529330904131143,0.02055622732769047,0.16658419107619715
1950-01,10.745733299747902,0.01954976303317557,0.16172211936589043
1950-02,10.911564066731675,0.008134805345729301,0.15418679013961412
1950-03,10.910946522976248,0.0017291066282418832,0.15185260857670468
1950-04,11.178021600956088,-0.02578475336322872,0.14943401132308853
1950-05,11.46154310458622,-0.057483731019522866,0.14479118256957757
1950-06,11.554126144044277,-0.07257203842049087,0.14690841328252313
1950-07,10.53974565893098,0.06041426927502891,0.15377785684959266
1950-08,11.040611670261528,0.03526858383071074,0.1490113798346533
1950-09,11.337391102277289,0.035115303983228596,0.1416890965992872
1950-10,11.66244403910525,-0.006039255158530543,0.1346575411576274
1950-11,11.542173388716284,-0.004034291477559182,0.13862491592141013
1950-12,11.30666578889075,0.07392405063291152,0.14278648858235132
1951-01,11.895759839437055,0.016030174446016066,0.1418239069443945
1951-02,12.141507370682683,-0.020454545454545392,0.14322931989244703
1951-03,11.841626487283088,-0.003698566805362846,0.14877683835003497
1951-04,11.951097197083946,-0.016879562043795704,0.14988497490877584
1951-05,11.86387540626917,-0.017327861377108955,0.15104771605364542
1951-06,11.61566485702517,0.017633410672853733,0.15111731230023073
1951-07,11.7781900924578,0.035567715458276306,0.14763473071608324
1951-08,12.256989084145134,-0.007863695937090465,0.14678659041690234
1951-09,12.444953157150032,-0.032793867120954,0.14313427035559556
1951-10,12.309457904118686,-0.02782534246575341,0.14508335709556142
1951-11,11.852030617771039,0.024658740642888644,0.1539541815709966
1951-12,12.147072568106779,-0.005980350277659197,0.15164884280455193
1952-01,12.527059748172297,-0.03803224472922706,0.1432588280311975
1952-02,12.364119350461088,-0.020210526315789457,0.14571003576095776
1952-03,12.362339087390364,-0.02267954640907177,0.14524397333257721
1952-04,12.24272868326688,-0.01979780960404376,0.14164576936372164
1952-05,12.200478761945835,-0.019384745048461882,0.1326422761408168
1952-06,12.447881581789366,-0.045529122231337094,0.11585099976510516
1952-07,12.669112889622474,-0.07216905901116422,0.11561890159498711
1952-08,12.67837823632862,-0.07585385226370134,0.1179669855213814
1952-09,12.434678020425505,-0.06093623890234068,0.11818079993906494
1952-10,12.131183558686867,-0.04080791426216002,0.11676504064466364
1952-11,12.473469765515306,-0.07031562125449464,0.12052181935351136
1952-12,12.933964306161368,-0.10637480798771115,0.12065201356547806
1953-01,13.010773447995179,-0.11115355233002289,0.12368708933109462
1953-02,12.859346880687895,-0.10015467904098996,0.12591828189513987
1953-03,12.834819340092489,-0.10465563678337819,0.12477965829886406
1953-04,12.163901454006798,-0.058276001618777884,0.13544231027814435
1953-05,12.141970791867779,-0.06320450885668283,0.13728611084457887
1953-06,11.624407885470077,-0.028392484342379953,0.1411830828261511
1953-07,11.75020164531,-0.04199258954302176,0.13725175253058586
1953-08,11.715076201734002,-0.04592045920459209,0.1400575075216517
1953-09,11.139349357262919,0.030081650193382048,0.14811930578144095
1953-10,11.39193476542141,0.02211097204839385,0.14478018787325198
1953-11,11.644070268505772,0.01346938775510198,0.14095040856172303
1953-12,11.75444918402729,0.025372533225936467,0.141201696182927
1954-01,12.002650554927822,0.021995286724273422,0.14154011284922263
1954-02,12.215052485432837,0.021137586471944747,0.14020256038602752
1954-03,12.420105295189972,0.03989461799021443,0.13963251987409153
1954-04,12.907868184060918,0.03981179876945351,0.1361686524208534
1954-05,13.312042238025859,0.00800556909154193,0.1330615437683671
1954-06,13.357885903658998,0.04040055248618768,0.13092615266016616
1954-07,13.833009564245328,0.019913707268503167,0.13002389703673378
1954-08,14.042112347320575,0.023429873088187447,0.12632687789695596
1954-09,14.356474143296976,0.02321144674085862,0.12469394530903144
1954-10,14.619231935730562,0.03915475450590433,0.12387592370939693
1954-11,15.11731169743439,0.04575358851674638,0.11983219797869671
1954-12,15.789062002327086,0.018015441807263333,0.11233940716168989
1955-01,15.990781062969836,0.02528089887640439,0.11304757223665529
1955-02,16.437728215987118,-0.007882576787170414,0.11008265498545367
1955-03,16.219282945537792,0.03013698630136985,0.11058503395113006
1955-04,16.685266628063506,-0.004237288135593098,0.10780131138207505
1955-05,16.5180578272578,0.05797872340425525,0.10979451896887449
1955-06,17.37009196340531,0.013826043237807895,0.09742380931160022
1955-07,18.454031906632874,-0.05528226750995546,0.08988747205940273
1955-08,18.222326463047757,-0.04949328305444267,0.09250039623194328
1955-09,18.843960654261316,-0.0904375281912495,0.091626521139899
1955-10,17.7723257893861,-0.04227024459748285,0.09928464037025564
1955-11,18.8355592882739,-0.10278086763070082,0.09297438519583001
1955-12,18.942369035813577,-0.11108662111527445,0.09065075617130725
1956-01,18.292585385418896,-0.08652321630804083,0.09543168336047625
1956-02,18.266116815127788,-0.09227999099707407,0.09323529049098478
1956-03,19.371210099299965,-0.15076858285954942,0.0810457649921641
1956-04,19.370593634578505,-0.16066597294484908,0.08271610277745212
1956-05,18.544506591754434,-0.13343360550064465,0.08067248050126485
1956-06,18.1581638469587,-0.12837691808947493,0.0808103622610794
1956-07,18.856797596896786,-0.17322673226732277,0.07526151813592152
1956-08,18.670937110186426,-0.1682821200247474,0.06814884808595134
1956-09,17.836640796312018,-0.13898377455166533,0.0683891737753417
1956-10,17.418952948636132,-0.12781141868512114,0.06855155854289707
1956-11,17.120339736628253,-0.1186625874125874,0.07487460323367823
1956-12,17.197522725560926,-0.13156761412575368,0.07411033343263163
1957-01,16.717780078533007,-0.11226062073519705,0.08049770453524197
1957-02,15.843733142229743,-0.07223372440763742,0.08928874194658687
1957-03,15.90041710886917,-0.08403361344537819,0.09043368577945698
1957-04,16.123704360211757,-0.10477247502774689,0.08980108473528836
1957-05,16.598110789114266,-0.13787943565626337,0.08764208044800337
1957-06,16.72991887247287,-0.15184016824395374,0.08451812702119144
1957-07,16.8688823839798,-0.16862502576788296,0.08461087636074383
1957-08,15.868942729452248,-0.12020069808027933,0.09209873777328559
1957-09,15.157274488962216,-0.08299226921327874,0.09773994048774504
1957-10,14.149451489483535,-0.02206595538312328,0.10420902641504837
1957-11,13.736242235298484,-0.0004956629491946751,0.1030470718779708
1957-12,13.673246057951385,0.019588395735184783,0.1057520499877811
1958-01,13.788431552307635,0.003404669260700377,0.10331792901632175
1958-02,13.78490639033768,0.02060106640814352,0.09744165283769757
1958-03,13.925589923892943,0.005461885537877187,0.0935477011039465
1958-04,13.913501765262778,0.03212092583845072,0.10073307025650857
1958-05,14.323824968409228,0.024027459954233388,0.09935022184186337
1958-06,14.63555555195627,0.027486033519553033,0.09893845306053195
1958-07,14.957457101901133,0.03740756850804705,0.0954232696794084
1958-08,15.544566891165916,0.026415094339622636,0.08826347738860729
1958-09,15.931923184092842,0.040645424836601274,0.08854875351093106
1958-10,16.55980331035157,0.0304219823356231,0.08620659016845034
1958-11,16.988883579386332,0.018857142857142906,0.0846440199512497
1958-12,17.35835736536996,0.0044868199663488095,0.08302935727297545
1959-01,17.98033934299339,-0.03398058252427183,0.07421766465278923
1959-02,17.759169263611422,-0.01898849735256536,0.0743556179869469
1959-03,18.20087184548564,-0.043269230769230727,0.06842600185267589
1959-04,18.430753048783412,-0.059019264448336384,0.06855811196922001
1959-05,18.69272143959418,-0.07298136645962738,0.0700849894494402
1959-06,18.44859139706648,-0.06491472328576409,0.06507284832661808
1959-07,19.090533975796518,-0.10060261131570147,0.0559110774896594
1959-08,18.958803640750215,-0.09545454545454546,0.05537549652149987
1959-09,18.123290556758622,-0.058194566170026274,0.06010538096214879
1959-10,18.021962441515427,-0.057368421052631624,0.06112701142689647
1959-11,18.07178913057021,-0.06115673597763416,0.06090441826441917
1959-12,18.6247289779001,-0.09024720623095162,0.051298900077659804
1960-01,18.338284994375556,-0.07409960365328283,0.05160969936620052
1960-02,17.545275108945965,-0.03675152384367164,0.05185746103932676
1960-03,17.28602072052214,-0.023446019629225878,0.054539031724874176
1960-04,17.429766947597187,-0.03588731383455945,0.04948843473227571
1960-05,17.2561705787279,-0.026982977182180456,0.03747777301828292
1960-06,17.82336381726473,-0.061648620328326964,0.032964861453453675
1960-07,17.376806472898103,-0.03778653295128953,0.03526889075796524
1960-08,17.582113039577656,-0.04919483277296055,0.03705564545598916
1960-09,17.052015467817654,-0.019704433497537033,0.04577936605414146
1960-10,16.605104536251023,0.032384142936906724,0.05029641335089585
1960-11,17.146088452418997,0.002884442040742785,0.04633270851720339
1960-12,17.562090833957118,-0.020598591549295664,0.050267335077437414
1961-01,18.47041698647717,-0.06848626925653045,0.04894820217185636
1961-02,19.23401449829835,-0.1051954318803281,0.04846026060512809
1961-03,19.844225272725563,-0.13240798502807238,0.047623029721760135
1961-04,20.382842975754766,-0.1549445541546407,0.04812686195240756
1961-05,20.598606843297333,-0.1634586466165413,0.04512588757964431
1961-06,20.332414551592287,-0.15224017067967088,0.043805070632089604
1961-07,20.146643736827308,-0.1499083129584351,0.043790117145812824
1961-08,20.941688475215166,-0.17937748930520725,0.03767453343601046
1961-09,20.70524304414724,-0.1729110912875409,0.04113779005024809
1961-10,20.924190141010776,-0.18191176470588233,0.037538369975540054
1961-11,21.857957721959654,-0.21736072031513787,0.02810404347976503
1961-12,22.041480198382242,-0.2245609144131585,0.033538175321390806
1962-01,21.197931400015207,-0.1945852034168234,0.04171058260242999
1962-02,21.45168775487336,-0.20777556251780116,0.04173198282513857
1962-03,21.44315856852622,-0.2085645184236734,0.04382050752267341
1962-04,20.658336447649013,-0.1825128581925054,0.048349863318874364
1962-05,19.089367498116637,-0.11684394348309257,0.05511859855153123
1962-06,16.827571244792455,0.009706992629875844,0.06827486498493829
1962-07,17.14132566132277,-0.014042478497454769,0.06471828224518905
1962-08,17.571262631045517,-0.040157211209842836,0.06524709355521474
1962-09,17.32146114746547,-0.03155172413793106,0.06468078422017975
1962-10,16.739820967901313,0.06889798824995541,0.06770860215278551
1962-11,17.854386489497127,0.04330446369087282,0.0655014461569865
1962-12,18.585836118439836,0.03863346104725407,0.06287185979668397
1963-01,19.259231693254034,0.009375960651706094,0.059355393684216384
1963-02,19.46919130967139,-0.003792475728155331,0.053369306237671
1963-03,19.288064606604824,0.047053449063499286,0.05142642232926953
1963-04,20.150077238226967,0.0045084351367072895,0.04388727879779708
1963-05,20.507585864952596,-0.015255203877958423,0.03812641244539394
1963-06,20.384149993840985,-0.014833832548851844,0.03545085871264453
1963-07,19.96923188594963,0.027653105545099255,0.03807757976587567
1963-08,20.47263790052767,0.023105100028177006,0.031430477529298395
1963-09,20.9603600907051,-0.003157172271791242,0.03029915586583587
1963-10,20.891344595411496,-0.005614131178967474,0.033491536019557566
1963-11,20.720399335339703,0.02134398237400159,0.025823336524494644
1963-12,21.038599376737046,0.03074019145206952,0.015880522174610334
1964-01,21.627216196980925,0.008894702419882217,0.013392673012420087
1964-02,21.83267082671032,-0.003359607184390767,0.008083923909201873
1964-03,22.16724558598263,-0.021192893401015267,0.009253954388513286
1964-04,22.422192169737166,-0.03515136352264203,0.0021808639941738317
1964-05,22.57433076956382,-0.04447472745292369,-0.003014996991643093
1964-06,22.30028803608278,-0.03875872382851442,-0.0027048679423666844
1964-07,22.984351845738395,-0.0731795241528479,-0.018945039250053752
1964-08,22.650407292938795,-0.05939024390243908,-0.02299068010133032
1964-09,22.89222198423168,-0.07529073252607599,-0.035963149282603135
1964-10,23.21215468067533,-0.09098408956982906,-0.03652864214333651
1964-11,23.225019793095818,-0.0972612359550562,-0.03432727278126091
1964-12,22.752984772787258,-0.08134826107670323,-0.0396805567614088
1965-01,23.269335081922463,-0.10438922433813291,-0.03475593755796058
1965-02,23.37206827275134,-0.11089337175792513,-0.026489022094819514
1965-03,23.253528200034843,-0.11171254174824374,-0.022138064932353485
1965-04,23.4205519547713,-0.12322382630442197,-0.02226512529657365
1965-05,23.70880830886195,-0.13608870967741937,-0.018137200115091012
1965-06,22.385342986457793,-0.09301505174035762,-0.01089321447983016
1965-07,22.300781712174437,-0.09162642798256981,-0.011670927727827962
1965-08,22.665971845964396,-0.10822060353798124,-0.02105027686749783
1965-09,23.37414683164864,-0.13705526963526515,-0.02587613152400947
1965-10,23.775745523312704,-0.1560345770872087,-0.023778803201156884
1965-11,23.925461156673734,-0.16299511665762356,-0.023561836699148575
1965-12,23.69411154910634,-0.15916276027471932,-0.02456082142082383
1966-01,24.05848338842176,-0.17348906986712387,-0.017734160790136788
1966-02,23.70002714557942,-0.16787139928794914,-0.013016897705553254
1966-03,22.611112582290012,-0.13220072007200723,-0.008199088693369605
1966-04,23.113696462615845,-0.15796943231441052,-0.01009473364235891
1966-05,21.85217797676311,-0.11120073749711923,-0.006084308475433287
1966-06,21.55525338322627,-0.10376481524517789,-0.004853584375537956
1966-07,21.381702007433432,-0.10146784715750246,-0.0024684475548127915
1966-08,19.913903864009825,-0.043645381277123474,0.003003215732589437
1966-09,19.161676250615024,-0.008739236601979283,0.00837259612159369
1966-10,18.825409371315697,0.05004537793335917,0.005859734624794832
1966-11,19.71125121192898,0.004198049141869387,0.00012934079183102298
1966-12,19.736473752791984,0.03836222796016231,0.00279830914476098
1967-01,20.432242125384292,0.03445825932504443,-0.002300309963306879
1967-02,21.07444316367845,-0.0022893772893772812,-0.009335880523184015
1967-03,21.443898602019107,-0.025273987922165175,-0.012325121447545495
1967-04,21.68602556674625,-0.05507915567282318,-0.0159759493259648
1967-05,21.948477389658414,-0.1785289988119667,-0.018103709951357905
1967-06,21.552097609793496,-0.1732472930110467,-0.016593517526992674
1967-07,21.804196245666375,-0.18729168906569182,-0.017466825169580313
1967-08,22.030627049126025,-0.20002116626097988,-0.021350205562549518
1967-09,22.2191454886648,-0.21104268865462894,-0.024132878792964996
1967-10,22.068199194183894,-0.20980556136316109,-0.02641641410127127
1967-11,21.263102968336284,-0.18422188646665216,-0.02279195981652804
1967-12,21.75159780872363,-0.20682056663168935,-0.025881512493090342
1968-01,21.511535896332184,-0.20465067340067344,-0.029267866978391677
1968-02,20.424992376214224,-0.16705234159779614,-0.02632063769226145
1968-03,19.934711308295704,-0.15153215849141322,-0.025014894991435832
1968-04,21.277356015671742,-0.20988815720706588,-0.02808877773538976
1968-05,21.630227142779873,-0.2276489220394401,-0.025957646492055564
1968-06,22.004623431346527,-0.24786069651741294,-0.02860962052499083
1968-07,21.75353741567094,-0.24636091724825515,-0.0288994651085005
1968-08,21.137766793617846,-0.22953827336662924,-0.020259953645670792
1968-09,21.68027563329292,-0.25380059230009866,-0.023698916981740314
1968-10,22.00460692795687,-0.27177263969171483,-0.029367712362797116
1968-11,22.195529227158136,-0.2828273244781784,-0.03664322817288268
1968-12,22.27787299543487,-0.2902347417840375,-0.03619437249788948
1969-01,21.194968072847143,-0.25892156862745097,-0.02887210164477516
1969-02,20.895729901987227,-0.25527093596059114,-0.03025513015556547
1969-03,20.202287616481645,-0.23877139979859008,-0.026294536014482506
1969-04,20.42860808193214,-0.25380059230009866,-0.02671421450278122
1969-05,20.972258271972077,-0.2773422562141491,-0.03287779118619527
1969-06,19.713341583757614,-0.23754286867056684,-0.026155992087098068
1969-07,18.681708207192745,-0.2018794213916164,-0.021122186476369875
1969-08,18.42951559020773,-0.19738798046294337,-0.01644233055451083
1969-09,18.39804634467696,-0.2001904560363983,-0.016346310010965315
1969-10,18.448662031815342,-0.20864740368509205,-0.02125960267194449
1969-11,18.43776008469103,-0.21432283546408892,-0.022925778303101385
1969-12,17.326929913742674,-0.17034354077488745,-0.01413703598923477
1970-01,17.090541395140196,-0.1629941313254346,-0.011477621398428561
1970-02,16.372586787159843,-0.13274437815511697,-0.004854911644923021
1970-03,16.531690813943605,-0.14732092498589966,-0.016882974241758553
1970-04,15.873067819354048,-0.1205351948807446,-0.015618191268961579
1970-05,13.983836060789185,-0.006179332106231894,0.00032911346716146817
1970-06,13.799691797725176,0.0017198042069055397,0.00668458017734519
1970-07,13.726499744359762,0.02905441098785011,0.011574313955990734
1970-08,14.100456516815443,0.0598049281314168,0.011089305510932679
1970-09,14.84266114524222,0.020586098328893243,0.0073995040543766155
1970-10,15.064185404089631,-0.0010667298802892189,0.00777861855123585
1970-11,14.950761908791732,0.06846226862838156,0.011810279795561929
1970-12,15.873840687205742,0.03031649083842325,0.003155575152984147
1971-01,16.46179394349194,-0.007594395122472952,-0.0016709123430015405
1971-02,17.034534781502128,-0.04458861085367105,-0.009586367071483193
1971-03,17.402902607188878,-0.0684738955823293,-0.008753428056459622
1971-04,17.92411044795961,-0.10233009708737872,-0.011471603257818486
1971-05,17.56415327969938,-0.11742125984251961,-0.012261023454120168
1971-06,17.083166880070703,-0.10078219013237066,-0.009966835847881494
1971-07,16.88941470869336,-0.1988888888888889,-0.012361256495427297
1971-08,16.519449443051563,-0.2181201151789387,-0.010566792316608398
1971-09,16.856792547836,-0.31468812877263586,-0.02245774415799462
1971-10,16.428862709159468,-0.29982526467262827,-0.018905454566532587
1971-11,15.638712654326643,-0.2657900409571028,-0.011864829171232327
1971-12,16.603557212925335,-0.32368659876978934,-0.017358370037446225
1972-01,17.262996797035175,-0.35072604065827695,-0.026714873596010658
1972-02,17.46414760548617,-0.36245247148288984,-0.03043343938557319
1972-03,17.80564384961494,-0.37725162488393693,-0.03528745392346222
1972-04,17.91516167849829,-0.38354779411764706,-0.03152261656512645
1972-05,17.662646200372553,-0.37725162488393693,-0.030896914942138087
1972-06,17.640857315740252,-0.3789814814814816,-0.03759134406467568
1972-07,17.39869003113817,-0.37434701492537326,-0.036904166721433374
1972-08,17.9434046880298,-0.39576576576576583,-0.03968234265176018
1972-09,17.613854552912112,-0.38692870201096896,-0.027437041582257682
1972-10,17.53318385415855,-0.3880474452554745,-0.019371423442052338
1972-11,18.338894714968056,-0.41728931364031285,-0.019646452748045995
1972-12,18.64571944207368,-0.42919148936170215,-0.019936100049576466
1973-01,18.712530467302436,-0.43353040540540544,-0.017092971405117674
1973-02,17.889889599193754,-0.4126970227670754,-0.011089656938960801
1973-03,17.412142058290335,-0.40329181494661925,-0.005063175654204222
1973-04,16.935740066050826,-0.39193109700815965,0.0006599084043763526
1973-05,16.314338759668573,-0.37434701492537326,0.007699738559350244
1973-06,15.808323047681979,-0.3600190839694657,0.0118665240778284
1973-07,15.88951857398878,-0.36606805293005673,0.01118589864832975
1973-08,15.278501094706122,-0.3538535645472062,0.011895906260810163
1973-09,15.475308601805562,-0.36486742424242424,0.0129162795818476
1973-10,15.913516308933383,-0.38916211293260483,0.009962929066792414
1973-11,14.651845159710566,-0.34245098039215693,0.0164549750036298
1973-12,13.493329686205886,-0.2923612576492932,0.02407705022023432
1974-01,13.530721892513945,-0.30215378212464894,0.02422944386625736
1974-02,12.957321280205385,-0.2822899946495453,0.022230186502816496
1974-03,13.31036423914016,-0.3116789819376027,0.019205013338245314
1974-04,12.550411048540902,-0.2746052346960848,0.02469727150814327
1974-05,11.995436947329656,-0.2520352403256385,0.028230560552379824
1974-06,11.888498820078995,-0.25303485911571455,0.026390310882116186
1974-07,10.394141805327049,-0.1543311057874166,0.038321555671837704
1974-08,9.824195723141196,-0.11784821780875976,0.052398375851310464
1974-09,8.680421305646332,-0.015413975337639663,0.06580788021937711
1974-10,8.744983833809586,-0.034130184331797264,0.06361215896785444
1974-11,8.948984512755606,-0.06509618065235578,0.06189525099854798
1974-12,8.289060055923082,0.08185477858953338,0.0686608257196788
1975-01,8.92099550840425,0.10391400220507152,0.0649319145396332
1975-02,9.762246716166471,0.04594257178526839,0.06031504536004406
1975-03,10.163796767444037,0.01062306039627603,0.05467849026249283
1975-04,10.23307613660592,-0.0005901794145419803,0.054102054931585375
1975-05,10.818139119335806,-0.060266370699223026,0.05030774204722532
1975-06,11.011354609247665,-0.08365800865800865,0.050408871619804785
1975-07,10.902767048238578,-0.08454968104659955,0.05327007900393688
1975-08,10.089769593328016,-0.012133940030334744,0.05896352314321507
1975-09,9.918905356559419,0.04606117869375215,0.05814677080718633
1975-10,10.32759977750111,0.001467765609122873,0.054780838431220724
1975-11,10.435859457947897,-0.015210391917397481,0.05970100974013559
1975-12,10.250368416256839,0.0013528748590754258,0.0665407472416304
1976-01,11.18505136262215,-0.08300640099112122,0.057555200461476996
1976-02,11.586092994449691,-0.11709741550695829,0.059759385545582466
1976-03,11.631754403566509,-0.12146389713155292,0.06596507657607198
1976-04,11.689164132206368,-0.12836113837095198,0.068264915193053
1976-05,11.532053585609424,-0.12233201581027675,0.06966340640356683
1976-06,11.543841631417102,-0.12750491159135569,0.07198465344204852
1976-07,11.75749048868991,-0.14760076775431874,0.06778541205609145
1976-08,11.597986002509248,-0.14017424975798654,0.07116283354159592
1976-09,11.805990949539789,-0.1581042654028436,0.06581684421169243
1976-10,11.345696136316695,-0.12836113837095198,0.0695447106717686
1976-11,11.24885586050796,-0.12233201581027675,0.07374161009135194
1976-12,11.597589726582937,-0.15167144221585493,0.07183943193708187
1977-01,11.437961346787546,-0.14431599229287095,0.07923736731565101
1977-02,11.014841854222775,-0.1205940594059407,0.08933948975605133
1977-03,10.895746511662738,-0.11709741550695829,0.09432015957838868
1977-04,10.636037409141357,-0.10328117112569413,0.09502156261318517
1977-05,10.548486693556995,-0.10064803564196045,0.09529493616609708
1977-06,10.530023959090753,-0.10544868566824461,0.09947540333810534
1977-07,10.567692447775405,-0.11357285429141728,0.10170574691312262
1977-08,10.268385666710994,-0.09135549872122772,0.1107252340667737
1977-09,10.067742820070697,-0.07700301361321849,0.10840109360941352
1977-10,9.766666299556544,-0.05248559846383616,0.09700594013935016
1977-11,9.766299983660197,-0.057912600763682764,0.08206944482850642
1977-12,9.678266582535917,-0.053293540822852314,0.08104821831967479
1978-01,9.241462260934686,-0.015844875346260445,0.0897182206371212
1978-02,9.045263570704739,-0.0017981568891887179,0.09477266521704353
1978-03,8.950420077633892,0.043796442242738154,0.0983635800094711
1978-04,9.262588720866843,0.021572645885017838,0.09251894888848922
1978-05,9.634910728598445,-0.027717893440098562,0.08492270025262827
1978-06,9.549678981041737,-0.030206840057341866,0.09124274461604198
1978-07,9.425524047787356,-0.025517028500874672,0.09134670857750282
1978-08,10.023970854003752,-0.08845043310875855,0.08181584472013115
1978-09,9.941887473004408,-0.08845043310875855,0.08354173191128811
1978-10,9.533608358208832,-0.05854870775347909,0.09127318917509752
1978-11,8.92841890229315,0.014781966001478297,0.09555322223958163
1978-12,9.01194181913383,0.022058058474664577,0.09629254190730308
1979-01,9.257636919139971,-0.014843044830006868,0.09600336151613598
1979-02,9.003740371045636,0.015270284027282921,0.1015635398802115
1979-03,9.070785029660762,-0.0036963036963035822,0.09931598074365056
1979-04,9.133063566217414,-0.023212536728697275,0.10106179802981496
1979-05,8.794383289814954,0.01975333400180479,0.10840015297084604
1979-06,8.85393776469395,0.009832841691248762,0.11041797916582263
1979-07,8.827498045542363,0.0029211295034079487,0.11287090177119952
1979-08,9.127165797215032,-0.040968342644320366,0.11340784433525886
1979-09,9.112758990740957,-0.05156537753222834,0.11305552603619384
1979-10,8.68184330689931,-0.014354066985645897,0.11753450057390258
1979-11,8.518784302983557,-0.0067502410800386325,0.11661860415602532
1979-12,8.74520440466929,-0.04452690166975881,0.11581447133810352
1980-01,8.850934180729109,-0.07123534715960333,0.1101402082141325
1980-02,9.054476092192516,-0.10667823070251514,0.10357782711324814
1980-03,8.081150900785495,-0.01623686723973261,0.11781757133238635
1980-04,7.844024504719217,0.04563106796116512,0.12042042697591238
1980-05,8.104225807176496,0.01578458681522754,0.11998882624858798
1980-06,8.51207796230674,-0.04537521815008716,0.11667441295748793
1980-07,8.88086552729584,-0.08681135225375625,0.1110316674280789
1980-08,9.07100598161838,-0.1141700404858299,0.09796918599017679
1980-09,9.19604013174324,-0.13517786561264822,0.09005772322712824
1980-10,9.35784104675711,-0.15975422427035324,0.0843323771458806
1980-11,9.654043663233388,-0.19380987472365496,0.0832776648239526
1980-12,9.389902084921744,-0.18052434456928834,0.09052566095474646
1981-01,9.259404530877953,-0.1774436090225564,0.08999376528357517
1981-02,8.829899353831308,-0.1479750778816199,0.10644224411334369
1981-03,9.081096883854627,-0.1786786786786786,0.10585474086018976
1981-04,9.085561230788745,-0.18601190476190477,0.1074859855654795
1981-05,8.818483466548066,-0.16932422171602113,0.10963271450133116
1981-06,8.765340744304927,-0.1730914588057445,0.10972456257581187
1981-07,8.44531946787551,-0.15259488768396579,0.11390857539913224
1981-08,8.399806316566439,-0.1558641975308641,0.11648523649205966
1981-09,7.5811630519231565,-0.07523245984784444,0.1264596790332344
1981-10,7.649141713319213,-0.08681135225375625,0.1248101340131702
1981-11,7.810752565716109,-0.10984540276647681,0.12149055866632863
1981-12,7.832562137141897,-0.11631663974151851,0.1214932661158048
1982-01,7.3886599733759954,-0.06734867860187543,0.13525435079719372
1982-02,7.181823450546731,-0.044541484716157154,0.13671369118165044
1982-03,6.9506737935360325,-0.012635379061371799,0.1380266687949665
1982-04,7.259072625426148,-0.05932932072226993,0.1325950616870195
1982-05,7.1926124844646235,-0.06013745704467355,0.13517772888684632
1982-06,6.692133988197589,-0.0027347310847766204,0.14082431267500195
1982-07,6.63865310020876,0.002742230347349217,0.1430515212015302
1982-08,6.64342275216609,0.11577028258887889,0.14312759854629253
1982-09,7.398838200323309,0.08415032679738554,0.1304857160174584
1982-10,7.999840994534588,0.040693293142426645,0.11952157206409031
1982-11,8.347476938155427,0.009413468501086264,0.11725425505300402
1982-12,8.467738401400478,0.035150645624103305,0.1189690134360597
1983-01,8.756783224134743,0.017325017325017233,0.11450701537014152
1983-02,8.91049343662412,0.029291553133514947,0.11378722948097164
1983-03,9.232829705190525,-0.005266622778143604,0.11154596523456917
1983-04,9.531581284160414,-0.04185161699429296,0.1059706013415338
1983-05,9.8744565046684,-0.07921998781230954,0.10250417283690183
1983-06,10.000117903130022,-0.09194711538461542,0.10171755700388485
1983-07,10.014475995571027,-0.09520958083832343,0.10144828299634256
1983-08,9.728056935665208,-0.06958128078817738,0.10609067393765947
1983-09,9.984202458028777,-0.0962918660287081,0.1042953585223243
1983-10,10.003391799449624,-0.0989862850327966,0.10481683178116619
1983-11,9.853581649364278,-0.08535108958837767,0.10623588135321338
1983-12,9.815010903608668,-0.08090024330900247,0.10746347078169727
1984-01,9.894931809202534,-0.09194711538461542,0.10798763126838695
1984-02,9.324529645727983,-0.03941513032422139,0.11389671711025406
1984-03,9.326747066508242,-0.04002541296061002,0.11164739045242511
1984-04,9.305643404594823,-0.04124365482233505,0.10769621123993267
1984-05,9.231831816896046,-0.03512132822477654,0.10938875012197524
1984-06,9.010185512291006,-0.013063357282821708,0.11262994558557926
1984-07,8.8683022140433,0.08802117802779619,0.11319388534234909
1984-08,9.623063257373168,0.0006082725060827521,0.10676469503956731
1984-09,9.687341313628078,-0.009632751354605618,0.10635017945323888
1984-10,9.595070703048505,-0.00182038834951459,0.10655576733906313
1984-11,9.691973221783089,-0.010823812387252052,0.10458458461602782
1984-12,9.595054801133456,0.04316109422492387,0.1042288377667202
1985-01,9.99700117773045,0.045454545454545414,0.10160266350762126
1985-02,10.494935172607077,-0.008291873963515717,0.09961529770313926
1985-03,10.37321721492473,0.006688963210702337,0.10297329421276102
1985-04,10.397118719816818,0.019379844961240345,0.1054959502085615
1985-05,10.608120467860093,-0.004326663061114178,0.10634756155358116
1985-06,10.810049845861213,-0.02541026998411866,0.10715651931317094
1985-07,10.997563956793382,-0.043636363636363695,0.10876208559650924
1985-08,10.738799808877282,-0.02230483271375472,0.11131221364011323
1985-09,10.471234661697551,0.011406844106463865,0.11759112151323259
1985-10,10.552516982943747,0.06068743286788414,0.11699545839275682
1985-11,11.164611128667467,0.04962025316455709,0.11303605796252936
1985-12,11.690521474467596,0.004341534008682979,0.11138329331321795
1986-01,11.715007584487985,0.053794428434198016,0.11038663398724546
1986-02,12.388219099418123,0.05879671832269828,0.10994055977766326
1986-03,13.189022981532716,0.02195436934997841,0.10200655087375932
1986-04,13.552504172869478,-0.0025210084033613356,0.0986214540478656
1986-05,13.560046199232332,-0.004612159329140386,0.10073370689638605
1986-06,13.888688626457112,-0.032205462698736254,0.09927152824818486
1986-07,13.619995534083806,-0.011656952539550347,0.09717486874835424
1986-08,13.887667550866052,-0.031020408163265234,0.09801552927546986
1986-09,13.46731431297713,-0.003776751993285754,0.1031088235866311
1986-10,13.42591886085736,0.015164279696714411,0.10742104525516805
1986-11,13.8729855961386,-0.01672786617707056,0.10892623208224261
1986-12,14.085139814743306,-0.03057119871279157,0.10846887333722877
1987-01,14.922208103718946,-0.08884688090737236,0.10521712997774335
1987-02,15.822318142836451,-0.14204343182627266,0.10306661670050477
1987-03,16.43334397606992,-0.1760683760683761,0.0978808838023979
1987-04,16.196534453220877,-0.16695471828551678,0.09547154030797289
1987-05,16.16031195265574,-0.16637841577308898,0.10544169617241916
1987-06,16.825207307878717,-0.20039814200398132,0.10657640898187126
1987-07,17.306004390512218,-0.22283134472750732,0.10950345027898223
1987-08,18.32690724585634,-0.26836672738312073,0.10334217533778411
1987-09,17.675620449938222,-0.24380294948227166,0.10835852021718684
1987-10,15.530055563627315,-0.13990007137758742,0.12427821516317117
1987-11,13.590885143189082,-0.01632653061224487,0.1379844068422762
1987-12,13.389028514426963,0.03941908713692954,0.14262186698497037
1988-01,13.898336683569141,0.02235528942115783,0.13823197341745086
1988-02,14.298270962469523,-0.00774893452150327,0.1416558931135905
1988-03,14.668946811103464,-0.0361309747835904,0.14421543923692348
1988-04,14.433316420838947,-0.024752475247524774,0.14945155386379438
1988-05,14.031891348027774,0.029675907848496497,0.15191947926139204
1988-06,14.76646864787962,-0.025858884373845537,0.14570549563330748
1988-07,14.608315717522098,-0.02006688963210712,0.1514212597730793
1988-08,14.244946310675651,0.01630640879787637,0.1454542241452763
1988-09,14.369428776140161,0.011194029850746245,0.1381631772933567
1988-10,14.811450153277724,-0.02307137707281892,0.13547813605330083
1988-11,14.445530680872887,0.02029520295202958,0.1498002183797238
1988-12,14.702086748571995,0.032188065099457486,0.15204074375042165
1989-01,15.088072442713285,0.02557813594954461,0.15402822616148026
1989-02,15.46706046273475,-0.004421768707483009,0.1505428762996861
1989-03,15.298969108882359,0.03279808677827134,0.15435889228086785
1989-04,15.686742656144585,0.015944426066821116,0.15503405201669485
1989-05,16.18635353854455,-0.021599235425294627,0.1509207545662996
1989-06,16.64190423580859,-0.05122026567809701,0.14665589177332117
1989-07,17.013407650499133,-0.07466104248267547,0.14849376415557303
1989-08,17.734251436577328,-0.11390652048470862,0.1387580154565753
1989-09,17.714220678979082,-0.11569248488338613,0.13737480809721947
1989-10,17.64085385279795,-0.11594703511801951,0.13593394065898234
1989-11,17.24236926694743,-0.09723691945914159,0.1460558355437449
1989-12,17.65021290494733,-0.11899024670109015,0.14631447138689668
1990-01,17.048843606878275,-0.09662617289760866,0.14957948186985726
1990-02,16.508093516490288,-0.07060069602057795,0.14949605587691828
1990-03,16.83374823348095,-0.09259587543579739,0.1505498211022891
1990-04,16.813913898735766,-0.09184457980956884,0.15206116521608437
1990-05,17.392413588645006,-0.12314061384725195,0.1445448642741518
1990-06,17.81708282165301,-0.1478120924553955,0.1445541023253618
1990-07,17.747171587070245,-0.14695997555759233,0.14550148844307653
1990-08,16.168334756508976,-0.0714436885865457,0.15705645456359418
1990-09,15.301285443522623,-0.026283250372531097,0.16130322271491093
1990-10,14.818147965500797,0.02660197968220901,0.15830354482523679
1990-11,15.187607599503188,0.03235116876526378,0.1541975191319529
1990-12,15.846314974728767,-0.009916349809885872,0.1452233619885599
1991-01,15.606190118802363,0.11296814034225311,0.1464911248005596
1991-02,17.354664745205113,0.02765969193397,0.1312398388639966
1991-03,17.81862008339738,0.015337917696357728,0.11707815588530535
1991-04,18.15534589519802,-0.0044511167298777465,0.1148066049088079
1991-05,18.035430911004056,0.0007936717902590207,0.12227332751167408
1991-06,18.01522704468833,0.005128340691004318,0.11931551815623931
1991-07,18.103452345519752,0.014964626673329207,0.11591094263251844
1991-08,18.51225845533772,-0.008936825885978328,0.11099140275102326
1991-09,18.35728259177433,-0.0033057851239668423,0.0981340932644541
1991-10,18.34918799200199,-0.002481389578163684,0.1019140251591708
1991-11,18.288868169301345,0.0067112354892204795,0.10785172037249713
1991-12,18.44165231351273,0.04851869964737077,0.1089524690551531
1992-01,19.773068211462647,-0.020957508171505435,0.10068838924166124
1992-02,19.582982970386748,-0.012604227263913081,0.09756520998755569
1992-03,19.283561861298555,0.00012274155538105624,0.10393468426540986
1992-04,19.301229507881047,0.00211089565793654,0.09924730086584677
1992-05,19.662279795641695,-0.015766254429739,0.09402283707681569
1992-06,19.315365967644603,0.010360790653244134,0.08915116061710271
1992-07,19.62074069482441,-0.006143838091796194,0.07489565998600778
1992-08,19.722137498351536,-0.012992606417342678,0.0750521177233503
1992-09,19.708766424745303,-0.01428981074364366,0.0695448776410601
1992-10,19.37027107690697,0.02506666666666657,0.06954636726853902
1992-11,19.833656038801234,0.029301863589064503,0.07365871449920802
1992-12,20.448606721242964,-0.0009411440639058855,0.0692570001637467
1993-01,20.323410802995706,0.014865703191415891,0.06892055442254952
1993-02,20.54533679290045,0.003124292506226034,0.05960083598660093
1993-03,20.85520014869092,-0.015727741247556493,0.0584589498500141
1993-04,20.457362016642186,0.004897535433781686,0.06589082041288363
1993-05,20.517605633764873,0.004446939921392445,0.07097179715507873
1993-06,20.608357012960195,-0.0018524304780609402,0.07603362047263129
1993-07,20.564596413297142,-0.0001341411612153509,0.07649157784739402
1993-08,20.812227546627387,-0.015193887212912593,0.07432388632524556
1993-09,20.99350100522914,-0.02615190314432536,0.07609796346830056
1993-10,21.109178247475125,-0.035934468635481664,0.07749323938100083
1993-11,21.037901189606377,-0.03383093175484453,0.07915037606916098
1993-12,21.164732079814655,-0.04017598454769822,0.08157546780809599
1994-01,21.411974913826544,-0.05446203936658278,0.08469888550467797
1994-02,21.263840187313036,-0.05163492938631831,0.0857409168935146
1994-03,20.83337588946042,-0.03574739656324788,0.08525798551833907
1994-04,20.055250085063854,0.008206068465890004,0.08980806851868994
1994-05,20.19649242128146,0.00110889332446229,0.08527812305787652
1994-06,20.29076369067032,-0.007541279159246295,0.08716582072745038
1994-07,20.06795181614216,0.00839610101905186,0.08573717282160787
1994-08,20.535549404755642,-0.019494227123901475,0.08131507002497784
1994-09,20.576450100818878,-0.025205585060818825,0.08346766664053273
1994-10,20.395759282410268,-0.018585196524438907,0.08356329927674322
1994-11,20.209473020394054,-0.012624455000976087,0.08911937707903217
1994-12,19.911484108090335,0.022100661262330012,0.09358123920192152
1995-01,20.219119422457307,0.03583019881784,0.08966415363816083
1995-02,20.802571764332686,0.023302622841965492,0.08720899885872702
1995-03,21.152737302037,0.029930041569502297,0.08370500121680369
1995-04,21.642739261879658,0.03130475871709537,0.07728315982984202
1995-05,22.19542669801996,0.029667245757049487,0.07549082143659791
1995-06,22.718356759520628,0.03341058681746545,0.07460346255809958
1995-07,23.37641269151214,0.0031218041875236135,0.072289126458986
1995-08,23.284070256230546,0.035163026953551224,0.0718060562370284
1995-09,23.946007075299875,0.007170378561431878,0.06711190347296903
1995-10,23.92676276408329,0.021632471008028675,0.06344509615321958
1995-11,24.34758688111483,0.031719644686245774,0.06588973904291451
1995-12,25.027380664939123,-0.00024407309175533687,0.06496255336682677
1996-01,24.76246519464405,0.04825689267927502,0.06615468706570748
1996-02,25.97606555059341,-0.00842134433599151,0.060167400392254544
1996-03,25.62993039521613,-0.004636283555102261,0.06190647764614532
1996-04,25.424203848381552,-0.00479008606703013,0.06205128364949464
1996-05,25.81404382769905,-0.02595163558822189,0.058425418169185894
1996-06,25.96667355833387,-0.036544502617800956,0.05404594800313989
1996-07,24.858411332348414,0.02889437483503321,0.05843108413894749
1996-08,25.41252912145498,0.01841009235226654,0.057617269958821105
1996-09,25.680115512876785,0.03938477951635844,0.058998295684820734
1996-10,26.48346772089722,0.04876970889288046,0.05939631459952932
1996-11,27.58561204901282,0.010303532834015305,0.05663703806656417
1996-12,27.723946163893988,0.02782374705684476,0.05746816547889644
1997-01,28.332870129950386,-0.0029886977630446676,0.05482296008367804
1997-02,29.26563488357597,-0.04316186324979021,0.051763652515825154
1997-03,28.802458591871673,-0.035636740052514715,0.0491009543678802
1997-04,27.585160338136554,0.09053185501289396,0.05651073596878753
1997-05,29.928362224688797,0.05185514170137662,0.05003034862176303
1997-06,31.25656061638129,0.055917561537847105,0.04487394324606164
1997-07,32.76663768966995,0.0021074473948707872,0.039815058756798694
1997-08,32.586283486713185,0.010547431085802916,0.03538683801526532
1997-09,32.66658134170864,0.0020277048515506824,0.03727056549173002
1997-10,32.901498179798125,-0.012868497413684343,0.038672622302991844
1997-11,32.336600532812696,0.02497550377028923,0.034091709184777
1997-12,33.03078904290544,0.0010287103712709467,0.03261837067524631
1998-01,32.85996841505225,0.059458561700714174,0.024993227029100673
1998-02,34.70967778226999,-0.0030281126067165376,0.01694227331025111
1998-03,36.29692773642511,-0.05218093849539851,0.008319407198704498
1998-04,37.27693404302878,-0.08232332314331958,0.00871010839866937
1998-05,36.956598518969024,-0.0791938074015266,0.010828973340422543
1998-06,36.80229346009204,-0.07916888459838156,0.0054499970153114585
1998-07,38.25964508524857,-0.11753618426740908,-0.00559217818734703
1998-08,35.42340102487834,-0.05023170981370151,0.004237767867737885
1998-09,33.53235698083492,0.011590766577833644,0.004553248915591279
1998-10,33.77310287904817,0.011787267426656589,-0.017876654765095146
1998-11,37.36939188392097,-0.08719624616621369,-0.03489397297439545
1998-12,38.820274780098174,-0.12218814335532113,-0.03816676815864173
1999-01,40.576957677208135,-0.16346484941182116,-0.04413151062957721
1999-02,40.40015922925997,-0.16199521891896218,-0.05103631771270878
1999-03,41.356103632713015,-0.1849320412589922,-0.059238835834665604
1999-04,42.70450951689217,-0.21735742755251874,-0.051751402296686067
1999-05,42.55667670951805,-0.2157769486588541,-0.04580368696818693
1999-06,42.18067591174694,-0.23328418585308686,-0.043336952718496136
1999-07,43.82803599280541,-0.3456940310936357,-0.045916336862991014
1999-08,41.930712159940455,-0.3193244393554754,-0.03472092012768058
1999-09,41.32345133471503,-0.3416554769111724,-0.030274958780496686
1999-10,40.55285439953988,-0.3425973646356566,-0.026647623354783878
1999-11,43.20829071461392,-0.38560028756290443,-0.03131563936853632
1999-12,44.197939761040566,-0.4018044628608226,-0.0316992645492844
2000-01,43.77257814693801,-0.4005078599036188,-0.030322393887708188
2000-02,42.185635887917336,-0.3973302036907702,-0.030194094269185734
2000-03,43.22074843996588,-0.4196198889204762,-0.027943646299565028
2000-04,43.528574288507755,-0.42722532435539495,-0.02553261894474146
2000-05,41.966050503324325,-0.4099106085387175,-0.028590545078801766
2000-06,42.78197156707147,-0.42746039563325944,-0.03449886843231442
2000-07,42.758093618269605,-0.4317515274949084,-0.03526502139711529
2000-08,42.869565494419504,-0.43651798096212624,-0.03546947161687597
2000-09,41.89800792488475,-0.4298354960662103,-0.030766711712898798
2000-10,39.36969904420139,-0.3978807889852821,-0.021143194194269466
2000-11,38.7821424567848,-0.392593828916432,-0.01795437761898988
2000-12,37.27423800449721,-0.37109389674888993,-0.01125891000713608
2001-01,36.97886799702984,-0.3733069787291391,-0.008182341341926302
2001-02,35.8346626514313,-0.3589661114302125,-0.003040562320055451
2001-03,32.32583723617877,-0.2941518741830754,0.004624763457356185
2001-04,32.1739011683607,-0.29651885967861225,0.0061390162450452035
2001-05,34.07464321714004,-0.3411132189834457,0.00010869349603415124
2001-06,33.06853441111278,-0.32427283222061665,-0.000926174120177814
2001-07,32.163038687444356,-0.3050520984681806,0.004465978517983693
2001-08,31.404318760780153,-0.28974968179889693,-0.004721467214606867
2001-09,27.667392586862505,-0.19873832133557978,0.006728987399654995
2001-10,28.57737311336011,-0.2225173928793691,0.006439207128410285
2001-11,30.00510381105683,-0.25905566178032724,0.003163881310183969
2001-12,30.499953255020475,-0.2689247377568935,0.0031054556620515594
2002-01,30.277204433096014,-0.2658983871392112,0.007890506810802611
2002-02,29.085704152008443,-0.23952683365586425,0.015422889034006682
2002-03,30.29213064091869,-0.27453869421645183,0.01321399403588197
2002-04,29.005883253118693,-0.24722779311647325,0.017068177540057627
2002-05,28.12810750868835,-0.22443363446838083,0.016905259625435543
2002-06,26.38767254118336,-0.17454290842389697,0.02215370378409598
2002-07,23.463120467431445,-0.07366172711074714,0.037123546768372595
2002-08,23.588713528842376,-0.08275710919949586,0.03917917619210387
2002-09,22.365036801224328,-0.035468593355688416,0.04708076722753396
2002-10,21.95623386365908,-0.020593707218328428,0.04851198970971571
2002-11,23.348396502725123,-0.08011605288318879,0.039308477859257396
2002-12,23.101442537685642,-0.06911853021641934,0.0426853272155423
2003-01,22.89834857661322,-0.06564788355063411,0.047440395385839995
2003-02,21.21410212341529,0.011469122970502843,0.056792613215519205
2003-03,21.309719026990997,0.051262062530267105,0.05861772461282344
2003-04,22.427939577730907,0.05160500207858165,0.054582850447928655
2003-05,23.591080453481492,0.05560066669515784,0.05348421909696621
2003-06,24.832223259531066,0.0015485829959513975,0.046344699938422274
2003-07,24.867329101268787,-0.003032623370342713,0.04915123202446314
2003-08,24.642251409932168,0.030226471152971612,0.049863920737950096
2003-09,25.24368675260626,0.0189221533390882,0.04806196105592253
2003-10,25.68275607057969,0.010753516313190215,0.04830988276215442
2003-11,25.94679821842012,0.029278978950376233,0.05095144598184276
2003-12,26.635170511081533,0.007680633698548878,0.049262203353877876
2004-01,27.65854035573658,-0.038480556634761354,0.04534764793574686
2004-02,27.650862036740214,-0.04759655751469338,0.04425983851570425
2004-03,26.886530384035858,-0.031174931938290684,0.048722280256294326
2004-04,26.90057750844488,-0.039193195454224505,0.04791387751805076
2004-05,25.902814292943752,-0.012550100654708962,0.052485493028402885
2004-06,26.4012853664749,-0.03868427557470244,0.05296938976260468
2004-07,25.69588864626855,-0.015291404801736075,0.056798486103663004
2004-08,25.174462226477765,0.025961026319172742,0.05805633862307724
2004-09,25.668406776357692,-0.00040262691695147623,0.057161161741678734
2004-10,25.41165566548933,0.04226600191548591,0.0550411882830355
2004-11,26.465310814818032,-0.0038581963146098186,0.05660356170077252
2004-12,27.144808694741226,-0.029002426597509956,0.05464333817142597
2005-01,26.587250697970372,-0.01437265640209584,0.055618116303462584
2005-02,26.744863128101173,-0.02934238056734162,0.056951922024699675
2005-03,26.339142131057923,-0.025500041844505827,0.05747722068716454
2005-04,25.408922569114456,0.011894231512413755,0.0614817757626529
2005-05,25.650230187182967,0.011610143599144473,0.06045840046687956
2005-06,26.068394871883985,-0.008558951965065509,0.05739561952077854
2005-07,26.287871091254736,-0.02477418510276208,0.05589881643984551
2005-08,26.104381410936135,-0.026391237227082254,0.05367133107334898
2005-09,25.730122990164453,-0.027701644479248277,0.04996802399340705
2005-10,24.876538723647943,-0.187221047686164,0.057482359500422575
2005-11,25.931783309069004,-0.28635735471201007,0.055801809035166405
2005-12,26.443803114292393,-0.30466614371627565,0.05232928689348548
2006-01,26.468702626685708,-0.32309400733540306,0.04446901575484574
2006-02,26.24962476358328,-0.3692633063094819,0.04403455354129959
2006-03,26.32783777866768,-0.41477422047706647,0.0490738770319783
2006-04,26.14728094387452,-0.4185628604560081,0.051563544330343936
2006-05,25.650640708757326,-0.413082069131247,0.05216896040236807
2006-06,24.74958224164637,-0.3958281797361891,0.05604032989198093
2006-07,24.696786766853304,-0.3992176093442519,0.059195500626261444
2006-08,25.051393562010958,-0.411777959056831,0.0581686874075551
2006-09,25.644156440797385,-0.4254329382123939,0.05429051574434385
2006-10,26.538040282101708,-0.44466693071630803,0.04931731244385329
2006-11,26.928020270856482,-0.4547686945500634,0.04849740791736812
2006-12,27.282689787571677,-0.465462221657418,0.05044935476995094
2007-01,27.20753665680713,-0.46836731827884515,0.05093299693814002
2007-02,27.31518141351661,-0.47596207087486153,0.05217330380144847
2007-03,26.227605554650893,-0.46186431642915526,0.05751495536656437
2007-04,26.976268314189078,-0.482707496378891,0.05340049996171814
2007-05,27.548490451851258,-0.49896766679460547,0.05220684360024075
2007-06,27.418262740410594,-0.49997688533143136,0.053806547068823374
2007-07,27.410088167204314,-0.5021207199268762,0.054284274856436276
2007-08,26.148607189312308,-0.47949980063521735,0.058569534818486924
2007-09,26.725743047696913,-0.4942756759645185,0.056832789146238794
2007-10,27.320648130462015,-0.5082485743605731,0.056861010367949216
2007-11,25.729053579498377,-0.48261912408858887,0.06438278638473038
2007-12,25.955510105240222,-0.4881559200118982,0.06609052562655804
2008-01,24.022317760836817,-0.45086164379587457,0.07849189404019086
2008-02,23.49526340181178,-0.4411788584882682,0.07685881821312379
2008-03,22.606810842249335,-0.425083906632041,0.08048685746650142
2008-04,23.356040643201606,-0.44753989507249337,0.07442503750749663
2008-05,23.696432116623175,-0.4604338592665441,0.07424889896323505
2008-06,22.41681280228193,-0.4355041938490214,0.08209135221871744
2008-07,20.90720646266157,-0.39782714164141475,0.0911727689439632
2008-08,21.401617360047926,-0.4091707180035429,0.09103986829691868
2008-09,20.362733946097514,-0.37784625498171664,0.09802427792433543
2008-10,16.387356548789832,-0.21848678777869524,0.11734462068573026
2008-11,15.259659405704577,-0.14258697227758654,0.1232877349303918
2008-12,15.37608074742377,-0.13723278180409315,0.11646979702600335
2009-01,15.17465193687967,-0.12529171191570976,0.11990380141313706
2009-02,14.122181801918897,-0.059734485799088466,0.13419728561579247
2009-03,13.323667656863929,0.12021713576268267,0.14270204314620294
2009-04,14.98186645303925,0.06397453280669696,0.13332895853557458
2009-05,15.996355755263156,0.02627408827473099,0.1244007754089771
2009-06,16.38418281621534,0.010473804690536825,0.12373531710759567
2009-07,16.694620816995617,0.07897886345664751,0.12617285794027766
2009-08,18.094069801576083,0.034484466144414805,0.1141228756118684
2009-09,18.83190226484008,0.02212435977215077,0.11350254571629592
2009-10,19.358008443486835,0.011370661071876675,0.11073097359151762
2009-11,19.812761079966055,-0.0076006139310890175,0.11339393605862669
2009-12,20.32237650021654,-0.027540121399881268,0.11356901199859704
2010-01,20.527859801454415,-0.03896473771338038,0.1156869295242009
2010-02,19.920539306600446,-0.008593778691835974,0.11883422247401376
2010-03,21.004601209715364,-0.06271429191441347,0.08999583185277316
2010-04,21.804845599625157,-0.09815254067417234,0.09115798575882428
2010-05,20.480068638423404,-0.04022896556628086,0.10417436781651546
2010-06,19.742039853739456,-0.003286072958204045,0.11445705377866244
2010-07,19.668660470717704,0.006927208742359747,0.1179078523833712
2010-08,19.770299174358573,0.03200647487307773,0.12316107219014549
2010-09,20.381395233204024,0.044114501639811676,0.11864716983627455
2010-10,21.240127651759416,0.0019631608596939465,0.1156499808974365
2010-11,21.700723827760612,-0.020860963057494852,0.11734634061825466
2010-12,22.396379773044202,-0.054489218947588736,0.11801886562262776
2011-01,22.97829943055498,-0.08477959177308925,0.11735056505854025
2011-02,23.489828703298524,-0.11145089015380871,0.11657182162075608
2011-03,22.89933643014364,-0.10012341988056628,0.11903020592699298
2011-04,23.143929447285938,-0.11838439065421957,0.12292232877039755
2011-05,23.059491506095338,-0.12286391045422951,0.12266336224044849
2011-06,22.100831286610994,-0.08809980657039196,0.12771753734754632
2011-07,22.610981701156625,-0.11417985345497628,0.12723865357579878
2011-08,20.049852721660496,-0.00964304696661622,0.1422302518538705
2011-09,19.698114568877713,0.02840154019150165,0.14290119686247293
2011-10,20.155824786688754,0.01590430907373963,0.1388407291884095
2011-11,20.345246797645817,0.013779944880220274,0.14147135410418943
2011-12,20.523575499431697,0.046054113180838296,0.13938028915548362
2012-01,21.21300809180345,0.017607528948623052,0.13126854152476009
2012-02,21.79743596371753,-0.021449326797240653,0.12282176668922729
2012-03,22.053943972904705,-0.04733523365293257,0.11799260850579585
2012-04,21.779246906824888,-0.04540438392129431,0.11788165486930313
2012-05,20.941467419743475,-0.013263548726207275,0.11088943740564594
2012-06,20.547504086856087,0.027427690633783586,0.10669827465301562
2012-07,20.99934129338056,0.025540896321463835,0.10385926245499966
2012-08,21.410428453442936,-0.006370016744451257,0.10773537236902442
2012-09,21.78369030172768,-0.03388480137451333,0.09638058344793432
2012-10,21.577109654528783,-0.030121990235217222,0.09269382745681232
2012-11,20.8981620595737,0.019920975826634324,0.10108790636910037
2012-12,21.238261139845612,0.040856646675431874,0.09877182870521883
2013-01,21.900475413821805,0.02155498513915144,0.0951355801015421
2013-02,22.05272433686195,0.02547096825386319,0.09628668508926652
2013-03,22.419207114602575,0.012812493954849957,0.09040935916596937
2013-04,22.5956553961056,0.030604189214999744,0.09244460223940565
2013-05,23.411841781842412,-0.012848814518489515,0.08828702183228887
2013-06,22.925333173915334,0.030832051495888857,0.09468710620730691
2013-07,23.49246017715964,0.000844979265047785,0.0951770713720006
2013-08,23.356649094916094,0.010226993754827607,0.09345691356322638
2013-09,23.442287167960604,0.01947640131107109,0.09096992707826779
2013-10,23.83473788763143,0.03692377458532703,0.08509493733957951
2013-11,24.642077092412052,0.013590948338697117,0.08586409687394769
2013-12,24.86186929646194,0.005122304705218461,0.08980865249517822
2014-01,24.859609093632702,-0.00291929146820602,0.09169955005970798
2014-02,24.59093087789413,0.025580064280368076,0.09606858400885598
2014-03,24.95603915396538,0.0003970979651413131,0.09666015075485523
2014-04,24.786315396962635,0.013683713645092466,0.09526137463984075
2014-05,24.943274109902575,0.007752266148790543,0.09651802864250314
2014-06,25.558007623511287,-0.021914754839272854,0.0970597897578096
2014-07,25.81754597615873,-0.0348081698849525,0.09784014281072628
2014-08,25.617606421799394,-0.029115027555020823,0.09696564277650666
2014-09,25.9184368926062,-0.04455582145562731,0.09788462955926414
2014-10,25.162748283083253,-0.016956851652067062,0.10384932199804964
2014-11,26.60681714714342,-0.06854742072905295,0.09989892401571487
2014-12,26.794085482572555,-0.07294562058541476,0.10014421879394297
2015-01,26.492295420383122,-0.06102022502933668,0.09967280314830007
2015-02,26.995513699383242,-0.08538084718086625,0.09779327195932774
2015-03,26.728605452928477,-0.08440905965894052,0.09162992059446107
2015-04,26.79137168019233,-0.0909082229838748,0.08449575135376497
2015-05,26.80611137965083,-0.09826036724528153,0.09247998913262379
2015-06,26.49589529278484,-0.09282662233421768,0.0971344372296854
2015-07,26.381136336399695,-0.0905956621811339,0.1019314338371975
2015-08,25.6936584170577,-0.066401290278302,0.10623328742478089
2015-09,24.496752170486438,-0.02056665003780067,0.11399871445049636
2015-10,25.49144104606675,-0.05945743057373276,0.11174573415757694
2015-11,26.225851890971935,-0.08468629543116946,0.1088676888789637
2015-12,25.965424037124173,-0.07285986913849507,0.11168016207620357
2016-01,24.20616720387848,-0.007390805795892796,0.1201954155590319
2016-02,24.00260677728976,0.061714327721825946,0.11991378138150455
2016-03,25.372298620187912,0.021563342318059453,0.10853023829419817
2016-04,25.922337543673883,-0.004813205238154761,0.11005818639327503
2016-05,25.69470992344997,0.00887899106775425,0.11731063160812738
2016-06,25.840372927670508,0.028374818248564138,0.1175475721024346
2016-07,26.6940032560963,-0.0027362836800224333,0.11422513148278557
2016-08,26.948872433723867,-0.01286533545222135,0.11601960127984667
2016-09,26.727873346478532,-0.006798937752874656,0.11599244554018528
2016-10,26.525143085070596,0.010251887523214709,0.11738219894853574
2016-11,26.850953531056266,0.037709181104762735,
2016-12,27.86509822392353,0.012681215865540718,
2017-01,28.06357374212447,0.02408224621118893,
2017-02,28.655106525184138,0.012618513161452682,
2017-03,29.086921742464654,-0.003173033859778185,
2017-04,28.904245956275155,0.01527565262725128,
2017-05,29.313344980271427,0.016131254305216336,
2017-06,29.74850324063276,0.00826215391188967,
2017-07,30.002220744018565,0.0008638604783830495,
2017-08,29.914959397497494,0.014909087948148159,
2017-09,30.16811441067891,0.025737712809486224,
2017-10,30.92039329033384,0.004032068830660984,
2017-11,31.298913333880268,-0.010140306368343843,
2017-12,32.086132007706006,-0.03641802472657396,
2018-01,33.30734382803067,-0.07975123664778849,
2018-02,32.03538233925029,-0.050958168832897055,
2018-03,31.808409057643125,-0.050118952038094244,
2018-04,30.970179293325234,-0.03252902627721277,
2018-05,31.24361507486461,-0.04966888642934075,
2018-06,31.63055649645461,-0.06790712872365534,
2018-07,31.886366962159,-0.08101616528972955,
2018-08,32.39027688030113,-0.10165440790532654,
2018-09,32.622891120500206,-0.11517835602274684,
2018-10,31.037961078006507,-0.07831740538367093,
2018-11,30.19558340670525,-0.05725553845984366,
2018-12,28.291857012072878,0.015611671360295398,
2019-01,28.380164463547587,0.0172600325857033,
2019-02,29.54154896513122,-0.037194762578266594,
2019-03,29.57619601478483,-0.05406114295977982,
2019-04,30.133517171387528,-0.08657840196858035,
2019-05,29.24203093693986,-0.07087107399223158,
2019-06,29.283796275306276,-0.08227071889763005,
2019-07,29.986685335042534,-0.11472195040544941,
2019-08,28.705397371833083,-0.08459178576627846,
2019-09,29.229520233035288,-0.1105785088494241,
2019-10,28.841122881953414,-0.10924154497338978,
2019-11,29.836867659083442,-0.1457406704896601,
2019-12,30.331822322243305,-0.16506050713657927,
2020-01,30.9852203002307,-0.19090009009529374,
2020-02,30.729689264735757,-0.19068070194658615,
2020-03,24.81716862909943,0.04131423037262105,
2020-04,25.92735882528017,0.05707500912045682,
2020-05,27.328480997698456,0.06338024331663905,
2020-06,28.838315955122845,0.033162456330321,
2020-07,29.599194927667007,0.04922578750235118,
2020-08,31.15820896535523,-0.007722751453789867,
2020-09,30.839426043811255,0.015802832740796857,
2020-10,31.28369403259285,0.03811129505182942,
2020-11,32.47320409661257,0.04122789777662206,
2020-12,33.7655914181171,0.008318910289245585,
2021-01,34.5124322941069,-0.01784448022330809,
2021-02,35.10390717196983,-0.040526304726406615,
2021-03,35.04254511219207,-0.04716965063963219,
2021-04,36.719814109133004,-0.10024331711602541,
2021-05,36.55213398979908,-0.1060015597058025,
2021-06,36.69625801308837,-0.12090122851031804,
2021-07,37.443383184615406,-0.14612829158044438,
2021-08,37.97350061407049,-0.16347590385573274,
2021-09,37.6203466866512,-0.16184576934781447,
2021-10,37.25302500032531,-0.16469500618362354,
2021-11,38.582627497719216,-0.20168367900789208,
2021-12,38.30484987346743,-0.20294500508161828,
2022-01,36.936758070297444,-0.18535171513128323,
2022-02,35.28714922569486,-0.1600389293242579,
2022-03,34.27079869329173,-0.15148578645986088,
2022-04,33.889164755913846,-0.1514917344717932,
2022-05,30.673155079545133,-0.07779233722219003,
2022-06,29.047721395103835,-0.04434421115935128,
2022-07,29.00461831720893,-0.04746712358792882,
2022-08,30.698763365175296,-0.10400517836938994,
2022-09,28.229884655821973,-0.03232537642097355,
2022-10,27.080766925400702,0.05000736768801728,
2022-11,28.378949016273317,-0.0013037993486105792,
2022-12,28.316901284527297,0.012339173563777894,
2023-01,28.334813423755705,0.0019952829625045077,
2023-02,28.91976294386665,-0.027238772987478344,
2023-03,27.938131253997902,0.0385299129887271,
2023-04,28.764841267615378,0.005994421692241625,
2023-05,28.76205134313124,0.029720834579005206,
2023-06,29.9400316459875,-0.017483412942819743,
2023-07,30.89165981365994,-0.05294378741196604,
2023-08,30.304748245365207,-0.0421679742185892,
2023-09,29.799681861350244,-0.031683166479536284,
2023-10,28.76905495498398,0.044657887207650626,
